"ID","Registry name","Tags"
0,"still_life:alpine_heathlands","galosphere:has_structure/forgotten_ruins, friendsandfoes:has_rascal, betterdungeons:has_structure/skeleton_dungeon, elemental_wizards_rpg:has_structure/earth_wizard, minecraft:has_structure/mineshaft, farmersdelight:wild_carrots_whitelist, still_life:is_still_life, loot_n_explore:has_structure/wizards_earth_tower, betterdungeons:has_structure/zombie_dungeon, naturalist:has_snail, betterdungeons:has_structure/small_dungeon, naturalist:has_bear, loot_n_explore:has_structure/wizards_wind_monolith, farmersdelight:wild_potatoes_whitelist, minecraft:has_structure/pillager_outpost, supplementaries:has_wild_flax, explorify:has_structure/ruins, bettermineshafts:has_structure/mineshaft, structory:has_structure/ruins, herbalbrews:mountain_biomes, minecraft:has_structure/stronghold, c:mountain, c:in_overworld, naturalist:has_robin, ae2:has_meteorites, minecraft:is_hill, meadow:spawns_rocky_sheep, structory_towers:has_structure/towers, minecraft:is_mountain, farmersdelight:wild_onions_whitelist, supplementaries:has_way_signs, naturalist:has_bluejay, vinery:spawns_grape, minecraft:has_structure/ruined_portal_mountain, betterstrongholds:has_structure/better_stronghold, minecraft:stronghold_biased_to, betterdungeons:has_structure/spider_dungeon, underground_bunkers:has_structure/underground_bunker_biomes, elemental_wizards_rpg:has_structure/wind_wizard_monolith, vinery:spawns_taiga_grape, naturalist:has_canary, minecraft:is_overworld, structory_towers:shattered_biomes, betterstrongholds:has_structure/stronghold, supplementaries:has_cave_urns"
1,"still_life:alpine_plains","minecraft:has_structure/village_plains, minecraft:is_overworld, naturalist:has_bear, c:in_overworld, c:plains, loot_n_explore:has_structure/wizards_plains_structures, minecraft:has_structure/mineshaft, still_life:is_still_life, farmersdelight:wild_potatoes_whitelist, wildernature:spawns_bison, untitledduckmod:goose_spawn, underground_bunkers:has_structure/underground_bunker_biomes, structory_towers:has_structure/towers, bettermineshafts:has_structure/mineshaft, herbalbrews:mountain_biomes, c:mountain, friendsandfoes:has_rascal, naturalist:has_firefly, structory:has_structure/northern_ruin, naturalist:has_snake, explorify:has_structure/ruins, supplementaries:has_cave_urns, explorify:has_structure/farmstead, structory:has_structure/ruins, betterdungeons:has_structure/skeleton_dungeon, naturalist:has_robin, vinery:spawns_taiga_grape, minecraft:has_structure/pillager_outpost, supplementaries:has_wild_flax, naturalist:has_canary, minecraft:has_structure/ruined_portal_mountain, t_and_t:has_structure/village_plains, betterdungeons:has_structure/spider_dungeon, meadow:spawns_rocky_sheep, explorify:has_structure/tavern, minecraft:has_structure/stronghold, farmersdelight:wild_onions_whitelist, supplementaries:has_way_signs, naturalist:has_sparrow, ae2:has_meteorites, betterstrongholds:has_structure/better_stronghold, betterstrongholds:has_structure/stronghold, bettermineshafts:has_structure/better_mineshaft_oak, naturalist:has_butterfly, betterdungeons:has_structure/small_dungeon, betterdungeons:has_structure/zombie_dungeon, farmersdelight:wild_carrots_whitelist, naturalist:has_snail, explorify:has_structure/watchtower_plains, minecraft:stronghold_biased_to, minecraft:is_mountain, galosphere:has_structure/forgotten_ruins, naturalist:has_deer, vinery:spawns_grape"
2,"still_life:alpine_tundra","minecraft:has_structure/ruined_portal_mountain, minecraft:has_structure/village_snowy, betterstrongholds:has_structure/stronghold, minecraft:has_structure/pillager_outpost, minecraft:is_cold, underground_bunkers:has_structure/underground_bunker_biomes, bettermineshafts:has_structure/mineshaft, betterstrongholds:has_structure/better_stronghold, naturalist:has_bear, meadow:spawns_rocky_sheep, minecraft:spawns_cold_variant_frogs, supplementaries:has_cave_urns, supplementaries:has_way_signs, supplementaries:has_wild_flax, c:in_overworld, vinery:spawns_grape, naturalist:has_robin, betterdungeons:has_structure/skeleton_dungeon, c:climate_cold, minecraft:has_structure/mineshaft, betterdungeons:has_structure/zombie_dungeon, betterdungeons:has_structure/small_dungeon, endermanoverhaul:cave_spawns, t_and_t:has_structure/village_snowy, naturalist:has_canary, endermanoverhaul:all_spawns, herbalbrews:mountain_biomes, farmersdelight:wild_carrots_whitelist, galosphere:has_structure/forgotten_ruins, explorify:has_structure/ruins, c:mountain, friendsandfoes:has_rascal, ae2:has_meteorites, structory:has_structure/ruins, towns_and_towers:has_structure/village_snowy_slopes_inn, minecraft:stronghold_biased_to, vinery:spawns_taiga_grape, endermanoverhaul:snowy_spawns, structory_towers:has_structure/towers, minecraft:is_overworld, ecologics:has_penguin, farmersdelight:wild_onions_whitelist, farmersdelight:wild_potatoes_whitelist, betterdungeons:has_structure/spider_dungeon, still_life:is_still_life, minecraft:has_structure/stronghold, naturalist:has_snail, minecraft:is_mountain, creeperoverhaul:has_snowy_creeper, minecraft:spawns_snow_foxes"
3,"betterend:amber_land","endermanoverhaul:end_islands_spawns, minecraft:spawns_cold_variant_frogs, explorify:has_structure/end_shipwreck, minecraft:has_structure/end_city, minecraft:spawns_cold_variant_farm_animals, c:in_the_end, minecraft:is_end, c:is_end_highland, endermanoverhaul:end_spawns"
4,"still_life:arctic_beach","galosphere:has_structure/forgotten_ruins, herbalbrews:savanna_biomes, betterdungeons:has_structure/skeleton_dungeon, minecraft:spawns_snow_foxes, farmersdelight:has_wild_cabbage, minecraft:has_structure/mineshaft, farmersdelight:wild_carrots_whitelist, still_life:is_still_life, betterdungeons:has_structure/zombie_dungeon, minecraft:has_structure/shipwreck_beached, minecraft:has_structure/ruined_portal_standard, minecraft:spawns_white_rabbits, betterdungeons:has_structure/small_dungeon, minecraft:has_structure/buried_treasure, minecraft:spawns_cold_variant_frogs, farmersdelight:wild_potatoes_whitelist, supplementaries:has_wild_flax, explorify:has_structure/ruins, bettermineshafts:has_structure/mineshaft, structory:has_structure/ruins, minecraft:has_structure/stronghold, c:in_overworld, minecraft:spawns_cold_variant_farm_animals, minecraft:is_cold, ctov:has_structure/village_beach, ae2:has_meteorites, c:climate_cold, structory_towers:has_structure/towers, c:beach, ecologics:has_penguin, naturalist:has_coral_snake, wildernature:spawns_pelican, supplementaries:has_way_signs, farmersdelight:wild_onions_whitelist, farmersdelight:has_wild_beetroots, c:snowy_beach, minecraft:is_beach, hybrid-aquatic:bottle_spawn_biomes, minecraft:stronghold_biased_to, betterdungeons:has_structure/spider_dungeon, creeperoverhaul:has_snowy_creeper, minecraft:is_overworld, betterstrongholds:has_structure/stronghold, supplementaries:has_cave_urns, friendsandfoes:has_rascal"
5,"still_life:arctic_deep_ocean","creeperoverhaul:has_snowy_creeper, betterdungeons:has_structure/skeleton_dungeon, minecraft:has_structure/ruined_portal_ocean, minecraft:spawns_white_rabbits, hybrid-aquatic:bottle_spawn_biomes, c:climate_wet, supplementaries:has_cave_urns, minecraft:is_deep_ocean, supplementaries:has_way_signs, still_life:is_still_life, minecraft:spawns_cold_variant_frogs, c:is_water, minecraft:is_overworld, minecraft:has_structure/mineshaft, betterstrongholds:has_structure/stronghold, betterdungeons:has_structure/zombie_dungeon, minecraft:has_structure/ocean_monument, minecraft:is_ocean, c:aquatic, hybrid-aquatic:arctic_oceans, minecraft:is_cold, supplementaries:has_wild_flax, farmersdelight:wild_onions_whitelist, friendsandfoes:has_rascal, betteroceanmonuments:has_structure/better_ocean_monument, structory:has_structure/ruins, minecraft:has_structure/stronghold, c:ocean, hybrid-aquatic:deep_arctic_oceans, bettermineshafts:has_structure/mineshaft, minecraft:required_ocean_monument_surrounding, elemental_wizards_rpg:has_structure/wind_wizard, minecraft:spawns_cold_variant_farm_animals, ecologics:has_penguin, explorify:has_structure/ruins, c:in_overworld, minecraft:plays_underwater_music, farmersdelight:wild_potatoes_whitelist, betterdungeons:has_structure/spider_dungeon, c:climate_cold, galosphere:has_structure/forgotten_ruins, loot_n_explore:has_structure/wizards_water_monolith, structory_towers:has_structure/towers, betterdungeons:has_structure/small_dungeon, betteroceanmonuments:has_structure/ocean_monument, minecraft:spawns_snow_foxes, loot_n_explore:has_structure/wizards_wind_tower, ae2:has_meteorites, farmersdelight:wild_carrots_whitelist, minecraft:water_on_map_outlines, minecraft:has_structure/shipwreck, elemental_wizards_rpg:has_structure/water_wizard"
6,"still_life:arctic_desert","minecraft:spawns_cold_variant_frogs, friendsandfoes:has_rascal, betterdungeons:has_structure/small_dungeon, minecraft:has_structure/mineshaft, betterdungeons:has_structure/zombie_dungeon, galosphere:has_structure/forgotten_ruins, c:climate_cold, betterdungeons:has_structure/spider_dungeon, farmersdelight:wild_carrots_whitelist, minecraft:spawns_snow_foxes, ae2:has_meteorites, farmersdelight:wild_onions_whitelist, bettermineshafts:has_structure/mineshaft, minecraft:stronghold_biased_to, minecraft:is_cold, creeperoverhaul:has_snowy_creeper, minecraft:spawns_white_rabbits, farmersdelight:wild_potatoes_whitelist, supplementaries:has_way_signs, still_life:is_still_life, minecraft:is_overworld, supplementaries:has_wild_flax, betterdungeons:has_structure/skeleton_dungeon, ecologics:has_penguin, structory_towers:has_structure/towers, explorify:has_structure/ruins, supplementaries:has_cave_urns, c:in_overworld, structory:has_structure/ruins, minecraft:has_structure/stronghold, betterstrongholds:has_structure/stronghold, minecraft:spawns_cold_variant_farm_animals"
7,"still_life:arctic_desert_basin","minecraft:spawns_cold_variant_frogs, friendsandfoes:has_rascal, betterdungeons:has_structure/small_dungeon, minecraft:has_structure/mineshaft, betterdungeons:has_structure/zombie_dungeon, galosphere:has_structure/forgotten_ruins, c:climate_cold, betterdungeons:has_structure/spider_dungeon, farmersdelight:wild_carrots_whitelist, minecraft:spawns_snow_foxes, ae2:has_meteorites, farmersdelight:wild_onions_whitelist, bettermineshafts:has_structure/mineshaft, minecraft:stronghold_biased_to, minecraft:is_cold, creeperoverhaul:has_snowy_creeper, minecraft:spawns_white_rabbits, farmersdelight:wild_potatoes_whitelist, supplementaries:has_way_signs, still_life:is_still_life, minecraft:is_overworld, supplementaries:has_wild_flax, betterdungeons:has_structure/skeleton_dungeon, ecologics:has_penguin, structory_towers:has_structure/towers, explorify:has_structure/ruins, supplementaries:has_cave_urns, c:in_overworld, structory:has_structure/ruins, minecraft:has_structure/stronghold, betterstrongholds:has_structure/stronghold, minecraft:spawns_cold_variant_farm_animals"
8,"still_life:arctic_glacier","minecraft:spawns_cold_variant_frogs, friendsandfoes:has_rascal, betterdungeons:has_structure/small_dungeon, minecraft:has_structure/mineshaft, betterdungeons:has_structure/zombie_dungeon, galosphere:has_structure/forgotten_ruins, c:climate_cold, betterdungeons:has_structure/spider_dungeon, farmersdelight:wild_carrots_whitelist, minecraft:spawns_snow_foxes, ae2:has_meteorites, farmersdelight:wild_onions_whitelist, bettermineshafts:has_structure/mineshaft, minecraft:stronghold_biased_to, minecraft:is_cold, creeperoverhaul:has_snowy_creeper, minecraft:spawns_white_rabbits, farmersdelight:wild_potatoes_whitelist, supplementaries:has_way_signs, still_life:is_still_life, minecraft:is_overworld, supplementaries:has_wild_flax, betterdungeons:has_structure/skeleton_dungeon, ecologics:has_penguin, structory_towers:has_structure/towers, explorify:has_structure/ruins, supplementaries:has_cave_urns, c:in_overworld, structory:has_structure/ruins, minecraft:has_structure/stronghold, betterstrongholds:has_structure/stronghold, minecraft:spawns_cold_variant_farm_animals"
9,"still_life:arctic_river","minecraft:is_overworld, minecraft:more_frequent_drowned_spawns, elemental_wizards_rpg:has_structure/water_wizard_river, c:climate_wet, c:in_overworld, minecraft:water_on_map_outlines, minecraft:spawns_cold_variant_frogs, minecraft:has_structure/mineshaft, still_life:is_still_life, farmersdelight:wild_potatoes_whitelist, minecraft:required_ocean_monument_surrounding, untitledduckmod:goose_spawn, bettermineshafts:has_structure/mineshaft, structory_towers:has_structure/towers, naturalist:has_coral_snake, wildernature:spawns_pelican, untitledduckmod:duck_spawn, minecraft:reduce_water_ambient_spawns, friendsandfoes:has_rascal, elemental_wizards_rpg:has_structure/wind_wizard, explorify:has_structure/ruins, supplementaries:has_cave_urns, c:climate_cold, structory:has_structure/ruins, betterdungeons:has_structure/skeleton_dungeon, supplementaries:has_wild_flax, betterdungeons:has_structure/spider_dungeon, minecraft:has_structure/ruined_portal_standard, ecologics:has_penguin, minecraft:has_structure/stronghold, farmersdelight:wild_onions_whitelist, supplementaries:has_way_signs, minecraft:spawns_snow_foxes, ae2:has_meteorites, naturalist:has_duck, minecraft:is_river, naturalist:has_bass, creeperoverhaul:has_snowy_creeper, c:is_water, betterstrongholds:has_structure/stronghold, c:aquatic, minecraft:is_cold, c:river, minecraft:plays_underwater_music, loot_n_explore:has_structure/wizards_wind_tower, betterdungeons:has_structure/small_dungeon, minecraft:spawns_cold_variant_farm_animals, betterdungeons:has_structure/zombie_dungeon, farmersdelight:wild_carrots_whitelist, naturalist:has_snail, minecraft:stronghold_biased_to, minecraft:spawns_white_rabbits, galosphere:has_structure/forgotten_ruins, vinery:spawns_grape"
10,"still_life:arctic_shallow_ocean","minecraft:is_cold, betterstrongholds:has_structure/stronghold, minecraft:spawns_cold_variant_farm_animals, minecraft:has_structure/ruined_portal_ocean, bettermineshafts:has_structure/mineshaft, c:is_water, minecraft:spawns_cold_variant_frogs, c:climate_wet, supplementaries:has_cave_urns, supplementaries:has_way_signs, supplementaries:has_wild_flax, c:in_overworld, loot_n_explore:has_structure/wizards_wind_tower, betterdungeons:has_structure/skeleton_dungeon, minecraft:polar_bears_spawn_on_alternate_blocks, c:climate_cold, minecraft:has_structure/mineshaft, betterdungeons:has_structure/zombie_dungeon, betterdungeons:has_structure/small_dungeon, minecraft:is_ocean, minecraft:spawns_white_rabbits, hybrid-aquatic:arctic_oceans, minecraft:has_structure/ocean_ruin_cold, hybrid-aquatic:bottle_spawn_biomes, loot_n_explore:has_structure/wizards_water_monolith, farmersdelight:wild_carrots_whitelist, galosphere:has_structure/forgotten_ruins, explorify:has_structure/ruins, friendsandfoes:has_rascal, ae2:has_meteorites, structory:has_structure/ruins, hybrid-aquatic:shallow_arctic_oceans, elemental_wizards_rpg:has_structure/water_wizard, minecraft:water_on_map_outlines, c:aquatic, structory_towers:has_structure/towers, c:ocean, ecologics:has_penguin, farmersdelight:wild_onions_whitelist, elemental_wizards_rpg:has_structure/wind_wizard, betterdungeons:has_structure/spider_dungeon, minecraft:is_overworld, farmersdelight:wild_potatoes_whitelist, minecraft:plays_underwater_music, still_life:is_still_life, minecraft:has_structure/stronghold, minecraft:has_structure/shipwreck, minecraft:required_ocean_monument_surrounding, creeperoverhaul:has_snowy_creeper, minecraft:spawns_snow_foxes"
11,"still_life:arctic_tundra","structory_towers:has_structure/towers, minecraft:spawns_snow_foxes, endermanoverhaul:cave_spawns, betterdungeons:has_structure/zombie_dungeon, minecraft:stronghold_biased_to, betterdungeons:has_structure/skeleton_dungeon, minecraft:has_structure/mineshaft, minecraft:has_structure/stronghold, c:in_overworld, t_and_t:has_structure/pillager_outpost_snowy, explorify:has_structure/ruins, betterdungeons:has_structure/small_dungeon, ecologics:has_penguin, minecraft:has_structure/igloo, minecraft:has_structure/pillager_outpost, betterdungeons:has_structure/spider_dungeon, creeperoverhaul:has_snowy_creeper, farmersdelight:wild_potatoes_whitelist, minecraft:has_structure/village_snowy, minecraft:spawns_white_rabbits, friendsandfoes:has_rascal, minecraft:spawns_cold_variant_frogs, t_and_t:has_structure/village_snowy, structory:has_structure/ruins, endermanoverhaul:snowy_spawns, still_life:is_still_life, minecraft:is_cold, endermanoverhaul:all_spawns, c:climate_cold, betterstrongholds:has_structure/stronghold, ae2:has_meteorites, bettermineshafts:has_structure/mineshaft, galosphere:has_structure/forgotten_ruins"
12,"still_life:arctic_wetlands","farmersdelight:wild_potatoes_whitelist, minecraft:stronghold_biased_to, c:climate_wet, creeperoverhaul:has_snowy_creeper, structory:has_structure/ruins, bettermineshafts:has_structure/mineshaft, betterstrongholds:has_structure/stronghold, supplementaries:has_wild_flax, friendsandfoes:has_rascal, still_life:is_still_life, farmersdelight:wild_carrots_whitelist, minecraft:water_on_map_outlines, minecraft:spawns_cold_variant_farm_animals, minecraft:is_overworld, ecologics:has_penguin, supplementaries:has_cave_urns, t_and_t:has_structure/village_swamp, minecraft:spawns_cold_variant_frogs, betterdungeons:has_structure/zombie_dungeon, betterdungeons:has_structure/small_dungeon, supplementaries:has_way_signs, minecraft:is_cold, minecraft:spawns_snow_foxes, betterdungeons:has_structure/skeleton_dungeon, ae2:has_meteorites, minecraft:allows_surface_slime_spawns, minecraft:is_swamp, minecraft:has_structure/mineshaft, farmersdelight:wild_onions_whitelist, minecraft:spawns_white_rabbits, structory_towers:has_structure/towers, explorify:has_structure/ruins, c:climate_cold, c:in_overworld, betterdungeons:has_structure/spider_dungeon, galosphere:has_structure/forgotten_ruins, minecraft:has_structure/ruined_portal_swamp, minecraft:has_structure/stronghold"
13,"still_life:arid_beach","farmersdelight:wild_onions_whitelist, farmersdelight:has_wild_cabbage, friendsandfoes:has_rascal, betterdungeons:has_structure/skeleton_dungeon, minecraft:has_structure/mineshaft, farmersdelight:wild_potatoes_whitelist, structory_towers:has_structure/towers, towns_and_towers:has_structure/pillager_outpost_beach, minecraft:has_structure/buried_treasure, explorify:has_structure/ruins, wildernature:spawns_pelican, hybrid-aquatic:bottle_spawn_biomes, minecraft:snow_golem_melts, betterdungeons:has_structure/spider_dungeon, minecraft:has_structure/ruined_portal_standard, minecraft:is_overworld, still_life:is_still_life, ctov:has_structure/village_beach, minecraft:is_hot, betterdungeons:has_structure/zombie_dungeon, minecraft:spawns_warm_variant_frogs, minecraft:has_structure/shipwreck_beached, ae2:has_meteorites, supplementaries:has_cave_urns, supplementaries:has_way_signs, minecraft:stronghold_biased_to, bettermineshafts:has_structure/mineshaft, naturalist:has_coral_snake, galosphere:has_structure/forgotten_ruins, betterstrongholds:has_structure/stronghold, betterdungeons:has_structure/small_dungeon, minecraft:has_structure/stronghold, structory:has_structure/ruins, c:beach, herbalbrews:savanna_biomes, farmersdelight:has_wild_beetroots, c:in_overworld, supplementaries:has_wild_flax, minecraft:is_beach, c:climate_hot, farmersdelight:wild_carrots_whitelist"
14,"still_life:arid_desert","c:climate_dry, yungsextras:has_structure/desert_decorations, bettermineshafts:has_structure/better_mineshaft_desert, betterstrongholds:has_structure/stronghold, supplementaries:has_cave_urns, supplementaries:has_way_signs, farmersdelight:wild_onions_whitelist, explorify:has_structure/supply_cache/desert, betterdungeons:has_structure/skeleton_dungeon, t_and_t:has_structure/village_desert, bettermineshafts:has_structure/mineshaft, naturalist:has_snake, still_life:is_still_life, farmersdelight:wild_carrots_whitelist, betterdeserttemples:has_structure/desert_temple, betterdeserttemples:has_structure/better_desert_temple, c:climate_hot, ae2:has_meteorites, endermanoverhaul:desert_spawns, ecologics:has_camel, minecraft:snow_golem_melts, naturalist:has_rattlesnake, galosphere:has_structure/forgotten_ruins, minecraft:has_structure/ruined_portal_desert, minecraft:has_structure/desert_pyramid, structory:has_structure/ruins, minecraft:stronghold_biased_to, c:vegetation_sparse, yungsextras:has_structure/vanilla_desert_well, explorify:has_structure/desert_shrine, minecraft:spawns_warm_variant_frogs, betterdungeons:has_structure/small_dungeon, c:desert, structory_towers:has_structure/towers, endermanoverhaul:cave_spawns, friendsandfoes:has_desert_mauler, minecraft:is_overworld, minecraft:has_structure/pillager_outpost, supplementaries:has_wild_flax, farmersdelight:wild_potatoes_whitelist, farmersdelight:has_wild_beetroots, naturalist:has_lizard, betterstrongholds:has_structure/better_stronghold, endermanoverhaul:all_spawns, minecraft:has_structure/mineshaft, minecraft:has_structure/stronghold, naturalist:has_vulture, betterdungeons:has_structure/zombie_dungeon, minecraft:is_hot, minecraft:has_structure/village_desert, naturalist:has_tortoise, minecraft:spawns_warm_variant_farm_animals, minecraft:spawns_gold_rabbits, friendsandfoes:has_rascal, loot_n_explore:has_structure/wizards_desert_structures, explorify:has_structure/ruins, creeperoverhaul:has_desert_creeper, betterdungeons:has_structure/spider_dungeon, c:in_overworld, naturalist:has_cardinal"
15,"still_life:arid_highlands","bettermineshafts:has_structure/mineshaft, betterstrongholds:has_structure/stronghold, minecraft:is_hot, naturalist:has_bear, minecraft:has_structure/ruined_portal_desert, c:climate_hot, farmersdelight:wild_potatoes_whitelist, betterdungeons:has_structure/spider_dungeon, creeperoverhaul:has_badlands_creeper, endermanoverhaul:badlands_spawns, naturalist:has_canary, naturalist:has_robin, minecraft:has_structure/mineshaft_mesa, still_life:is_still_life, minecraft:spawns_warm_variant_frogs, naturalist:has_vulture, minecraft:spawns_gold_rabbits, galosphere:has_structure/forgotten_ruins, c:badlands, herbalbrews:mountain_biomes, bettermineshafts:has_structure/better_mineshaft_mesa, c:climate_dry, c:in_overworld, loot_n_explore:has_structure/wizards_fire_monolith, minecraft:is_mountain, minecraft:has_structure/ruined_portal_mountain, underground_bunkers:has_structure/underground_bunker_biomes, ae2:has_meteorites, structory:has_structure/ruins, minecraft:has_structure/mineshaft, betterdungeons:has_structure/zombie_dungeon, bettermineshafts:has_structure/better_mineshaft_red_desert, structory_towers:has_structure/towers, minecraft:spawns_warm_variant_farm_animals, farm_and_charm:spawns_wild_tomatoes_and_corn, supplementaries:has_cave_urns, minecraft:has_structure/pillager_outpost, supplementaries:has_way_signs, naturalist:has_snail, naturalist:has_rattlesnake, explorify:has_structure/ruins, friendsandfoes:has_rascal, minecraft:is_badlands, minecraft:stronghold_biased_to, vinery:spawns_taiga_grape, betterdungeons:has_structure/skeleton_dungeon, meadow:spawns_rocky_sheep, friendsandfoes:has_badlands_mauler, supplementaries:has_wild_flax, bettermineshafts:has_structure/mineshaft_mesa, endermanoverhaul:cave_spawns, minecraft:snow_golem_melts, endermanoverhaul:all_spawns, minecraft:is_overworld, minecraft:has_structure/stronghold, farmersdelight:wild_carrots_whitelist, betterstrongholds:has_structure/better_stronghold, ctov:has_structure/village_mesa, betterdungeons:has_structure/small_dungeon, vinery:spawns_grape, farmersdelight:has_wild_beetroots, t_and_t:has_structure/village_badlands, candlelight:spawns_tomatoes, farmersdelight:wild_onions_whitelist, c:mountain"
16,"incendium:ash_barrens","betterdungeons:has_structure/small_nether_dungeon, c:in_nether, incendium:structure/has_castle, incendium:all_incendium_biomes, minecraft:has_structure/nether_fortress, explorify:has_structure/black_spiral, minecraft:spawns_warm_variant_farm_animals, c:climate_dry, c:climate_hot, minecraft:spawns_warm_variant_frogs, minecraft:has_structure/bastion_remnant, minecraft:has_structure/ruined_portal_nether, forge:is_sparse/nether, betterfortresses:has_structure/better_fortress, friendsandfoes:has_structure/citadel, farmersdelight:has_wild_beetroots, minecraft:is_nether, forge:is_hot/nether"
17,"minecraft:badlands","farmersdelight:wild_onions_whitelist, bettermineshafts:has_structure/better_mineshaft_red_desert, explorify:has_structure/badlands_pyramid, c:is_sandy, structory:has_structure/ruins, farmersdelight:wild_carrots_whitelist, naturalist:has_vulture, towns_and_towers:has_structure/pillager_outpost_badlands, towns_and_towers:has_structure/village_badlands_pueblo, minecraft:has_structure/stronghold, bloomingnature:overworld, endermanoverhaul:cave_spawns, betterdungeons:has_structure/skeleton_dungeon, minecraft:has_structure/ruined_portal_mountain, farm_and_charm:spawns_wild_tomatoes_and_corn, minecraft:spawns_warm_variant_farm_animals, waystones:has_structure/waystone, bettermineshafts:has_structure/better_mineshaft_mesa, farmersdelight:wild_potatoes_whitelist, minecraft:is_badlands, explorify:has_structure/ruins, c:is_dry, farmersdelight:has_wild_beetroots, loot_n_explore:has_structure/wizards_fire_monolith, naturalist:has_rattlesnake, betterstrongholds:has_structure/better_stronghold, structory_towers:badlands, friendsandfoes:has_rascal, c:mesa, minecraft:snow_golem_melts, c:climate_hot, sereneseasons:tropical_biomes, supplementaries:has_way_signs, structory_towers:has_structure/towers, moremobvariants:wolf_striped_spawns, candlelight:spawns_tomatoes, c:is_dry/overworld, minecraft:is_overworld, friendsandfoes:has_badlands_mauler, creeperoverhaul:has_badlands_creeper, minecraft:stronghold_biased_to, c:in_overworld, minecraft:has_structure/mineshaft, minecraft:has_structure/trial_chambers, bettermineshafts:has_structure/mineshaft, minecraft:spawns_warm_variant_frogs, c:climate_dry, betterdungeons:has_structure/small_dungeon, endermanoverhaul:all_spawns, ae2:has_meteorites, endermanoverhaul:badlands_spawns, c:badlands, supplementaries:has_wild_flax, betterdungeons:has_structure/spider_dungeon, galosphere:has_structure/forgotten_ruins, minecraft:has_structure/mineshaft_mesa, betterstrongholds:has_structure/stronghold, betterdungeons:has_structure/zombie_dungeon, supplementaries:has_cave_urns"
18,"minecraft:bamboo_jungle","c:vegetation_dense, herbalbrews:jungle_biomes, naturalist:has_coral_snake, naturalist:has_elephant, friendsandfoes:has_rascal, c:in_overworld, betterdungeons:has_structure/spider_dungeon, c:is_hot, farmersdelight:wild_tomatoes_whitelist, crittersandcompanions:silk_cocoon_spawns, galosphere:has_structure/forgotten_ruins, supplementaries:has_way_signs, naturalist:has_hippo, hybrid-aquatic:jungle, farm_and_charm:spawns_wild_strawberries, minecraft:is_overworld, moremobvariants:spawn_mossy_skeletons, betterjungletemples:has_structure/better_jungle_temple, c:climate_hot, minecraft:has_structure/trail_ruins, sereneseasons:tropical_biomes, elemental_wizards_rpg:has_structure/wind_wizard, minecraft:is_jungle, betterdungeons:has_structure/small_dungeon, wildernature:spawns_cassowary, minecraft:has_structure/ruined_portal_jungle, betterstrongholds:has_structure/stronghold, betterstrongholds:has_structure/better_stronghold, minecraft:stronghold_biased_to, betterdungeons:has_structure/skeleton_dungeon, ae2:has_meteorites, bakery:spawns_strawberries, minecraft:has_structure/jungle_temple, minecraft:has_structure/mineshaft, farmersdelight:wild_rice_whitelist, naturalist:has_snail, c:jungle, moremobvariants:wolf_rusty_spawns, waystones:has_structure/mossy_waystone, structory_towers:jungles, explorify:has_structure/ruins, structory:has_structure/jungle_well, betterjungletemples:has_structure/jungle_temple, farmersdelight:wild_carrots_whitelist, naturalist:has_lizard, betterdungeons:has_structure/zombie_dungeon, minecraft:has_structure/stronghold, c:is_wet/overworld, c:is_wet, structory_towers:has_structure/towers, naturalist:has_tortoise, minecraft:spawns_warm_variant_farm_animals, bettermineshafts:has_structure/better_mineshaft_jungle, creeperoverhaul:has_jungle_creeper, bettermineshafts:has_structure/mineshaft, structory:has_structure/ruins, loot_n_explore:has_structure/wizards_wind_tower, farmersdelight:wild_potatoes_whitelist, c:tree_jungle, minecraft:spawns_warm_variant_frogs, vinery:spawns_jungle_grape, c:is_rare, supplementaries:has_cave_urns, c:is_hot/overworld, c:climate_wet, naturalist:has_snake, minecraft:has_structure/trial_chambers, bloomingnature:overworld, farmersdelight:has_wild_beetroots, minecraft:increased_fire_burnout, farmersdelight:wild_onions_whitelist, underground_bunkers:has_structure/underground_bunker_biomes, supplementaries:has_wild_flax"
19,"still_life:barren_arctic_desert","farmersdelight:wild_potatoes_whitelist, supplementaries:has_wild_flax, endermanoverhaul:cave_spawns, minecraft:stronghold_biased_to, friendsandfoes:has_rascal, minecraft:spawns_white_rabbits, endermanoverhaul:all_spawns, ecologics:has_penguin, minecraft:has_structure/stronghold, farmersdelight:wild_onions_whitelist, supplementaries:has_way_signs, minecraft:spawns_snow_foxes, minecraft:is_overworld, structory:has_structure/ruins, minecraft:spawns_cold_variant_farm_animals, minecraft:has_structure/mineshaft, betterdungeons:has_structure/zombie_dungeon, minecraft:has_structure/village_snowy, betterdungeons:has_structure/spider_dungeon, bettermineshafts:has_structure/mineshaft, galosphere:has_structure/forgotten_ruins, structory_towers:has_structure/towers, minecraft:is_cold, ae2:has_meteorites, creeperoverhaul:has_snowy_creeper, explorify:has_structure/ruins, betterstrongholds:has_structure/stronghold, supplementaries:has_cave_urns, c:climate_cold, betterdungeons:has_structure/small_dungeon, betterdungeons:has_structure/skeleton_dungeon, c:in_overworld, endermanoverhaul:snowy_spawns, minecraft:spawns_cold_variant_frogs, still_life:is_still_life, farmersdelight:wild_carrots_whitelist"
20,"still_life:barren_caves","hybrid-aquatic:caves, farmersdelight:wild_potatoes_whitelist, betterdungeons:has_structure/skeleton_dungeon, supplementaries:has_cave_urns, farmersdelight:wild_carrots_whitelist, galosphere:has_structure/forgotten_ruins, c:cave, betterdungeons:has_structure/zombie_dungeon, betterstrongholds:has_structure/stronghold, explorify:has_structure/ruins, betterdungeons:has_structure/small_dungeon, c:in_overworld, minecraft:has_structure/trial_chambers, farmersdelight:wild_onions_whitelist, minecraft:is_overworld, ae2:has_meteorites, creeperoverhaul:has_cave_creeper, betterdungeons:has_structure/spider_dungeon, supplementaries:has_way_signs, still_life:is_still_life, structory_towers:has_structure/towers, friendsandfoes:has_rascal, structory:has_structure/ruins, supplementaries:has_wild_flax, bettermineshafts:has_structure/mineshaft, minecraft:stronghold_biased_to, minecraft:has_structure/mineshaft, minecraft:has_structure/stronghold, still_life:is_caves"
21,"still_life:barren_mediterranean_highlands","farmersdelight:wild_potatoes_whitelist, underground_bunkers:has_structure/underground_bunker_biomes, vinery:spawns_grape, minecraft:stronghold_biased_to, meadow:spawns_rocky_sheep, betterstrongholds:has_structure/better_stronghold, structory:has_structure/ruins, bettermineshafts:has_structure/mineshaft, betterstrongholds:has_structure/stronghold, supplementaries:has_wild_flax, friendsandfoes:has_rascal, still_life:is_still_life, farmersdelight:wild_carrots_whitelist, minecraft:is_overworld, betterdungeons:has_structure/zombie_dungeon, supplementaries:has_cave_urns, betterdungeons:has_structure/small_dungeon, supplementaries:has_way_signs, c:mountain, naturalist:has_snail, betterdungeons:has_structure/skeleton_dungeon, naturalist:has_robin, naturalist:has_bear, minecraft:has_structure/ruined_portal_mountain, minecraft:has_structure/pillager_outpost, vinery:spawns_taiga_grape, ae2:has_meteorites, naturalist:has_canary, minecraft:has_structure/mineshaft, farmersdelight:wild_onions_whitelist, structory_towers:has_structure/towers, explorify:has_structure/ruins, minecraft:is_mountain, c:in_overworld, herbalbrews:mountain_biomes, betterdungeons:has_structure/spider_dungeon, galosphere:has_structure/forgotten_ruins, minecraft:has_structure/stronghold"
22,"still_life:barren_peaks","farmersdelight:wild_potatoes_whitelist, underground_bunkers:has_structure/underground_bunker_biomes, vinery:spawns_grape, minecraft:stronghold_biased_to, meadow:spawns_rocky_sheep, betterstrongholds:has_structure/better_stronghold, structory:has_structure/ruins, bettermineshafts:has_structure/mineshaft, betterstrongholds:has_structure/stronghold, supplementaries:has_wild_flax, friendsandfoes:has_rascal, still_life:is_still_life, farmersdelight:wild_carrots_whitelist, minecraft:is_overworld, betterdungeons:has_structure/zombie_dungeon, supplementaries:has_cave_urns, betterdungeons:has_structure/small_dungeon, supplementaries:has_way_signs, c:mountain, naturalist:has_snail, betterdungeons:has_structure/skeleton_dungeon, naturalist:has_robin, naturalist:has_bear, minecraft:has_structure/ruined_portal_mountain, minecraft:has_structure/pillager_outpost, vinery:spawns_taiga_grape, ae2:has_meteorites, naturalist:has_canary, minecraft:has_structure/mineshaft, farmersdelight:wild_onions_whitelist, structory_towers:has_structure/towers, explorify:has_structure/ruins, minecraft:is_mountain, c:in_overworld, herbalbrews:mountain_biomes, betterdungeons:has_structure/spider_dungeon, galosphere:has_structure/forgotten_ruins, minecraft:has_structure/stronghold"
23,"still_life:barren_tundra","farmersdelight:wild_potatoes_whitelist, supplementaries:has_wild_flax, endermanoverhaul:cave_spawns, minecraft:stronghold_biased_to, friendsandfoes:has_rascal, minecraft:spawns_white_rabbits, endermanoverhaul:all_spawns, ecologics:has_penguin, minecraft:has_structure/stronghold, farmersdelight:wild_onions_whitelist, supplementaries:has_way_signs, minecraft:spawns_snow_foxes, minecraft:is_overworld, structory:has_structure/ruins, minecraft:has_structure/mineshaft, betterdungeons:has_structure/zombie_dungeon, minecraft:has_structure/village_snowy, betterdungeons:has_structure/spider_dungeon, bettermineshafts:has_structure/mineshaft, galosphere:has_structure/forgotten_ruins, structory_towers:has_structure/towers, minecraft:is_cold, ae2:has_meteorites, creeperoverhaul:has_snowy_creeper, explorify:has_structure/ruins, t_and_t:has_structure/village_snowy, betterstrongholds:has_structure/stronghold, supplementaries:has_cave_urns, c:climate_cold, betterdungeons:has_structure/small_dungeon, betterdungeons:has_structure/skeleton_dungeon, c:in_overworld, endermanoverhaul:snowy_spawns, minecraft:spawns_cold_variant_frogs, still_life:is_still_life, farmersdelight:wild_carrots_whitelist"
24,"minecraft:basalt_deltas","minecraft:has_structure/ruined_portal_nether, c:climate_hot, c:is_hot, c:is_dry/nether, supplementaries:has_basalt_ash, farmersdelight:has_wild_beetroots, betterfortresses:has_structure/better_fortress, minecraft:spawns_warm_variant_frogs, friendsandfoes:has_structure/citadel, waystones:has_structure/blackstone_waystone, incendium:structure/has_pipeline, c:in_nether, c:is_hot/nether, loot_n_explore:has_structure/wizards_fire_tower, minecraft:spawns_warm_variant_farm_animals, incendium:structure/has_reactor, minecraft:is_nether, betterdungeons:has_structure/small_nether_dungeon, minecraft:has_structure/nether_fortress, minecraft:snow_golem_melts, c:climate_dry, c:is_dry"
25,"minecraft:beach","supplementaries:has_cave_urns, farmersdelight:wild_onions_whitelist, hybrid-aquatic:sandy_beaches, bettermineshafts:has_structure/mineshaft, naturalist:has_coral_snake, farmersdelight:wild_potatoes_whitelist, c:is_wet, towns_and_towers:has_structure/pillager_outpost_beach, farmersdelight:wild_rice_whitelist, minecraft:has_structure/trial_chambers, friendsandfoes:has_rascal, minecraft:has_structure/mineshaft, wildernature:spawns_pelican, betterdungeons:has_structure/zombie_dungeon, betterdungeons:has_structure/skeleton_dungeon, c:in_overworld, structory_towers:has_structure/towers, structory:has_structure/ruins, farmersdelight:has_wild_beetroots, minecraft:has_structure/ruined_portal_standard, hybrid-aquatic:bottle_spawn_biomes, herbalbrews:savanna_biomes, supplementaries:has_way_signs, betterdungeons:has_structure/small_dungeon, bloomingnature:overworld, betterdungeons:has_structure/spider_dungeon, galosphere:has_structure/forgotten_ruins, minecraft:is_overworld, bloomingnature:beach, farmersdelight:wild_carrots_whitelist, c:is_sandy, supplementaries:has_wild_flax, minecraft:is_beach, wildernature:spawns_flamingo, structory_towers:beaches, minecraft:has_structure/stronghold, towns_and_towers:has_structure/village_beach_lighthouse, betterstrongholds:has_structure/stronghold, farmersdelight:has_wild_cabbage, minecraft:has_structure/shipwreck_beached, ctov:has_structure/village_beach, minecraft:has_structure/buried_treasure, waystones:has_structure/waystone, friendsandfoes:has_crab, c:is_wet/overworld, ae2:has_meteorites, c:beach, explorify:has_structure/ruins"
26,"minecraft:birch_forest","waystones:has_structure/waystone, naturalist:has_snail, moremobvariants:wolf_woods_spawns, naturalist:has_bear, c:forest, minecraft:is_forest, bloomingnature:overworld, farm_and_charm:spawns_wild_flowers, explorify:has_structure/ruins, ecologics:has_squirrel, minecraft:has_structure/trial_chambers, c:in_overworld, meadow:spawns_buffalo, naturalist:has_firefly, c:tree_deciduous, minecraft:has_structure/stronghold, wildernature:spawns_turkey, wildernature:spawns_hedgehog, farm_and_charm:spawns_wild_strawberries, underground_bunkers:has_structure/underground_bunker_biomes, farm_and_charm:spawns_wild_potatoes, farmersdelight:wild_potatoes_whitelist, naturalist:has_boar, farm_and_charm:spawns_wild_emmer, wildernature:spawns_deer, structory:has_structure/ruins, bettermineshafts:has_structure/mineshaft, betterstrongholds:has_structure/stronghold, minecraft:has_structure/ruined_portal_standard, towns_and_towers:has_structure/pillager_outpost_birch_forest, naturalist:has_snake, bakery:spawns_strawberries, candlelight:spawns_rose, betterdungeons:has_structure/zombie_dungeon, supplementaries:has_cave_urns, betterdungeons:has_structure/small_dungeon, meadow:spawns_umbra_cow, supplementaries:has_way_signs, hybrid-birds:rooster_spawn_biomes, c:climate_temperate, betterdungeons:has_structure/skeleton_dungeon, explorify:has_structure/supply_cache/birch, ae2:has_meteorites, naturalist:has_robin, farm_and_charm:spawns_wild_crops, minecraft:has_structure/pillager_outpost, wildernature:spawns_owl, structory_towers:birch_biomes, crittersandcompanions:silk_cocoon_spawns, minecraft:has_structure/trail_ruins, towns_and_towers:has_structure/village_birch_forest_romanian, minecraft:has_structure/mineshaft, naturalist:has_finch, structory_towers:has_structure/towers, farmersdelight:wild_onions_whitelist, c:birch_forest, betterdungeons:has_structure/spider_dungeon, galosphere:has_structure/forgotten_ruins, naturalist:has_cardinal, wildernature:spawns_boar, vinery:spawns_grape, minecraft:stronghold_biased_to, bettermineshafts:has_structure/better_mineshaft_overgrown, betterstrongholds:has_structure/better_stronghold, structory:has_structure/chapel, naturalist:has_butterfly, friendsandfoes:has_rascal, supplementaries:has_wild_flax, structory:has_structure/outcast_villager_grassy, naturalist:has_deer, explorify:has_structure/mausoleum, naturalist:has_lizard, bloomingnature:birch, farmersdelight:wild_carrots_whitelist, minecraft:is_overworld, wildernature:spawns_patch_hazelnut_bush"
27,"still_life:birch_forest","meadow:spawns_umbra_cow, bettermineshafts:has_structure/better_mineshaft_overgrown, minecraft:is_overworld, supplementaries:has_cave_urns, vinery:spawns_grape, ecologics:has_squirrel, naturalist:has_butterfly, supplementaries:has_wild_flax, minecraft:has_structure/mineshaft, minecraft:has_structure/stronghold, naturalist:has_firefly, bakery:spawns_strawberries, structory:has_structure/ruins, friendsandfoes:has_rascal, naturalist:has_snail, minecraft:has_structure/ruined_portal_standard, farm_and_charm:spawns_wild_strawberries, farm_and_charm:spawns_wild_flowers, meadow:spawns_buffalo, minecraft:has_structure/trail_ruins, farm_and_charm:spawns_wild_potatoes, betterdungeons:has_structure/skeleton_dungeon, towns_and_towers:has_structure/village_birch_forest_romanian, underground_bunkers:has_structure/underground_bunker_biomes, bettermineshafts:has_structure/mineshaft, supplementaries:has_way_signs, naturalist:has_bear, explorify:has_structure/ruins, naturalist:has_finch, naturalist:has_lizard, naturalist:has_robin, betterdungeons:has_structure/zombie_dungeon, minecraft:stronghold_biased_to, minecraft:has_structure/pillager_outpost, explorify:has_structure/mausoleum, farmersdelight:wild_onions_whitelist, crittersandcompanions:silk_cocoon_spawns, wildernature:spawns_owl, farmersdelight:wild_carrots_whitelist, naturalist:has_snake, naturalist:has_cardinal, c:in_overworld, betterdungeons:has_structure/spider_dungeon, still_life:is_still_life, betterdungeons:has_structure/small_dungeon, wildernature:spawns_deer, galosphere:has_structure/forgotten_ruins, wildernature:spawns_hedgehog, betterstrongholds:has_structure/stronghold, farm_and_charm:spawns_wild_crops, structory_towers:has_structure/towers, farm_and_charm:spawns_wild_emmer, wildernature:spawns_boar, c:forest, wildernature:spawns_turkey, minecraft:is_forest, betterstrongholds:has_structure/better_stronghold, ae2:has_meteorites, farmersdelight:wild_potatoes_whitelist, towns_and_towers:has_structure/pillager_outpost_birch_forest, naturalist:has_boar, naturalist:has_deer"
28,"betterend:blossoming_spires","endermanoverhaul:end_spawns, minecraft:spawns_cold_variant_farm_animals, c:in_the_end, minecraft:is_end, minecraft:spawns_cold_variant_frogs, endermanoverhaul:end_islands_spawns, c:is_end_highland"
29,"still_life:bog","endermanoverhaul:cave_spawns, still_life:is_still_life, farmersdelight:wild_carrots_whitelist, naturalist:has_alligator, structory_towers:has_structure/towers, explorify:has_structure/ruins, meadow:spawns_water_buffalo, naturalist:has_catfish, naturalist:has_bass, minecraft:spawns_cold_variant_frogs, naturalist:has_firefly, minecraft:has_structure/ruined_portal_swamp, betterwitchhuts:has_structure/witch_circle, farmersdelight:wild_potatoes_whitelist, minecraft:has_structure/swamp_hut, c:climate_wet, c:swamp, endermanoverhaul:all_spawns, yungsextras:has_structure/swamp_structures, betterstrongholds:has_structure/stronghold, supplementaries:has_wild_flax, minecraft:is_swamp, naturalist:has_lizard, naturalist:has_snake, minecraft:water_on_map_outlines, minecraft:spawns_cold_variant_farm_animals, naturalist:has_dragonfly, c:in_overworld, betterwitchhuts:has_structure/better_witch_hut, t_and_t:has_structure/village_swamp, supplementaries:has_way_signs, betterdungeons:has_structure/skeleton_dungeon, naturalist:has_tortoise, minecraft:allows_surface_slime_spawns, bettermineshafts:has_structure/mineshaft, friendsandfoes:has_rascal, ribbits:has_structure/ribbit_village, minecraft:has_structure/mineshaft, farmersdelight:wild_onions_whitelist, minecraft:is_overworld, betterdungeons:has_structure/zombie_dungeon, supplementaries:has_cave_urns, betterdungeons:has_structure/spider_dungeon, galosphere:has_structure/forgotten_ruins, naturalist:has_cardinal, minecraft:has_structure/stronghold, betterdungeons:has_structure/small_dungeon, minecraft:has_closer_water_fog, minecraft:stronghold_biased_to, naturalist:has_snail, untitledduckmod:duck_spawn, ae2:has_meteorites, naturalist:has_duck, endermanoverhaul:swamp_spawns, naturalist:has_butterfly, structory:has_structure/ruins, betterwitchhuts:has_structure/witch_hut"
30,"betternether:bone_reef","betterdungeons:has_structure/small_nether_dungeon, minecraft:is_nether, minecraft:has_structure/ruined_portal_nether, betterfortresses:has_structure/better_fortress, betternether:has_structure/ghast_hive, c:climate_hot, minecraft:has_structure/nether_fortress, betternether:has_structure/nether_city, betternether:has_structure/pyramid, betternether:biome, friendsandfoes:has_structure/citadel, c:in_nether, farmersdelight:has_wild_beetroots, betternether:has_structure/nether_decorations, minecraft:spawns_warm_variant_farm_animals, minecraft:spawns_warm_variant_frogs, c:climate_dry"
31,"still_life:boreal_alpine_tundra","minecraft:has_structure/mineshaft, minecraft:has_structure/stronghold, vinery:spawns_grape, naturalist:has_canary, farmersdelight:wild_onions_whitelist, betterdungeons:has_structure/small_dungeon, vinery:spawns_taiga_grape, herbalbrews:mountain_biomes, minecraft:has_structure/pillager_outpost, betterdungeons:has_structure/zombie_dungeon, minecraft:has_structure/ruined_portal_mountain, still_life:is_still_life, creeperoverhaul:has_snowy_creeper, minecraft:is_mountain, naturalist:has_bear, c:in_overworld, ae2:has_meteorites, farmersdelight:wild_carrots_whitelist, naturalist:has_robin, minecraft:spawns_cold_variant_frogs, meadow:spawns_rocky_sheep, betterdungeons:has_structure/skeleton_dungeon, structory:has_structure/ruins, supplementaries:has_cave_urns, naturalist:has_snail, minecraft:is_cold, minecraft:is_overworld, betterstrongholds:has_structure/better_stronghold, betterstrongholds:has_structure/stronghold, ecologics:has_penguin, betterdungeons:has_structure/spider_dungeon, c:climate_cold, farmersdelight:wild_potatoes_whitelist, underground_bunkers:has_structure/underground_bunker_biomes, minecraft:spawns_cold_variant_farm_animals, explorify:has_structure/ruins, bettermineshafts:has_structure/mineshaft, galosphere:has_structure/forgotten_ruins, structory_towers:has_structure/towers, c:mountain, friendsandfoes:has_rascal, supplementaries:has_wild_flax, supplementaries:has_way_signs, minecraft:stronghold_biased_to"
32,"still_life:boreal_river","creeperoverhaul:has_snowy_creeper, minecraft:reduce_water_ambient_spawns, still_life:is_still_life, minecraft:is_cold, c:aquatic, c:climate_wet, minecraft:spawns_cold_variant_farm_animals, farmersdelight:wild_onions_whitelist, friendsandfoes:has_rascal, farmersdelight:wild_potatoes_whitelist, naturalist:has_snail, structory:has_structure/ruins, ecologics:has_penguin, structory_towers:has_structure/towers, c:climate_cold, betterdungeons:has_structure/small_dungeon, elemental_wizards_rpg:has_structure/water_wizard_river, minecraft:has_structure/mineshaft, minecraft:water_on_map_outlines, betterdungeons:has_structure/skeleton_dungeon, untitledduckmod:duck_spawn, untitledduckmod:goose_spawn, minecraft:required_ocean_monument_surrounding, farmersdelight:wild_carrots_whitelist, betterstrongholds:has_structure/stronghold, loot_n_explore:has_structure/wizards_wind_tower, naturalist:has_duck, minecraft:is_river, bettermineshafts:has_structure/mineshaft, naturalist:has_coral_snake, minecraft:has_structure/ruined_portal_standard, minecraft:has_structure/stronghold, c:is_water, minecraft:plays_underwater_music, minecraft:stronghold_biased_to, minecraft:more_frequent_drowned_spawns, supplementaries:has_wild_flax, hybrid-aquatic:rivers, galosphere:has_structure/forgotten_ruins, betterdungeons:has_structure/zombie_dungeon, elemental_wizards_rpg:has_structure/wind_wizard, vinery:spawns_grape, minecraft:is_overworld, c:in_overworld, c:river, supplementaries:has_way_signs, wildernature:spawns_pelican, minecraft:spawns_cold_variant_frogs, naturalist:has_bass, explorify:has_structure/ruins, betterdungeons:has_structure/spider_dungeon, ae2:has_meteorites, supplementaries:has_cave_urns"
33,"minecraft:cherry_grove","wildernature:spawns_minisheep, minecraft:is_overworld, waystones:has_structure/waystone, friendsandfoes:has_moobloom/any, naturalist:has_bear, c:in_overworld, bloomingnature:cherry_grove, minecraft:has_structure/mineshaft, farmersdelight:wild_potatoes_whitelist, towns_and_towers:has_structure/village_flower_forest_japanese, hybrid-aquatic:cherry, underground_bunkers:has_structure/underground_bunker_biomes, structory_towers:has_structure/towers, bettermineshafts:has_structure/mineshaft, endermanoverhaul:all_spawns, herbalbrews:mountain_biomes, c:mountain, friendsandfoes:has_rascal, friendsandfoes:has_moobloom/buttercup, endermanoverhaul:flower_fields_spawns, explorify:has_structure/ruins, supplementaries:has_cave_urns, structory:has_structure/ruins, betterdungeons:has_structure/skeleton_dungeon, endermanoverhaul:cave_spawns, naturalist:has_robin, letsdoaddon-structures:has_structure/vinery, minecraft:has_structure/pillager_outpost, supplementaries:has_wild_flax, naturalist:has_canary, minecraft:has_structure/ruined_portal_mountain, vinery:spawns_taiga_grape, betterdungeons:has_structure/spider_dungeon, meadow:spawns_rocky_sheep, minecraft:has_structure/stronghold, farmersdelight:wild_onions_whitelist, supplementaries:has_way_signs, towns_and_towers:has_structure/pillager_outpost_flower_forest, minecraft:has_structure/trial_chambers, naturalist:has_sparrow, ae2:has_meteorites, betterstrongholds:has_structure/better_stronghold, betterstrongholds:has_structure/stronghold, betterdungeons:has_structure/small_dungeon, betterdungeons:has_structure/zombie_dungeon, farmersdelight:wild_carrots_whitelist, naturalist:has_snail, bloomingnature:overworld, c:floral, minecraft:is_mountain, galosphere:has_structure/forgotten_ruins, hybrid-birds:swan_spawn_biomes, naturalist:has_deer, vinery:spawns_grape"
34,"betterend:chorus_forest","minecraft:is_end, endermanoverhaul:end_spawns, endermanoverhaul:end_islands_spawns, minecraft:has_structure/end_city, minecraft:spawns_cold_variant_farm_animals, betterend:has_structure/eternal_portal, explorify:has_structure/end_shipwreck, c:in_the_end, c:is_end_highland, minecraft:spawns_cold_variant_frogs"
35,"still_life:cold_barren_highlands","farmersdelight:wild_carrots_whitelist, naturalist:has_bear, minecraft:is_mountain, supplementaries:has_way_signs, meadow:spawns_rocky_sheep, still_life:is_still_life, supplementaries:has_cave_urns, betterdungeons:has_structure/zombie_dungeon, betterdungeons:has_structure/skeleton_dungeon, creeperoverhaul:has_snowy_creeper, minecraft:has_structure/stronghold, minecraft:has_structure/ruined_portal_mountain, vinery:spawns_grape, structory:has_structure/ruins, c:climate_cold, c:in_overworld, ae2:has_meteorites, minecraft:has_structure/pillager_outpost, betterstrongholds:has_structure/better_stronghold, betterstrongholds:has_structure/stronghold, betterdungeons:has_structure/small_dungeon, supplementaries:has_wild_flax, minecraft:has_structure/mineshaft, betterdungeons:has_structure/spider_dungeon, friendsandfoes:has_rascal, underground_bunkers:has_structure/underground_bunker_biomes, explorify:has_structure/ruins, minecraft:spawns_cold_variant_frogs, farmersdelight:wild_potatoes_whitelist, herbalbrews:mountain_biomes, naturalist:has_canary, vinery:spawns_taiga_grape, minecraft:is_overworld, farmersdelight:wild_onions_whitelist, minecraft:is_cold, galosphere:has_structure/forgotten_ruins, minecraft:stronghold_biased_to, ecologics:has_penguin, structory_towers:has_structure/towers, bettermineshafts:has_structure/mineshaft, c:mountain, naturalist:has_robin, naturalist:has_snail"
36,"still_life:cold_deep_ocean","creeperoverhaul:has_snowy_creeper, betterdungeons:has_structure/skeleton_dungeon, towns_and_towers:has_structure/village_deep_oceans_ships, minecraft:has_structure/ruined_portal_ocean, hybrid-aquatic:bottle_spawn_biomes, c:climate_wet, supplementaries:has_cave_urns, minecraft:is_deep_ocean, supplementaries:has_way_signs, still_life:is_still_life, minecraft:spawns_cold_variant_frogs, c:is_water, minecraft:is_overworld, minecraft:has_structure/mineshaft, betterstrongholds:has_structure/stronghold, betterdungeons:has_structure/zombie_dungeon, minecraft:has_structure/ocean_monument, minecraft:is_ocean, c:aquatic, minecraft:is_cold, supplementaries:has_wild_flax, farmersdelight:wild_onions_whitelist, towns_and_towers:has_structure/pillager_outpost_deep_oceans, friendsandfoes:has_rascal, betteroceanmonuments:has_structure/better_ocean_monument, structory:has_structure/ruins, minecraft:has_structure/stronghold, c:ocean, bettermineshafts:has_structure/mineshaft, minecraft:required_ocean_monument_surrounding, explorify:has_structure/ruins, hybrid-aquatic:cold_oceans, elemental_wizards_rpg:has_structure/wind_wizard, minecraft:spawns_cold_variant_farm_animals, ecologics:has_penguin, c:in_overworld, minecraft:plays_underwater_music, farmersdelight:wild_potatoes_whitelist, betterdungeons:has_structure/spider_dungeon, c:climate_cold, hybrid-aquatic:deep_cold_oceans, galosphere:has_structure/forgotten_ruins, loot_n_explore:has_structure/wizards_water_monolith, structory_towers:has_structure/towers, betterdungeons:has_structure/small_dungeon, betteroceanmonuments:has_structure/ocean_monument, loot_n_explore:has_structure/wizards_wind_tower, ae2:has_meteorites, farmersdelight:wild_carrots_whitelist, minecraft:water_on_map_outlines, minecraft:has_structure/shipwreck, elemental_wizards_rpg:has_structure/water_wizard"
37,"still_life:cold_desert","structory_towers:has_structure/towers, supplementaries:has_wild_flax, endermanoverhaul:cave_spawns, betterdungeons:has_structure/zombie_dungeon, minecraft:stronghold_biased_to, betterdungeons:has_structure/skeleton_dungeon, minecraft:is_overworld, minecraft:has_structure/mineshaft, minecraft:has_structure/stronghold, farmersdelight:wild_onions_whitelist, c:in_overworld, explorify:has_structure/ruins, betterdungeons:has_structure/small_dungeon, farmersdelight:wild_carrots_whitelist, ecologics:has_penguin, supplementaries:has_cave_urns, betterdungeons:has_structure/spider_dungeon, creeperoverhaul:has_snowy_creeper, farmersdelight:wild_potatoes_whitelist, minecraft:has_structure/village_snowy, friendsandfoes:has_rascal, minecraft:spawns_cold_variant_frogs, supplementaries:has_way_signs, structory:has_structure/ruins, endermanoverhaul:snowy_spawns, still_life:is_still_life, minecraft:is_cold, endermanoverhaul:all_spawns, c:climate_cold, betterstrongholds:has_structure/stronghold, ae2:has_meteorites, bettermineshafts:has_structure/mineshaft, galosphere:has_structure/forgotten_ruins"
38,"minecraft:cold_ocean","betterstrongholds:has_structure/stronghold, c:is_cold/overworld, minecraft:spawns_cold_variant_farm_animals, minecraft:has_structure/ruined_portal_ocean, bettermineshafts:has_structure/mineshaft, c:is_water, waystones:has_structure/waystone, bloomingnature:overworld, c:climate_wet, supplementaries:has_cave_urns, supplementaries:has_way_signs, supplementaries:has_wild_flax, c:in_overworld, loot_n_explore:has_structure/wizards_wind_tower, betterdungeons:has_structure/skeleton_dungeon, minecraft:has_structure/mineshaft, betterdungeons:has_structure/zombie_dungeon, betterdungeons:has_structure/small_dungeon, hybrid-aquatic:cold_oceans, minecraft:is_ocean, c:is_cold, minecraft:has_structure/ocean_ruin_cold, c:shallow_ocean, minecraft:has_structure/trial_chambers, hybrid-aquatic:bottle_spawn_biomes, loot_n_explore:has_structure/wizards_water_monolith, farmersdelight:wild_carrots_whitelist, galosphere:has_structure/forgotten_ruins, explorify:has_structure/ruins, friendsandfoes:has_rascal, ae2:has_meteorites, structory:has_structure/ruins, elemental_wizards_rpg:has_structure/water_wizard, minecraft:water_on_map_outlines, towns_and_towers:has_structure/shallow_oceans_wreckage, structory_towers:oceans, c:aquatic, structory_towers:has_structure/towers, c:ocean, minecraft:is_overworld, farmersdelight:wild_onions_whitelist, elemental_wizards_rpg:has_structure/wind_wizard, betterdungeons:has_structure/spider_dungeon, hybrid-aquatic:shallow_cold_oceans, farmersdelight:wild_potatoes_whitelist, minecraft:plays_underwater_music, structory:has_structure/boat, minecraft:has_structure/stronghold, minecraft:has_structure/shipwreck, minecraft:required_ocean_monument_surrounding"
39,"still_life:cold_semi_desert","structory_towers:has_structure/towers, supplementaries:has_wild_flax, endermanoverhaul:cave_spawns, betterdungeons:has_structure/zombie_dungeon, minecraft:stronghold_biased_to, betterdungeons:has_structure/skeleton_dungeon, minecraft:is_overworld, minecraft:has_structure/mineshaft, minecraft:has_structure/stronghold, farmersdelight:wild_onions_whitelist, c:in_overworld, explorify:has_structure/ruins, betterdungeons:has_structure/small_dungeon, farmersdelight:wild_carrots_whitelist, ecologics:has_penguin, supplementaries:has_cave_urns, betterdungeons:has_structure/spider_dungeon, creeperoverhaul:has_snowy_creeper, farmersdelight:wild_potatoes_whitelist, minecraft:has_structure/village_snowy, friendsandfoes:has_rascal, minecraft:spawns_cold_variant_frogs, supplementaries:has_way_signs, structory:has_structure/ruins, endermanoverhaul:snowy_spawns, still_life:is_still_life, minecraft:is_cold, endermanoverhaul:all_spawns, c:climate_cold, betterstrongholds:has_structure/stronghold, ae2:has_meteorites, bettermineshafts:has_structure/mineshaft, galosphere:has_structure/forgotten_ruins"
40,"still_life:cold_shallow_ocean","minecraft:water_on_map_outlines, loot_n_explore:has_structure/wizards_wind_tower, hybrid-aquatic:cold_oceans, supplementaries:has_cave_urns, friendsandfoes:has_rascal, minecraft:has_structure/shipwreck, loot_n_explore:has_structure/wizards_water_monolith, minecraft:spawns_cold_variant_frogs, structory:has_structure/ruins, bettermineshafts:has_structure/mineshaft, still_life:is_still_life, minecraft:is_overworld, c:in_overworld, minecraft:is_ocean, elemental_wizards_rpg:has_structure/water_wizard, minecraft:required_ocean_monument_surrounding, minecraft:is_cold, c:ocean, c:aquatic, c:is_water, farmersdelight:wild_onions_whitelist, minecraft:spawns_cold_variant_farm_animals, farmersdelight:wild_potatoes_whitelist, supplementaries:has_way_signs, c:climate_wet, betterstrongholds:has_structure/stronghold, hybrid-aquatic:shallow_cold_oceans, minecraft:plays_underwater_music, ecologics:has_penguin, minecraft:has_structure/stronghold, supplementaries:has_wild_flax, betterdungeons:has_structure/spider_dungeon, minecraft:has_structure/mineshaft, ae2:has_meteorites, betterdungeons:has_structure/small_dungeon, betterdungeons:has_structure/skeleton_dungeon, minecraft:has_structure/ocean_ruin_cold, structory_towers:has_structure/towers, farmersdelight:wild_carrots_whitelist, galosphere:has_structure/forgotten_ruins, creeperoverhaul:has_snowy_creeper, c:climate_cold, hybrid-aquatic:bottle_spawn_biomes, betterdungeons:has_structure/zombie_dungeon, minecraft:has_structure/ruined_portal_ocean, elemental_wizards_rpg:has_structure/wind_wizard, explorify:has_structure/ruins"
41,"still_life:cold_steppe","betterdungeons:has_structure/spider_dungeon, farmersdelight:wild_potatoes_whitelist, betterdungeons:has_structure/small_dungeon, ae2:has_meteorites, betterstrongholds:has_structure/stronghold, minecraft:is_overworld, still_life:is_still_life, minecraft:stronghold_biased_to, minecraft:spawns_cold_variant_frogs, minecraft:has_structure/stronghold, explorify:has_structure/ruins, supplementaries:has_way_signs, supplementaries:has_cave_urns, endermanoverhaul:snowy_spawns, endermanoverhaul:cave_spawns, minecraft:is_cold, supplementaries:has_wild_flax, minecraft:has_structure/village_snowy, farmersdelight:wild_carrots_whitelist, friendsandfoes:has_rascal, c:in_overworld, ecologics:has_penguin, betterdungeons:has_structure/zombie_dungeon, galosphere:has_structure/forgotten_ruins, structory:has_structure/ruins, wildernature:spawns_bison, farmersdelight:wild_onions_whitelist, bettermineshafts:has_structure/mineshaft, structory_towers:has_structure/towers, endermanoverhaul:all_spawns, creeperoverhaul:has_snowy_creeper, c:climate_cold, minecraft:has_structure/mineshaft, betterdungeons:has_structure/skeleton_dungeon"
42,"still_life:cold_taiga","betterdungeons:has_structure/spider_dungeon, creeperoverhaul:has_snowy_creeper, farmersdelight:wild_potatoes_whitelist, minecraft:has_structure/village_snowy, c:taiga, friendsandfoes:has_rascal, friendsandfoes:has_structure/illusioner_shack, minecraft:spawns_cold_variant_frogs, towns_and_towers:has_structure/village_old_growth_taiga_polish, supplementaries:has_way_signs, structory:has_structure/ruins, naturalist:has_bluejay, minecraft:is_cold, betterstrongholds:has_structure/better_stronghold, betterstrongholds:has_structure/stronghold, endermanoverhaul:cave_spawns, betterdungeons:has_structure/zombie_dungeon, naturalist:has_bear, minecraft:has_structure/ruined_portal_standard, underground_bunkers:has_structure/underground_bunker_biomes, t_and_t:has_structure/pillager_outpost_snowy, minecraft:is_taiga, minecraft:spawns_cold_variant_farm_animals, farmersdelight:wild_carrots_whitelist, bloomingnature:has_structure/temperate, bakery:spawns_strawberries, farm_and_charm:spawns_wild_strawberries, explorify:has_structure/ruins, c:in_overworld, supplementaries:has_cave_urns, farm_and_charm:spawns_wild_crops, bloomingnature:has_structure/taiga, farm_and_charm:spawns_wild_oat, minecraft:spawns_white_rabbits, friendsandfoes:has_illusioner, vinery:spawns_taiga_grape, farm_and_charm:spawns_wild_potatoes, endermanoverhaul:snowy_spawns, endermanoverhaul:all_spawns, still_life:is_still_life, minecraft:has_structure/trail_ruins, c:climate_cold, ae2:has_meteorites, bettermineshafts:has_structure/mineshaft, structory_towers:has_structure/towers, brewery:taiga, galosphere:has_structure/forgotten_ruins, minecraft:spawns_snow_foxes, supplementaries:has_wild_flax, towns_and_towers:has_structure/pillager_outpost_old_growth_taiga, minecraft:stronghold_biased_to, betterdungeons:has_structure/skeleton_dungeon, c:tree_coniferous, meadow:spawns_buffalo, minecraft:has_structure/mineshaft, minecraft:has_structure/stronghold, farmersdelight:wild_onions_whitelist, bettermineshafts:has_structure/better_mineshaft_spruce, minecraft:is_overworld, betterdungeons:has_structure/small_dungeon, t_and_t:has_structure/village_taiga, friendsandfoes:has_structure/illusioner_training_grounds, ecologics:has_penguin, minecraft:has_structure/pillager_outpost, friendsandfoes:collections/taigas, structory:has_structure/ruin_taiga"
43,"still_life:cold_taiga_clearings","vinery:spawns_taiga_grape, minecraft:is_taiga, still_life:is_still_life, naturalist:has_bear, friendsandfoes:has_illusioner, supplementaries:has_wild_flax, ecologics:has_penguin, explorify:has_structure/ruins, structory_towers:has_structure/towers, c:in_overworld, structory:has_structure/ruins, betterstrongholds:has_structure/stronghold, bettermineshafts:has_structure/better_mineshaft_spruce, minecraft:spawns_cold_variant_farm_animals, minecraft:spawns_cold_variant_frogs, minecraft:has_structure/village_snowy, friendsandfoes:has_rascal, betterdungeons:has_structure/spider_dungeon, minecraft:has_structure/mineshaft, minecraft:spawns_snow_foxes, ae2:has_meteorites, galosphere:has_structure/forgotten_ruins, farmersdelight:wild_carrots_whitelist, underground_bunkers:has_structure/underground_bunker_biomes, friendsandfoes:collections/taigas, friendsandfoes:has_structure/illusioner_training_grounds, endermanoverhaul:all_spawns, farmersdelight:wild_onions_whitelist, minecraft:has_structure/trail_ruins, naturalist:has_bluejay, c:climate_cold, friendsandfoes:has_structure/illusioner_shack, minecraft:has_structure/ruined_portal_standard, minecraft:stronghold_biased_to, creeperoverhaul:has_snowy_creeper, minecraft:is_cold, supplementaries:has_way_signs, bakery:spawns_strawberries, endermanoverhaul:cave_spawns, minecraft:is_overworld, farm_and_charm:spawns_wild_potatoes, structory:has_structure/ruin_taiga, betterdungeons:has_structure/skeleton_dungeon, supplementaries:has_cave_urns, minecraft:has_structure/stronghold, endermanoverhaul:snowy_spawns, c:taiga, farm_and_charm:spawns_wild_strawberries, towns_and_towers:has_structure/village_old_growth_taiga_polish, betterstrongholds:has_structure/better_stronghold, betterdungeons:has_structure/small_dungeon, betterdungeons:has_structure/zombie_dungeon, c:tree_coniferous, t_and_t:has_structure/village_taiga, meadow:spawns_buffalo, towns_and_towers:has_structure/pillager_outpost_old_growth_taiga, bettermineshafts:has_structure/mineshaft, bloomingnature:has_structure/temperate, brewery:taiga, farmersdelight:wild_potatoes_whitelist, farm_and_charm:spawns_wild_oat, farm_and_charm:spawns_wild_crops, bloomingnature:has_structure/taiga, minecraft:has_structure/pillager_outpost"
44,"still_life:cold_tundra_beach","minecraft:has_structure/buried_treasure, hybrid-aquatic:bottle_spawn_biomes, minecraft:has_structure/mineshaft, minecraft:has_structure/stronghold, wildernature:spawns_pelican, naturalist:has_coral_snake, farmersdelight:wild_onions_whitelist, minecraft:spawns_white_rabbits, betterdungeons:has_structure/small_dungeon, herbalbrews:savanna_biomes, betterdungeons:has_structure/zombie_dungeon, farmersdelight:has_wild_cabbage, still_life:is_still_life, creeperoverhaul:has_snowy_creeper, c:beach, c:in_overworld, ae2:has_meteorites, farmersdelight:wild_carrots_whitelist, minecraft:spawns_cold_variant_frogs, c:snowy_beach, betterdungeons:has_structure/skeleton_dungeon, structory:has_structure/ruins, supplementaries:has_cave_urns, minecraft:is_cold, minecraft:is_overworld, betterstrongholds:has_structure/stronghold, ecologics:has_penguin, ctov:has_structure/village_beach, betterdungeons:has_structure/spider_dungeon, minecraft:is_beach, c:climate_cold, minecraft:has_structure/ruined_portal_standard, farmersdelight:wild_potatoes_whitelist, minecraft:spawns_cold_variant_farm_animals, explorify:has_structure/ruins, farmersdelight:has_wild_beetroots, galosphere:has_structure/forgotten_ruins, structory_towers:has_structure/towers, bettermineshafts:has_structure/mineshaft, friendsandfoes:has_rascal, supplementaries:has_wild_flax, minecraft:has_structure/shipwreck_beached, supplementaries:has_way_signs, minecraft:stronghold_biased_to"
45,"minecraft:crimson_forest","minecraft:spawns_warm_variant_farm_animals, c:is_hot, c:is_dry, c:nether_forests, waystones:has_structure/blackstone_waystone, c:is_hot/nether, minecraft:has_structure/ruined_portal_nether, betterfortresses:has_structure/better_fortress, minecraft:is_nether, minecraft:has_structure/bastion_remnant, nethervinery:spawns_crimson_grape, minecraft:spawns_warm_variant_frogs, c:is_dry/nether, c:in_nether, endermanoverhaul:all_spawns, minecraft:has_structure/nether_fortress, endermanoverhaul:crimson_forest_spawns, explorify:has_structure/black_spiral, minecraft:snow_golem_melts, letsdoaddon-structures:has_structure/crimson_vinery, farmersdelight:has_wild_beetroots, c:climate_hot, friendsandfoes:has_structure/citadel, betterdungeons:has_structure/small_nether_dungeon, c:climate_dry"
46,"betternether:crimson_glowing_woods","betterdungeons:has_structure/small_nether_dungeon, minecraft:is_nether, minecraft:has_structure/ruined_portal_nether, betterfortresses:has_structure/better_fortress, betternether:has_structure/ghast_hive, c:climate_hot, minecraft:has_structure/nether_fortress, betternether:has_structure/nether_city, betternether:has_structure/pyramid, betternether:biome, friendsandfoes:has_structure/citadel, c:in_nether, farmersdelight:has_wild_beetroots, betternether:has_structure/nether_decorations, minecraft:spawns_warm_variant_farm_animals, minecraft:spawns_warm_variant_frogs, c:climate_dry"
47,"betternether:crimson_pinewood","betterdungeons:has_structure/small_nether_dungeon, minecraft:is_nether, minecraft:has_structure/ruined_portal_nether, betterfortresses:has_structure/better_fortress, betternether:has_structure/ghast_hive, c:climate_hot, minecraft:has_structure/nether_fortress, betternether:has_structure/nether_city, betternether:has_structure/pyramid, betternether:biome, friendsandfoes:has_structure/citadel, c:in_nether, farmersdelight:has_wild_beetroots, betternether:has_structure/nether_decorations, minecraft:spawns_warm_variant_farm_animals, minecraft:spawns_warm_variant_frogs, c:climate_dry"
48,"galosphere:crystal_canyons","betterstrongholds:has_structure/stronghold, betterdungeons:has_structure/zombie_dungeon, betterdungeons:has_structure/skeleton_dungeon, c:in_overworld, structory_towers:has_structure/towers, structory:has_structure/ruins, minecraft:has_structure/ruined_portal_standard, minecraft:stronghold_biased_to, ae2:has_meteorites, explorify:has_structure/ruins, supplementaries:has_cave_urns, farmersdelight:wild_onions_whitelist, supplementaries:has_way_signs, betterdungeons:has_structure/small_dungeon, betterdungeons:has_structure/spider_dungeon, bettermineshafts:has_structure/mineshaft, galosphere:has_structure/forgotten_ruins, minecraft:is_overworld, farmersdelight:wild_potatoes_whitelist, farmersdelight:wild_carrots_whitelist, supplementaries:has_wild_flax, friendsandfoes:has_rascal, minecraft:has_structure/mineshaft, minecraft:has_structure/stronghold"
49,"betterend:crystal_mountains","minecraft:spawns_cold_variant_farm_animals, c:in_the_end, betterend:has_structure/mountain, minecraft:spawns_cold_variant_frogs, c:is_end_highland, endermanoverhaul:end_spawns, endermanoverhaul:end_islands_spawns, minecraft:is_end"
50,"nullscape:crystal_peaks","minecraft:is_end, minecraft:spawns_cold_variant_frogs, minecraft:has_structure/end_city, nullscape:all_nullscape_biomes, forge:is_cold/end, endermanoverhaul:end_spawns, explorify:has_structure/end_shipwreck, endermanoverhaul:end_islands_spawns, minecraft:spawns_cold_variant_farm_animals, c:in_the_end, forge:is_dry/end"
51,"minecraft:dark_forest","farm_and_charm:spawns_wild_flowers, supplementaries:has_cave_urns, wildernature:spawns_owl, naturalist:has_robin, creeperoverhaul:is_darkforest, bettermineshafts:has_structure/better_mineshaft_overgrown, naturalist:has_snake, structory:has_structure/old_manor, galosphere:has_structure/forgotten_ruins, meadow:spawns_umbra_cow, betterdungeons:has_structure/small_dungeon, minecraft:has_structure/stronghold, farm_and_charm:spawns_wild_emmer, structory:has_structure/ruins, minecraft:has_structure/pillager_outpost, c:in_overworld, naturalist:has_lizard, farmersdelight:wild_carrots_whitelist, endermanoverhaul:all_spawns, friendsandfoes:has_rascal, meadow:spawns_buffalo, betterdungeons:has_structure/skeleton_dungeon, minecraft:has_structure/mineshaft, endermanoverhaul:dark_oak_spawns, vinery:spawns_grape, minecraft:is_forest, farmersdelight:wild_potatoes_whitelist, letsdoaddon-structures:has_structure/bear_den, betterstrongholds:has_structure/better_stronghold, wildernature:spawns_boar, explorify:has_structure/ruins, minecraft:has_structure/trial_chambers, naturalist:has_boar, endermanoverhaul:cave_spawns, minecraft:has_structure/ruined_portal_standard, minecraft:is_overworld, explorify:has_structure/mausoleum, c:climate_temperate, minecraft:has_structure/trail_ruins, structory:has_structure/chapel, moremobvariants:wolf_woods_spawns, naturalist:has_firefly, ae2:has_meteorites, supplementaries:has_way_signs, c:tree_deciduous, bettermineshafts:has_structure/mineshaft, naturalist:has_finch, minecraft:stronghold_biased_to, naturalist:has_butterfly, betterstrongholds:has_structure/stronghold, wildernature:spawns_hedgehog, structory_towers:dense_forests, ecologics:has_squirrel, explorify:has_structure/supply_cache/dark, c:is_dense, supplementaries:has_wild_flax, explorify:has_structure/dark_forest_settlement, farm_and_charm:spawns_wild_crops, naturalist:has_snail, bakery:spawns_strawberries, farmersdelight:wild_onions_whitelist, farm_and_charm:spawns_wild_potatoes, naturalist:has_bear, structory_towers:mushroom, wildernature:spawns_deer, hybrid-birds:turkey_spawn_biomes, waystones:has_structure/waystone, structory_towers:has_structure/towers, farm_and_charm:spawns_wild_strawberries, naturalist:has_deer, underground_bunkers:has_structure/underground_bunker_biomes, wildernature:spawns_turkey, bloomingnature:dark_forest, betterdungeons:has_structure/spider_dungeon, crittersandcompanions:silk_cocoon_spawns, c:is_dense/overworld, minecraft:has_structure/woodland_mansion, naturalist:has_cardinal, c:is_spooky, bloomingnature:overworld, betterdungeons:has_structure/zombie_dungeon, c:forest"
52,"minecraft:deep_cold_ocean","structory:has_structure/ruins, c:ocean, towns_and_towers:has_structure/village_deep_oceans_ships, elemental_wizards_rpg:has_structure/water_wizard_deep, loot_n_explore:has_structure/wizards_water_tower, elemental_wizards_rpg:has_structure/water_wizard, towns_and_towers:has_structure/pillager_outpost_deep_oceans, c:is_cold, betteroceanmonuments:has_structure/better_ocean_monument, minecraft:plays_underwater_music, minecraft:has_structure/ocean_monument, loot_n_explore:has_structure/wizards_wind_tower, minecraft:has_structure/trial_chambers, supplementaries:has_way_signs, minecraft:has_structure/ruined_portal_ocean, bloomingnature:overworld, betterdungeons:has_structure/small_dungeon, minecraft:has_structure/stronghold, bettermineshafts:has_structure/mineshaft, minecraft:has_structure/shipwreck, hybrid-aquatic:deep_cold_oceans, minecraft:is_ocean, c:deep_ocean, supplementaries:has_wild_flax, minecraft:is_deep_ocean, friendsandfoes:has_rascal, betterdungeons:has_structure/spider_dungeon, c:climate_wet, betterstrongholds:has_structure/stronghold, galosphere:has_structure/forgotten_ruins, hybrid-aquatic:cold_oceans, structory:has_structure/boat, c:is_water, minecraft:has_structure/mineshaft, ae2:has_meteorites, minecraft:has_structure/ocean_ruin_cold, farmersdelight:wild_carrots_whitelist, minecraft:spawns_cold_variant_farm_animals, explorify:has_structure/ruins, farmersdelight:wild_potatoes_whitelist, c:in_overworld, structory_towers:has_structure/towers, elemental_wizards_rpg:has_structure/wind_wizard, betterdungeons:has_structure/zombie_dungeon, c:aquatic, minecraft:required_ocean_monument_surrounding, supplementaries:has_cave_urns, farmersdelight:wild_onions_whitelist, waystones:has_structure/waystone, betteroceanmonuments:has_structure/ocean_monument, minecraft:is_overworld, minecraft:water_on_map_outlines, betterdungeons:has_structure/skeleton_dungeon, hybrid-aquatic:bottle_spawn_biomes, c:is_cold/overworld, loot_n_explore:has_structure/wizards_water_monolith"
53,"minecraft:deep_dark","minecraft:mineshaft_blocking, farmersdelight:wild_carrots_whitelist, supplementaries:has_way_signs, hybrid-aquatic:caves, supplementaries:has_cave_urns, loot_n_explore:has_structure/wizards_earth_monolith, sereneseasons:blacklisted_biomes, betterdungeons:has_structure/zombie_dungeon, waystones:has_structure/waystone, minecraft:spawns_cold_variant_farm_animals, betterdungeons:has_structure/skeleton_dungeon, elemental_wizards_rpg:has_structure/earth_wizard_cave, minecraft:has_structure/stronghold, structory:has_structure/ruins, minecraft:has_structure/ancient_city, c:in_overworld, c:is_rare, farmersdelight:wild_potatoes_blacklist, ae2:has_meteorites, betterstrongholds:has_structure/stronghold, betterdungeons:has_structure/small_dungeon, supplementaries:has_wild_flax, minecraft:has_structure/mineshaft, c:caves, friendsandfoes:has_rascal, betterdungeons:has_structure/spider_dungeon, explorify:has_structure/ruins, farmersdelight:wild_potatoes_whitelist, minecraft:spawns_cold_variant_frogs, farmersdelight:wild_tomatoes_blacklist, farmersdelight:wild_rice_blacklist, loot_n_explore:has_structure/wizards_amethyst_monolith, c:is_spooky, minecraft:is_overworld, farmersdelight:wild_onions_whitelist, galosphere:has_structure/forgotten_ruins, c:is_cave, c:underground, bloomingnature:overworld, structory_towers:has_structure/towers, bettermineshafts:has_structure/mineshaft, c:is_underground, naturalist:has_snail"
54,"minecraft:deep_frozen_ocean","galosphere:has_structure/forgotten_ruins, minecraft:spawns_cold_variant_frogs, betterdungeons:has_structure/zombie_dungeon, supplementaries:has_way_signs, elemental_wizards_rpg:has_structure/wind_wizard, bloomingnature:overworld, minecraft:has_structure/ocean_ruin_cold, farmersdelight:wild_potatoes_whitelist, betterdungeons:has_structure/small_dungeon, loot_n_explore:has_structure/wizards_wind_tower, minecraft:has_structure/trial_chambers, betteroceanmonuments:has_structure/better_ocean_monument, hybrid-aquatic:deep_arctic_oceans, c:ocean, minecraft:is_overworld, farmersdelight:wild_onions_whitelist, hybrid-aquatic:arctic_oceans, c:aquatic, explorify:has_structure/ruins, structory_towers:has_structure/towers, supplementaries:has_wild_flax, minecraft:has_structure/shipwreck, wildernature:spawns_penguin, betterdungeons:has_structure/skeleton_dungeon, minecraft:has_structure/ruined_portal_ocean, hybrid-aquatic:bottle_spawn_biomes, minecraft:has_structure/mineshaft, minecraft:has_structure/stronghold, c:in_overworld, minecraft:spawns_cold_variant_farm_animals, minecraft:has_structure/ocean_monument, bettermineshafts:has_structure/mineshaft, minecraft:plays_underwater_music, friendsandfoes:has_rascal, c:is_cold/overworld, minecraft:required_ocean_monument_surrounding, minecraft:is_ocean, structory:has_structure/ruins, supplementaries:has_cave_urns, minecraft:water_on_map_outlines, ae2:has_meteorites, c:is_cold, loot_n_explore:has_structure/wizards_water_monolith, c:aquatic_icy, c:deep_ocean, minecraft:is_deep_ocean, minecraft:polar_bears_spawn_on_alternate_blocks, waystones:has_structure/waystone, betteroceanmonuments:has_structure/ocean_monument, c:is_water, betterdungeons:has_structure/spider_dungeon, elemental_wizards_rpg:has_structure/water_wizard, c:climate_wet, betterstrongholds:has_structure/stronghold, farmersdelight:wild_carrots_whitelist"
55,"minecraft:deep_lukewarm_ocean","galosphere:has_structure/forgotten_ruins, minecraft:spawns_warm_variant_farm_animals, betterdungeons:has_structure/zombie_dungeon, supplementaries:has_way_signs, minecraft:has_structure/ocean_ruin_warm, bloomingnature:overworld, elemental_wizards_rpg:has_structure/wind_wizard, farmersdelight:wild_potatoes_whitelist, betterdungeons:has_structure/small_dungeon, loot_n_explore:has_structure/wizards_wind_tower, hybrid-aquatic:deep_tropical_oceans, minecraft:has_structure/trial_chambers, betteroceanmonuments:has_structure/better_ocean_monument, sereneseasons:tropical_biomes, loot_n_explore:has_structure/wizards_water_tower, c:ocean, minecraft:is_overworld, farmersdelight:wild_onions_whitelist, c:aquatic, explorify:has_structure/ruins, structory_towers:has_structure/towers, supplementaries:has_wild_flax, minecraft:has_structure/shipwreck, betterdungeons:has_structure/skeleton_dungeon, minecraft:has_structure/ruined_portal_ocean, hybrid-aquatic:bottle_spawn_biomes, minecraft:has_structure/mineshaft, minecraft:has_structure/stronghold, towns_and_towers:has_structure/village_deep_oceans_ships, c:in_overworld, minecraft:has_structure/ocean_monument, bettermineshafts:has_structure/mineshaft, minecraft:plays_underwater_music, friendsandfoes:has_rascal, minecraft:required_ocean_monument_surrounding, minecraft:is_ocean, structory:has_structure/ruins, supplementaries:has_cave_urns, minecraft:water_on_map_outlines, ae2:has_meteorites, structory:has_structure/boat, loot_n_explore:has_structure/wizards_water_monolith, towns_and_towers:has_structure/pillager_outpost_deep_oceans, elemental_wizards_rpg:has_structure/water_wizard_deep, c:deep_ocean, minecraft:is_deep_ocean, hybrid-aquatic:tropical_oceans, waystones:has_structure/waystone, betteroceanmonuments:has_structure/ocean_monument, c:is_water, betterdungeons:has_structure/spider_dungeon, elemental_wizards_rpg:has_structure/water_wizard, c:climate_wet, betterstrongholds:has_structure/stronghold, farmersdelight:wild_carrots_whitelist"
56,"minecraft:deep_ocean","loot_n_explore:has_structure/wizards_water_tower, c:aquatic, waystones:has_structure/waystone, c:climate_wet, betteroceanmonuments:has_structure/ocean_monument, c:deep_ocean, farmersdelight:wild_onions_whitelist, friendsandfoes:has_rascal, farmersdelight:wild_potatoes_whitelist, minecraft:has_structure/ocean_monument, structory:has_structure/ruins, minecraft:has_structure/trial_chambers, minecraft:has_structure/ocean_ruin_cold, structory_towers:has_structure/towers, bloomingnature:overworld, elemental_wizards_rpg:has_structure/water_wizard_deep, hybrid-aquatic:temperate_oceans, betterdungeons:has_structure/small_dungeon, towns_and_towers:has_structure/village_deep_oceans_ships, minecraft:has_structure/mineshaft, minecraft:water_on_map_outlines, betterdungeons:has_structure/skeleton_dungeon, structory:has_structure/boat, betteroceanmonuments:has_structure/better_ocean_monument, minecraft:required_ocean_monument_surrounding, farmersdelight:wild_carrots_whitelist, betterstrongholds:has_structure/stronghold, loot_n_explore:has_structure/wizards_wind_tower, minecraft:is_ocean, bettermineshafts:has_structure/mineshaft, towns_and_towers:has_structure/pillager_outpost_deep_oceans, hybrid-aquatic:bottle_spawn_biomes, minecraft:has_structure/stronghold, c:is_water, minecraft:plays_underwater_music, supplementaries:has_wild_flax, galosphere:has_structure/forgotten_ruins, minecraft:is_deep_ocean, betterdungeons:has_structure/zombie_dungeon, elemental_wizards_rpg:has_structure/wind_wizard, elemental_wizards_rpg:has_structure/water_wizard, minecraft:is_overworld, loot_n_explore:has_structure/wizards_water_monolith, c:in_overworld, c:ocean, supplementaries:has_way_signs, explorify:has_structure/ruins, minecraft:has_structure/ruined_portal_ocean, betterdungeons:has_structure/spider_dungeon, ae2:has_meteorites, hybrid-aquatic:deep_temperate_oceans, minecraft:has_structure/shipwreck, supplementaries:has_cave_urns"
57,"terrablender:deferred_placeholder",""
58,"minecraft:desert","loot_n_explore:has_structure/wizards_desert_structures, friendsandfoes:has_desert_mauler, explorify:has_structure/ruins, explorify:has_structure/desert_shrine, naturalist:has_snake, c:is_hot, naturalist:has_vulture, underground_bunkers:has_structure/underground_bunker_biomes, supplementaries:has_way_signs, minecraft:has_structure/village_desert, c:in_overworld, c:climate_dry, c:is_desert, endermanoverhaul:all_spawns, betterdeserttemples:has_structure/desert_temple, endermanoverhaul:cave_spawns, betterstrongholds:has_structure/better_stronghold, c:is_sandy, supplementaries:has_wild_flax, minecraft:spawns_warm_variant_farm_animals, explorify:has_structure/supply_cache/desert, minecraft:snow_golem_melts, yungsextras:has_structure/vanilla_desert_well, yungsextras:has_structure/desert_decorations, minecraft:has_structure/desert_pyramid, creeperoverhaul:has_desert_creeper, minecraft:spawns_warm_variant_frogs, supplementaries:has_cave_urns, c:is_hot/overworld, naturalist:has_tortoise, bettermineshafts:has_structure/mineshaft, minecraft:spawns_gold_rabbits, minecraft:stronghold_biased_to, c:is_dry/overworld, sereneseasons:tropical_biomes, c:climate_hot, minecraft:is_overworld, naturalist:has_lizard, c:vegetation_sparse, minecraft:has_structure/stronghold, betterdungeons:has_structure/spider_dungeon, farmersdelight:wild_onions_whitelist, farmersdelight:wild_potatoes_whitelist, moremobvariants:increased_sandy_skeletons, structory_towers:has_structure/towers, endermanoverhaul:desert_spawns, betterdungeons:has_structure/small_dungeon, structory:has_structure/outcast_villager_desert, waystones:has_structure/sandy_waystone, structory:has_structure/ruins, betterstrongholds:has_structure/stronghold, bloomingnature:overworld, farmersdelight:wild_carrots_whitelist, galosphere:has_structure/forgotten_ruins, naturalist:has_cardinal, betterdungeons:has_structure/zombie_dungeon, structory_towers:deserts, c:is_dry, ecologics:has_structure/desert_ruin, ecologics:has_camel, c:desert, naturalist:has_rattlesnake, farmersdelight:has_wild_beetroots, towns_and_towers:has_structure/pillager_outpost_desert, betterdeserttemples:has_structure/better_desert_temple, friendsandfoes:has_rascal, bettermineshafts:has_structure/better_mineshaft_desert, farmersdelight:wild_tomatoes_whitelist, minecraft:has_structure/ruined_portal_desert, ae2:has_meteorites, bloomingnature:desert, betterdungeons:has_structure/skeleton_dungeon, minecraft:has_structure/mineshaft, minecraft:has_structure/trial_chambers"
59,"still_life:desert_river","minecraft:reduce_water_ambient_spawns, still_life:is_still_life, c:aquatic, minecraft:spawns_warm_variant_farm_animals, c:climate_hot, c:climate_wet, farmersdelight:has_wild_beetroots, hybrid-aquatic:tropical_rivers, farmersdelight:wild_onions_whitelist, friendsandfoes:has_rascal, farmersdelight:wild_potatoes_whitelist, naturalist:has_snail, minecraft:is_hot, structory:has_structure/ruins, structory_towers:has_structure/towers, betterdungeons:has_structure/small_dungeon, elemental_wizards_rpg:has_structure/water_wizard_river, minecraft:has_structure/mineshaft, minecraft:water_on_map_outlines, betterdungeons:has_structure/skeleton_dungeon, untitledduckmod:duck_spawn, untitledduckmod:goose_spawn, minecraft:required_ocean_monument_surrounding, farmersdelight:wild_carrots_whitelist, betterstrongholds:has_structure/stronghold, loot_n_explore:has_structure/wizards_wind_tower, naturalist:has_duck, minecraft:is_river, bettermineshafts:has_structure/mineshaft, naturalist:has_coral_snake, minecraft:has_structure/ruined_portal_standard, minecraft:has_structure/stronghold, c:is_water, minecraft:plays_underwater_music, minecraft:stronghold_biased_to, minecraft:more_frequent_drowned_spawns, supplementaries:has_wild_flax, hybrid-aquatic:rivers, galosphere:has_structure/forgotten_ruins, betterdungeons:has_structure/zombie_dungeon, elemental_wizards_rpg:has_structure/wind_wizard, vinery:spawns_grape, minecraft:is_overworld, c:in_overworld, c:river, supplementaries:has_way_signs, wildernature:spawns_pelican, naturalist:has_bass, explorify:has_structure/ruins, betterdungeons:has_structure/spider_dungeon, ae2:has_meteorites, minecraft:spawns_warm_variant_frogs, supplementaries:has_cave_urns"
60,"still_life:desert_wetlands","t_and_t:has_structure/village_swamp, farmersdelight:wild_carrots_whitelist, minecraft:is_swamp, c:climate_hot, explorify:has_structure/ruins, structory_towers:has_structure/towers, endermanoverhaul:cave_spawns, minecraft:has_structure/ruined_portal_swamp, betterdungeons:has_structure/spider_dungeon, minecraft:has_closer_water_fog, farmersdelight:has_wild_beetroots, endermanoverhaul:all_spawns, structory:has_structure/ruins, betterstrongholds:has_structure/stronghold, c:climate_wet, minecraft:stronghold_biased_to, minecraft:spawns_warm_variant_farm_animals, minecraft:water_on_map_outlines, betterdungeons:has_structure/skeleton_dungeon, endermanoverhaul:swamp_spawns, minecraft:spawns_warm_variant_frogs, still_life:is_still_life, friendsandfoes:has_rascal, betterdungeons:has_structure/small_dungeon, minecraft:is_overworld, farmersdelight:wild_potatoes_whitelist, ae2:has_meteorites, supplementaries:has_wild_flax, c:in_overworld, minecraft:has_structure/mineshaft, minecraft:has_structure/stronghold, galosphere:has_structure/forgotten_ruins, minecraft:has_structure/swamp_hut, minecraft:is_hot, betterdungeons:has_structure/zombie_dungeon, supplementaries:has_cave_urns, farmersdelight:wild_onions_whitelist, supplementaries:has_way_signs, minecraft:allows_surface_slime_spawns, bettermineshafts:has_structure/mineshaft"
61,"betterend:dragon_graveyards","minecraft:spawns_cold_variant_farm_animals, c:in_the_end, c:is_end_highland, minecraft:spawns_cold_variant_frogs, betterend:has_structure/eternal_portal, endermanoverhaul:end_spawns, endermanoverhaul:end_islands_spawns, minecraft:is_end"
62,"minecraft:dripstone_caves","explorify:has_structure/ruins, supplementaries:has_cave_urns, naturalist:has_snail, hybrid-aquatic:caves, sereneseasons:blacklisted_biomes, c:is_underground, farmersdelight:wild_onions_whitelist, bettermineshafts:has_structure/mineshaft, farmersdelight:wild_potatoes_whitelist, bettermineshafts:has_structure/better_mineshaft_dripstone, minecraft:has_structure/trial_chambers, friendsandfoes:has_rascal, betterstrongholds:has_structure/better_stronghold, loot_n_explore:has_structure/wizards_earth_monolith, minecraft:has_structure/mineshaft, betterdungeons:has_structure/zombie_dungeon, still_life:is_caves, betterdungeons:has_structure/skeleton_dungeon, c:in_overworld, loot_n_explore:has_structure/wizards_amethyst_monolith, structory_towers:has_structure/towers, farmersdelight:wild_potatoes_blacklist, farmersdelight:wild_tomatoes_blacklist, structory:has_structure/ruins, minecraft:has_structure/ruined_portal_standard, minecraft:stronghold_biased_to, creeperoverhaul:is_cave, elemental_wizards_rpg:has_structure/earth_wizard_cave, supplementaries:has_way_signs, betterdungeons:has_structure/small_dungeon, bloomingnature:overworld, betterdungeons:has_structure/spider_dungeon, galosphere:has_structure/forgotten_ruins, minecraft:is_overworld, farmersdelight:wild_carrots_whitelist, supplementaries:has_wild_flax, c:caves, farmersdelight:wild_rice_blacklist, minecraft:has_structure/stronghold, betterstrongholds:has_structure/stronghold, c:is_sparse, endermanoverhaul:cave_spawns, waystones:has_structure/waystone, c:underground, ae2:has_meteorites, c:is_cave, endermanoverhaul:all_spawns, c:is_sparse/overworld"
63,"still_life:dry_cold_steppe","structory_towers:has_structure/towers, supplementaries:has_wild_flax, endermanoverhaul:cave_spawns, betterdungeons:has_structure/zombie_dungeon, minecraft:stronghold_biased_to, betterdungeons:has_structure/skeleton_dungeon, minecraft:is_overworld, minecraft:has_structure/mineshaft, minecraft:has_structure/stronghold, farmersdelight:wild_onions_whitelist, c:in_overworld, explorify:has_structure/ruins, betterdungeons:has_structure/small_dungeon, farmersdelight:wild_carrots_whitelist, ecologics:has_penguin, supplementaries:has_cave_urns, betterdungeons:has_structure/spider_dungeon, creeperoverhaul:has_snowy_creeper, farmersdelight:wild_potatoes_whitelist, minecraft:has_structure/village_snowy, friendsandfoes:has_rascal, minecraft:spawns_cold_variant_frogs, supplementaries:has_way_signs, structory:has_structure/ruins, endermanoverhaul:snowy_spawns, still_life:is_still_life, minecraft:is_cold, endermanoverhaul:all_spawns, c:climate_cold, betterstrongholds:has_structure/stronghold, ae2:has_meteorites, bettermineshafts:has_structure/mineshaft, galosphere:has_structure/forgotten_ruins"
64,"betterend:dry_shrubland","minecraft:is_end, endermanoverhaul:end_spawns, endermanoverhaul:end_islands_spawns, minecraft:has_structure/end_city, minecraft:spawns_cold_variant_farm_animals, betterend:has_structure/eternal_portal, explorify:has_structure/end_shipwreck, c:in_the_end, c:is_end_highland, minecraft:spawns_cold_variant_frogs"
65,"still_life:dry_tropical_highlands","farmersdelight:wild_carrots_whitelist, naturalist:has_bear, minecraft:is_mountain, supplementaries:has_way_signs, minecraft:spawns_warm_variant_frogs, meadow:spawns_rocky_sheep, c:climate_dry, still_life:is_still_life, supplementaries:has_cave_urns, betterdungeons:has_structure/zombie_dungeon, betterdungeons:has_structure/skeleton_dungeon, minecraft:has_structure/stronghold, minecraft:has_structure/ruined_portal_mountain, vinery:spawns_grape, structory:has_structure/ruins, minecraft:spawns_warm_variant_farm_animals, c:in_overworld, ae2:has_meteorites, minecraft:has_structure/pillager_outpost, farmersdelight:has_wild_beetroots, betterstrongholds:has_structure/better_stronghold, betterstrongholds:has_structure/stronghold, betterdungeons:has_structure/small_dungeon, supplementaries:has_wild_flax, minecraft:has_structure/mineshaft, betterdungeons:has_structure/spider_dungeon, friendsandfoes:has_rascal, underground_bunkers:has_structure/underground_bunker_biomes, c:climate_hot, explorify:has_structure/ruins, farmersdelight:wild_potatoes_whitelist, herbalbrews:mountain_biomes, naturalist:has_canary, vinery:spawns_taiga_grape, minecraft:is_overworld, farmersdelight:wild_onions_whitelist, galosphere:has_structure/forgotten_ruins, minecraft:stronghold_biased_to, structory_towers:has_structure/towers, bettermineshafts:has_structure/mineshaft, c:mountain, naturalist:has_robin, naturalist:has_snail"
66,"betterend:dust_wastelands","endermanoverhaul:end_islands_spawns, minecraft:spawns_cold_variant_frogs, minecraft:spawns_cold_variant_farm_animals, c:in_the_end, betterend:has_structure/eternal_portal, betterend:has_structure/end_village, minecraft:is_end, c:is_end_highland, endermanoverhaul:end_spawns"
67,"betterend:empty_aurora_cave","minecraft:spawns_cold_variant_farm_animals, endermanoverhaul:end_spawns, minecraft:spawns_cold_variant_frogs, minecraft:is_end, c:in_the_end"
68,"betterend:empty_end_cave","minecraft:spawns_cold_variant_farm_animals, endermanoverhaul:end_spawns, minecraft:spawns_cold_variant_frogs, minecraft:is_end, c:in_the_end"
69,"betterend:empty_smaragdant_cave","minecraft:spawns_cold_variant_farm_animals, endermanoverhaul:end_spawns, minecraft:spawns_cold_variant_frogs, minecraft:is_end, c:in_the_end"
70,"minecraft:end_barrens","waystones:has_structure/end_stone_waystone, c:is_dry, endermanoverhaul:end_spawns, c:is_end_barrens, minecraft:spawns_cold_variant_farm_animals, minecraft:is_end, c:is_dry/end, c:in_the_end, c:is_cold/end, minecraft:spawns_cold_variant_frogs, betterend:has_structure/eternal_portal, c:is_cold"
71,"minecraft:end_highlands","c:is_end_highland, betterend:has_structure/eternal_portal, endermanoverhaul:end_spawns, explorify:has_structure/end_shipwreck, endermanoverhaul:end_islands_spawns, minecraft:spawns_cold_variant_farm_animals, c:in_the_end, c:is_dry, minecraft:spawns_cold_variant_frogs, c:is_cold, waystones:has_structure/end_stone_waystone, minecraft:is_end, loot_n_explore:has_structure/wizards_arcane_tower, c:is_dry/end, c:is_cold/end, minecraft:has_structure/end_city"
72,"minecraft:end_midlands","c:is_end_highland, endermanoverhaul:end_spawns, minecraft:spawns_cold_variant_frogs, explorify:has_structure/end_shipwreck, endermanoverhaul:end_islands_spawns, c:is_dry, betterend:has_structure/eternal_portal, minecraft:is_end, waystones:has_structure/end_stone_waystone, c:in_the_end, c:is_cold, loot_n_explore:has_structure/wizards_arcane_tower, minecraft:spawns_cold_variant_farm_animals, c:is_end_midland, minecraft:has_structure/end_city, c:is_cold/end, c:is_dry/end"
73,"minecraft:eroded_badlands","c:climate_dry, loot_n_explore:has_structure/wizards_fire_monolith, c:is_hot, friendsandfoes:has_badlands_mauler, c:is_sparse/overworld, minecraft:has_structure/mineshaft_mesa, betterstrongholds:has_structure/stronghold, supplementaries:has_way_signs, supplementaries:has_cave_urns, farmersdelight:wild_onions_whitelist, sereneseasons:tropical_biomes, c:badlands, betterdungeons:has_structure/skeleton_dungeon, bettermineshafts:has_structure/mineshaft, farmersdelight:wild_carrots_whitelist, c:climate_hot, ae2:has_meteorites, candlelight:spawns_tomatoes, minecraft:snow_golem_melts, naturalist:has_rattlesnake, galosphere:has_structure/forgotten_ruins, minecraft:is_badlands, structory:has_structure/ruins, c:mesa, minecraft:stronghold_biased_to, creeperoverhaul:has_badlands_creeper, c:is_hot/overworld, minecraft:spawns_warm_variant_frogs, bettermineshafts:has_structure/better_mineshaft_red_desert, bloomingnature:overworld, betterdungeons:has_structure/small_dungeon, c:is_sparse, structory_towers:has_structure/towers, endermanoverhaul:cave_spawns, minecraft:is_overworld, farmersdelight:wild_potatoes_whitelist, supplementaries:has_wild_flax, farmersdelight:has_wild_beetroots, betterstrongholds:has_structure/better_stronghold, endermanoverhaul:all_spawns, minecraft:has_structure/mineshaft, minecraft:has_structure/stronghold, naturalist:has_vulture, moremobvariants:wolf_striped_spawns, betterdungeons:has_structure/zombie_dungeon, endermanoverhaul:badlands_spawns, c:is_dry/overworld, bettermineshafts:has_structure/better_mineshaft_mesa, minecraft:spawns_warm_variant_farm_animals, farmersdelight:wild_tomatoes_whitelist, minecraft:has_structure/trial_chambers, farm_and_charm:spawns_wild_tomatoes_and_corn, c:is_dry, waystones:has_structure/waystone, friendsandfoes:has_rascal, explorify:has_structure/ruins, c:is_rare, minecraft:has_structure/ruined_portal_mountain, betterdungeons:has_structure/spider_dungeon, c:in_overworld"
74,"still_life:evergreen_taiga","friendsandfoes:has_structure/illusioner_shack, still_life:is_still_life, farm_and_charm:spawns_wild_oat, brewery:taiga, bloomingnature:has_structure/temperate, farm_and_charm:spawns_wild_strawberries, betterstrongholds:has_structure/better_stronghold, minecraft:spawns_cold_variant_farm_animals, farmersdelight:wild_onions_whitelist, friendsandfoes:has_rascal, farmersdelight:wild_potatoes_whitelist, farm_and_charm:spawns_wild_crops, c:tree_coniferous, structory:has_structure/ruins, structory_towers:has_structure/towers, betterdungeons:has_structure/small_dungeon, minecraft:has_structure/mineshaft, friendsandfoes:has_illusioner, betterdungeons:has_structure/skeleton_dungeon, underground_bunkers:has_structure/underground_bunker_biomes, structory:has_structure/ruin_taiga, naturalist:has_bluejay, vinery:spawns_taiga_grape, farmersdelight:wild_carrots_whitelist, betterstrongholds:has_structure/stronghold, bettermineshafts:has_structure/mineshaft, friendsandfoes:collections/taigas, minecraft:has_structure/ruined_portal_standard, minecraft:has_structure/stronghold, minecraft:has_structure/trail_ruins, minecraft:is_taiga, minecraft:stronghold_biased_to, supplementaries:has_wild_flax, t_and_t:has_structure/village_taiga, galosphere:has_structure/forgotten_ruins, bloomingnature:has_structure/taiga, betterdungeons:has_structure/zombie_dungeon, farm_and_charm:spawns_wild_potatoes, minecraft:is_overworld, bakery:spawns_strawberries, c:in_overworld, friendsandfoes:has_structure/illusioner_training_grounds, supplementaries:has_way_signs, naturalist:has_bear, minecraft:spawns_cold_variant_frogs, bettermineshafts:has_structure/better_mineshaft_spruce, minecraft:has_structure/pillager_outpost, betterdungeons:has_structure/spider_dungeon, meadow:spawns_buffalo, ae2:has_meteorites, explorify:has_structure/ruins, c:taiga, supplementaries:has_cave_urns"
75,"still_life:fen","endermanoverhaul:cave_spawns, still_life:is_still_life, farmersdelight:wild_carrots_whitelist, naturalist:has_alligator, structory_towers:has_structure/towers, explorify:has_structure/ruins, meadow:spawns_water_buffalo, naturalist:has_catfish, naturalist:has_bass, minecraft:spawns_cold_variant_frogs, naturalist:has_firefly, minecraft:has_structure/ruined_portal_swamp, betterwitchhuts:has_structure/witch_circle, farmersdelight:wild_potatoes_whitelist, minecraft:has_structure/swamp_hut, c:climate_wet, c:swamp, endermanoverhaul:all_spawns, yungsextras:has_structure/swamp_structures, betterstrongholds:has_structure/stronghold, supplementaries:has_wild_flax, minecraft:is_swamp, naturalist:has_lizard, naturalist:has_snake, minecraft:water_on_map_outlines, minecraft:spawns_cold_variant_farm_animals, naturalist:has_dragonfly, c:in_overworld, betterwitchhuts:has_structure/better_witch_hut, t_and_t:has_structure/village_swamp, supplementaries:has_way_signs, betterdungeons:has_structure/skeleton_dungeon, naturalist:has_tortoise, minecraft:allows_surface_slime_spawns, bettermineshafts:has_structure/mineshaft, friendsandfoes:has_rascal, ribbits:has_structure/ribbit_village, minecraft:has_structure/mineshaft, farmersdelight:wild_onions_whitelist, minecraft:is_overworld, betterdungeons:has_structure/zombie_dungeon, supplementaries:has_cave_urns, betterdungeons:has_structure/spider_dungeon, galosphere:has_structure/forgotten_ruins, naturalist:has_cardinal, minecraft:has_structure/stronghold, betterdungeons:has_structure/small_dungeon, minecraft:has_closer_water_fog, minecraft:stronghold_biased_to, naturalist:has_snail, untitledduckmod:duck_spawn, ae2:has_meteorites, naturalist:has_duck, endermanoverhaul:swamp_spawns, naturalist:has_butterfly, structory:has_structure/ruins, betterwitchhuts:has_structure/witch_hut"
76,"betternether:flooded_deltas","minecraft:has_structure/ruined_portal_nether, betternether:has_structure/ghast_hive, betternether:has_structure/pyramid, farmersdelight:has_wild_beetroots, minecraft:spawns_warm_variant_farm_animals, c:in_nether, betterfortresses:has_structure/better_fortress, c:climate_dry, c:climate_hot, minecraft:spawns_warm_variant_frogs, betternether:has_structure/nether_decorations, minecraft:has_structure/nether_fortress, betternether:biome, friendsandfoes:has_structure/citadel, minecraft:is_nether, betterdungeons:has_structure/small_nether_dungeon"
77,"still_life:flooded_grasslands","supplementaries:has_cave_urns, naturalist:has_snail, farmersdelight:wild_onions_whitelist, wildernature:spawns_bison, naturalist:has_sparrow, minecraft:has_closer_water_fog, bettermineshafts:has_structure/mineshaft, structory:has_structure/northern_ruin, farmersdelight:wild_potatoes_whitelist, vinery:spawns_grape, friendsandfoes:has_rascal, betterstrongholds:has_structure/better_stronghold, minecraft:has_structure/mineshaft, betterdungeons:has_structure/zombie_dungeon, betterdungeons:has_structure/skeleton_dungeon, c:in_overworld, structory_towers:has_structure/towers, naturalist:has_robin, explorify:has_structure/farmstead, structory:has_structure/ruins, minecraft:stronghold_biased_to, explorify:has_structure/tavern, minecraft:has_structure/village_plains, naturalist:has_deer, supplementaries:has_way_signs, minecraft:has_structure/ruined_portal_swamp, betterdungeons:has_structure/small_dungeon, naturalist:has_firefly, betterdungeons:has_structure/spider_dungeon, galosphere:has_structure/forgotten_ruins, minecraft:is_overworld, naturalist:has_snake, farmersdelight:wild_carrots_whitelist, supplementaries:has_wild_flax, explorify:has_structure/watchtower_plains, c:plains, minecraft:allows_surface_slime_spawns, minecraft:has_structure/stronghold, betterstrongholds:has_structure/stronghold, naturalist:has_butterfly, untitledduckmod:goose_spawn, loot_n_explore:has_structure/wizards_plains_structures, still_life:is_still_life, bettermineshafts:has_structure/better_mineshaft_oak, t_and_t:has_structure/village_plains, ae2:has_meteorites, minecraft:water_on_map_outlines, explorify:has_structure/ruins"
78,"still_life:flooded_savanna","farmersdelight:has_wild_beetroots, galosphere:has_structure/forgotten_ruins, loot_n_explore:has_structure/wizards_fire_monolith, naturalist:has_rattlesnake, meadow:spawns_sunset_cow, structory:has_structure/chapel, supplementaries:has_cave_urns, naturalist:has_snail, betterdungeons:has_structure/spider_dungeon, minecraft:has_structure/mineshaft, naturalist:has_hippo, herbalbrews:savanna_biomes, endermanoverhaul:savanna_spawns, farm_and_charm:spawns_wild_strawberries, naturalist:has_finch, wildernature:spawns_bison, minecraft:snow_golem_melts, t_and_t:has_structure/village_savanna, betterdungeons:has_structure/zombie_dungeon, friendsandfoes:has_savanna_mauler, still_life:is_still_life, naturalist:has_cardinal, minecraft:allows_surface_slime_spawns, minecraft:is_overworld, minecraft:water_on_map_outlines, naturalist:has_zebra, c:savanna, betterstrongholds:has_structure/stronghold, naturalist:has_vulture, farm_and_charm:spawns_wild_tomatoes_and_corn, minecraft:has_closer_water_fog, creeperoverhaul:has_savanna_creeper, minecraft:spawns_warm_variant_farm_animals, vinery:spawns_savanna_grape, minecraft:is_hot, c:climate_dry, minecraft:stronghold_biased_to, betterdungeons:has_structure/skeleton_dungeon, betterstrongholds:has_structure/better_stronghold, farmersdelight:wild_potatoes_whitelist, explorify:has_structure/ruins, betterdungeons:has_structure/small_dungeon, structory_towers:has_structure/towers, minecraft:has_structure/village_savanna, bakery:spawns_strawberries, naturalist:has_rhino, c:vegetation_sparse, naturalist:has_snake, naturalist:has_lion, minecraft:has_structure/ruined_portal_swamp, supplementaries:has_way_signs, structory:has_structure/ruins, naturalist:has_giraffe, minecraft:has_structure/stronghold, farmersdelight:wild_onions_whitelist, wildernature:spawns_boar, c:tree_savanna, naturalist:has_boar, endermanoverhaul:all_spawns, bettermineshafts:has_structure/better_mineshaft_acacia, farm_and_charm:spawns_wild_barley, explorify:has_structure/watchtower_savanna, c:climate_hot, naturalist:has_lizard, bettermineshafts:has_structure/mineshaft, minecraft:spawns_warm_variant_frogs, supplementaries:has_wild_flax, minecraft:is_savanna, ae2:has_meteorites, farmersdelight:wild_carrots_whitelist, friendsandfoes:has_rascal, minecraft:has_structure/pillager_outpost, endermanoverhaul:cave_spawns, wildernature:spawns_cassowary, candlelight:spawns_tomatoes, naturalist:has_elephant, c:in_overworld"
79,"minecraft:flower_forest","farm_and_charm:spawns_wild_crops, naturalist:has_finch, naturalist:has_deer, naturalist:has_butterfly, wildernature:spawns_patch_hazelnut_bush, naturalist:has_firefly, betterdungeons:has_structure/spider_dungeon, betterdungeons:has_structure/skeleton_dungeon, galosphere:has_structure/forgotten_ruins, farm_and_charm:spawns_wild_flowers, wildernature:spawns_hedgehog, moremobvariants:wolf_woods_spawns, meadow:spawns_umbra_cow, ecologics:has_squirrel, c:tree_deciduous, structory:has_structure/ruins, farm_and_charm:spawns_wild_emmer, minecraft:has_structure/mineshaft, structory_towers:oak_biomes, friendsandfoes:has_moobloom/buttercup, c:in_overworld, structory_towers:has_structure/towers, naturalist:has_robin, minecraft:has_structure/trial_chambers, underground_bunkers:has_structure/underground_bunker_biomes, meadow:spawns_buffalo, explorify:has_structure/tavern, friendsandfoes:has_buttercup_patch, minecraft:has_structure/stronghold, wildernature:spawns_squirrel, supplementaries:has_cave_urns, naturalist:has_snail, farmersdelight:wild_onions_whitelist, wildernature:spawns_owl, towns_and_towers:has_structure/village_flower_forest_japanese, endermanoverhaul:flower_fields_spawns, naturalist:has_cardinal, minecraft:is_overworld, betterstrongholds:has_structure/better_stronghold, c:is_rare, farm_and_charm:spawns_wild_strawberries, c:floral, farmersdelight:wild_potatoes_whitelist, farmersdelight:wild_carrots_whitelist, vinery:spawns_grape, minecraft:stronghold_biased_to, endermanoverhaul:all_spawns, betterdungeons:has_structure/zombie_dungeon, explorify:has_structure/mausoleum, supplementaries:has_way_signs, explorify:has_structure/supply_cache/forest, bloomingnature:overworld, naturalist:has_bear, bettermineshafts:has_structure/mineshaft, bloomingnature:flower_forest, endermanoverhaul:cave_spawns, crittersandcompanions:silk_cocoon_spawns, betterdungeons:has_structure/small_dungeon, towns_and_towers:has_structure/pillager_outpost_flower_forest, supplementaries:has_wild_flax, minecraft:has_structure/trail_ruins, waystones:has_structure/waystone, friendsandfoes:has_structure/beekeeper_hut, minecraft:has_structure/ruined_portal_standard, bettermineshafts:has_structure/better_mineshaft_overgrown, minecraft:is_forest, wildernature:spawns_boar, naturalist:has_lizard, friendsandfoes:has_rascal, betterstrongholds:has_structure/stronghold, naturalist:has_snake, hybrid-birds:rooster_spawn_biomes, friendsandfoes:has_moobloom/any, minecraft:has_structure/pillager_outpost, naturalist:has_boar, ae2:has_meteorites, farm_and_charm:spawns_wild_potatoes, c:flower_forests, explorify:has_structure/ruins, letsdoaddon-structures:has_structure/vinery, bakery:spawns_strawberries, wildernature:spawns_deer, wildernature:spawns_turkey, c:forest"
80,"betterend:foggy_mushroomland","c:is_end_highland, minecraft:is_end, minecraft:spawns_cold_variant_frogs, minecraft:has_structure/end_city, endermanoverhaul:end_spawns, betterend:has_structure/giant_mossy_glowshroom, explorify:has_structure/end_shipwreck, endermanoverhaul:end_islands_spawns, minecraft:spawns_cold_variant_farm_animals, c:in_the_end, betterend:has_structure/eternal_portal"
81,"minecraft:forest","minecraft:has_structure/ruined_portal_standard, wildernature:spawns_deer, minecraft:has_structure/mineshaft, towns_and_towers:has_structure/village_forest_ruins, wildernature:spawns_patch_hazelnut_bush, ae2:has_meteorites, supplementaries:has_way_signs, supplementaries:has_cave_urns, naturalist:has_finch, bettermineshafts:has_structure/mineshaft, betterdungeons:has_structure/small_dungeon, wildernature:spawns_hedgehog, minecraft:has_structure/pillager_outpost, naturalist:has_butterfly, explorify:has_structure/ruins, minecraft:has_structure/trail_ruins, naturalist:has_snake, bakery:has_structure/bakery, farm_and_charm:spawns_wild_flowers, hybrid-birds:turkey_spawn_biomes, wildernature:spawns_turkey, meadow:spawns_umbra_cow, waystones:has_structure/waystone, minecraft:has_structure/stronghold, crittersandcompanions:silk_cocoon_spawns, minecraft:stronghold_biased_to, galosphere:has_structure/forgotten_ruins, c:climate_temperate, candlelight:spawns_rose, wildernature:spawns_squirrel, c:forest, betterstrongholds:has_structure/better_stronghold, naturalist:has_robin, explorify:has_structure/supply_cache/forest, farm_and_charm:spawns_wild_crops, bettermineshafts:has_structure/better_mineshaft_overgrown, wildernature:spawns_owl, naturalist:has_cardinal, structory_towers:has_structure/towers, betterdungeons:has_structure/spider_dungeon, bloomingnature:forest, farm_and_charm:spawns_wild_emmer, betterdungeons:has_structure/skeleton_dungeon, meadow:spawns_buffalo, naturalist:has_boar, farmersdelight:wild_onions_whitelist, c:in_overworld, structory_towers:oak_biomes, farm_and_charm:spawns_wild_strawberries, naturalist:has_deer, minecraft:is_forest, explorify:has_structure/mausoleum, farmersdelight:wild_potatoes_whitelist, naturalist:has_firefly, farmersdelight:wild_carrots_whitelist, structory:has_structure/ruins, betterdungeons:has_structure/zombie_dungeon, towns_and_towers:has_structure/pillager_outpost_forest, naturalist:has_bear, structory:has_structure/outcast_villager_grassy, explorify:has_structure/tavern, minecraft:is_overworld, betterstrongholds:has_structure/stronghold, bakery:spawns_strawberries, minecraft:has_structure/trial_chambers, c:tree_deciduous, vinery:spawns_grape, moremobvariants:wolf_woods_spawns, hybrid-birds:rooster_spawn_biomes, supplementaries:has_wild_flax, naturalist:has_snail, bloomingnature:overworld, farm_and_charm:spawns_wild_potatoes, wildernature:spawns_boar, structory:has_structure/chapel, underground_bunkers:has_structure/underground_bunker_biomes, ecologics:has_squirrel, naturalist:has_lizard, friendsandfoes:has_rascal"
82,"still_life:frozen_caves","farmersdelight:wild_potatoes_whitelist, supplementaries:has_wild_flax, c:cave, minecraft:stronghold_biased_to, friendsandfoes:has_rascal, minecraft:spawns_white_rabbits, ecologics:has_penguin, minecraft:has_structure/stronghold, farmersdelight:wild_onions_whitelist, supplementaries:has_way_signs, minecraft:spawns_snow_foxes, still_life:is_caves, minecraft:is_overworld, structory:has_structure/ruins, minecraft:spawns_cold_variant_farm_animals, minecraft:has_structure/mineshaft, betterdungeons:has_structure/zombie_dungeon, betterdungeons:has_structure/spider_dungeon, bettermineshafts:has_structure/mineshaft, galosphere:has_structure/forgotten_ruins, structory_towers:has_structure/towers, minecraft:has_structure/trial_chambers, minecraft:is_cold, ae2:has_meteorites, creeperoverhaul:has_snowy_creeper, explorify:has_structure/ruins, betterstrongholds:has_structure/stronghold, supplementaries:has_cave_urns, c:climate_cold, creeperoverhaul:has_cave_creeper, betterdungeons:has_structure/small_dungeon, betterdungeons:has_structure/skeleton_dungeon, c:in_overworld, minecraft:spawns_cold_variant_frogs, still_life:is_still_life, farmersdelight:wild_carrots_whitelist"
83,"minecraft:frozen_ocean","minecraft:is_overworld, waystones:has_structure/waystone, c:climate_wet, c:in_overworld, minecraft:water_on_map_outlines, minecraft:spawns_cold_variant_frogs, minecraft:has_structure/mineshaft, elemental_wizards_rpg:has_structure/water_wizard, farmersdelight:wild_potatoes_whitelist, c:aquatic_icy, minecraft:required_ocean_monument_surrounding, bettermineshafts:has_structure/mineshaft, structory_towers:has_structure/towers, minecraft:has_structure/ocean_ruin_cold, friendsandfoes:has_rascal, wildernature:spawns_penguin, hybrid-aquatic:arctic_oceans, elemental_wizards_rpg:has_structure/wind_wizard, explorify:has_structure/ruins, supplementaries:has_cave_urns, structory:has_structure/ruins, betterdungeons:has_structure/skeleton_dungeon, supplementaries:has_wild_flax, betterdungeons:has_structure/spider_dungeon, minecraft:has_structure/ruined_portal_ocean, minecraft:has_structure/stronghold, farmersdelight:wild_onions_whitelist, supplementaries:has_way_signs, minecraft:spawns_snow_foxes, minecraft:has_structure/trial_chambers, c:is_cold, ae2:has_meteorites, minecraft:has_structure/shipwreck, minecraft:plays_underwater_music, c:is_water, hybrid-aquatic:bottle_spawn_biomes, betterstrongholds:has_structure/stronghold, c:aquatic, loot_n_explore:has_structure/wizards_wind_tower, betterdungeons:has_structure/small_dungeon, minecraft:spawns_cold_variant_farm_animals, minecraft:is_ocean, loot_n_explore:has_structure/wizards_water_monolith, farmersdelight:wild_carrots_whitelist, betterdungeons:has_structure/zombie_dungeon, c:is_cold/overworld, c:ocean, bloomingnature:overworld, hybrid-aquatic:shallow_arctic_oceans, c:is_snowy, minecraft:spawns_white_rabbits, galosphere:has_structure/forgotten_ruins, minecraft:polar_bears_spawn_on_alternate_blocks, c:shallow_ocean"
84,"minecraft:frozen_peaks","c:mountain_peak, creeperoverhaul:has_snowy_creeper, structory_towers:has_structure/towers, moremobvariants:sheep_spawn_with_horns, minecraft:has_structure/stronghold, naturalist:blacklist/blacklist_snake, minecraft:spawns_snow_foxes, waystones:has_structure/waystone, naturalist:blacklist/blacklist_dragonfly, naturalist:blacklist/blacklist_zebra, c:is_sparse, naturalist:has_robin, minecraft:has_structure/ruined_portal_mountain, betterdungeons:has_structure/zombie_dungeon, bettermineshafts:has_structure/better_mineshaft_ice, minecraft:has_structure/pillager_outpost, galosphere:has_structure/forgotten_ruins, c:is_cold/overworld, naturalist:blacklist/blacklist_tortoise, c:is_snowy, structory_towers:mountain_peaks, elemental_wizards_rpg:has_structure/wind_wizard_monolith, loot_n_explore:has_structure/wizards_icy_snowy, naturalist:has_bluejay, explorify:has_structure/ruins, c:climate_cold, minecraft:has_structure/trial_chambers, naturalist:blacklist/blacklist_firefly, minecraft:has_structure/mineshaft, c:is_peak, farmersdelight:wild_potatoes_whitelist, farmersdelight:wild_carrots_whitelist, friendsandfoes:has_rascal, c:icy, minecraft:increased_fire_burnout, naturalist:blacklist/blacklist_hippo, structory:has_structure/ruins, farmersdelight:wild_onions_whitelist, c:mountain, naturalist:blacklist/blacklist_elephant, meadow:spawns_rocky_sheep, minecraft:spawns_cold_variant_frogs, supplementaries:has_cave_urns, herbalbrews:mountain_biomes, supplementaries:has_way_signs, vinery:spawns_grape, minecraft:spawns_cold_variant_farm_animals, naturalist:blacklist/blacklist_lizard, betterdungeons:has_structure/spider_dungeon, ecologics:has_penguin, loot_n_explore:has_structure/wizards_frost_tower, naturalist:has_bear, naturalist:has_canary, c:is_mountain, bettermineshafts:has_structure/mineshaft, c:is_sparse/overworld, minecraft:is_overworld, minecraft:stronghold_biased_to, elemental_wizards_rpg:has_structure/earth_wizard, c:is_cold, naturalist:has_snail, naturalist:blacklist/blacklist_lion, naturalist:blacklist/blacklist_snail, betterdungeons:has_structure/small_dungeon, ae2:has_meteorites, betterstrongholds:has_structure/stronghold, minecraft:spawns_white_rabbits, loot_n_explore:has_structure/wizards_earth_tower, underground_bunkers:has_structure/underground_bunker_biomes, naturalist:blacklist/blacklist_butterfly, minecraft:is_mountain, naturalist:blacklist/blacklist_alligator, naturalist:blacklist/blacklist_coral_snake, wildernature:spawns_minisheep, betterstrongholds:has_structure/better_stronghold, loot_n_explore:has_structure/wizards_wind_monolith, powah:has_dry_ice, bloomingnature:overworld, betterdungeons:has_structure/skeleton_dungeon, explorify:has_structure/guide_post_cold, supplementaries:has_wild_flax, c:in_overworld, vinery:spawns_taiga_grape, naturalist:blacklist/blacklist_rhino, naturalist:blacklist/blacklist_giraffe"
85,"minecraft:frozen_river","minecraft:more_frequent_drowned_spawns, minecraft:spawns_snow_foxes, naturalist:has_duck, c:aquatic_icy, c:is_cold, minecraft:plays_underwater_music, c:river, loot_n_explore:has_structure/wizards_wind_tower, minecraft:has_structure/trial_chambers, minecraft:reduce_water_ambient_spawns, supplementaries:has_way_signs, elemental_wizards_rpg:has_structure/water_wizard_river, bloomingnature:overworld, betterdungeons:has_structure/small_dungeon, minecraft:has_structure/stronghold, bettermineshafts:has_structure/mineshaft, naturalist:has_coral_snake, minecraft:spawns_white_rabbits, supplementaries:has_wild_flax, friendsandfoes:has_rascal, betterdungeons:has_structure/spider_dungeon, wildernature:spawns_pelican, betterstrongholds:has_structure/stronghold, minecraft:is_river, galosphere:has_structure/forgotten_ruins, c:climate_wet, c:is_water, untitledduckmod:duck_spawn, minecraft:spawns_cold_variant_frogs, moremobvariants:sheep_spawn_with_horns, minecraft:has_structure/mineshaft, ae2:has_meteorites, farmersdelight:wild_potatoes_whitelist, farmersdelight:wild_carrots_whitelist, c:is_snowy, minecraft:spawns_cold_variant_farm_animals, explorify:has_structure/ruins, c:in_overworld, vinery:spawns_grape, structory_towers:has_structure/towers, elemental_wizards_rpg:has_structure/wind_wizard, betterdungeons:has_structure/zombie_dungeon, c:aquatic, minecraft:required_ocean_monument_surrounding, supplementaries:has_cave_urns, naturalist:has_snail, farmersdelight:wild_onions_whitelist, waystones:has_structure/waystone, minecraft:has_structure/ruined_portal_standard, minecraft:is_overworld, minecraft:water_on_map_outlines, betterdungeons:has_structure/skeleton_dungeon, untitledduckmod:goose_spawn, naturalist:has_bass, c:is_cold/overworld, structory:has_structure/ruins"
86,"still_life:glacial_basin","minecraft:spawns_cold_variant_frogs, friendsandfoes:has_rascal, betterdungeons:has_structure/small_dungeon, minecraft:has_structure/mineshaft, betterdungeons:has_structure/zombie_dungeon, galosphere:has_structure/forgotten_ruins, c:climate_cold, betterdungeons:has_structure/spider_dungeon, farmersdelight:wild_carrots_whitelist, minecraft:spawns_snow_foxes, ae2:has_meteorites, farmersdelight:wild_onions_whitelist, bettermineshafts:has_structure/mineshaft, minecraft:stronghold_biased_to, minecraft:is_cold, creeperoverhaul:has_snowy_creeper, minecraft:spawns_white_rabbits, farmersdelight:wild_potatoes_whitelist, supplementaries:has_way_signs, still_life:is_still_life, minecraft:is_overworld, supplementaries:has_wild_flax, betterdungeons:has_structure/skeleton_dungeon, ecologics:has_penguin, structory_towers:has_structure/towers, explorify:has_structure/ruins, supplementaries:has_cave_urns, c:in_overworld, structory:has_structure/ruins, minecraft:has_structure/stronghold, betterstrongholds:has_structure/stronghold, minecraft:spawns_cold_variant_farm_animals"
87,"still_life:glowing_caves","hybrid-aquatic:caves, farmersdelight:wild_potatoes_whitelist, betterdungeons:has_structure/skeleton_dungeon, supplementaries:has_cave_urns, farmersdelight:wild_carrots_whitelist, galosphere:has_structure/forgotten_ruins, c:cave, betterdungeons:has_structure/zombie_dungeon, betterstrongholds:has_structure/stronghold, explorify:has_structure/ruins, betterdungeons:has_structure/small_dungeon, c:in_overworld, minecraft:has_structure/trial_chambers, farmersdelight:wild_onions_whitelist, minecraft:is_overworld, ae2:has_meteorites, creeperoverhaul:has_cave_creeper, betterdungeons:has_structure/spider_dungeon, supplementaries:has_way_signs, still_life:is_still_life, structory_towers:has_structure/towers, friendsandfoes:has_rascal, structory:has_structure/ruins, supplementaries:has_wild_flax, bettermineshafts:has_structure/mineshaft, minecraft:stronghold_biased_to, minecraft:has_structure/mineshaft, minecraft:has_structure/stronghold, still_life:is_caves"
88,"betterend:glowing_grasslands","betterend:has_structure/end_village, minecraft:is_end, endermanoverhaul:end_spawns, endermanoverhaul:end_islands_spawns, minecraft:has_structure/end_city, minecraft:spawns_cold_variant_farm_animals, explorify:has_structure/end_shipwreck, c:in_the_end, c:is_end_highland, minecraft:spawns_cold_variant_frogs"
89,"still_life:grassland_savanna","structory:has_structure/chapel, explorify:has_structure/ruins, candlelight:spawns_tomatoes, bettermineshafts:has_structure/better_mineshaft_acacia, naturalist:has_vulture, minecraft:has_structure/village_savanna, supplementaries:has_way_signs, c:tree_savanna, c:in_overworld, naturalist:has_finch, c:climate_dry, endermanoverhaul:all_spawns, farm_and_charm:spawns_wild_barley, farm_and_charm:spawns_wild_tomatoes_and_corn, herbalbrews:savanna_biomes, loot_n_explore:has_structure/wizards_fire_monolith, c:savanna, endermanoverhaul:cave_spawns, betterstrongholds:has_structure/better_stronghold, supplementaries:has_wild_flax, minecraft:spawns_warm_variant_farm_animals, naturalist:has_zebra, naturalist:has_lion, minecraft:snow_golem_melts, friendsandfoes:has_savanna_mauler, minecraft:spawns_warm_variant_frogs, supplementaries:has_cave_urns, minecraft:stronghold_biased_to, bettermineshafts:has_structure/mineshaft, t_and_t:has_structure/village_savanna, naturalist:has_boar, c:climate_hot, still_life:is_still_life, minecraft:is_overworld, wildernature:spawns_cassowary, naturalist:has_lizard, c:vegetation_sparse, vinery:spawns_savanna_grape, minecraft:has_structure/stronghold, meadow:spawns_sunset_cow, naturalist:has_snail, betterdungeons:has_structure/spider_dungeon, wildernature:spawns_bison, farmersdelight:wild_onions_whitelist, farmersdelight:wild_potatoes_whitelist, structory_towers:has_structure/towers, creeperoverhaul:has_savanna_creeper, naturalist:has_giraffe, betterdungeons:has_structure/small_dungeon, farm_and_charm:spawns_wild_strawberries, betterstrongholds:has_structure/stronghold, structory:has_structure/ruins, bakery:spawns_strawberries, naturalist:has_elephant, farmersdelight:wild_carrots_whitelist, minecraft:has_structure/pillager_outpost, naturalist:has_cardinal, betterdungeons:has_structure/zombie_dungeon, galosphere:has_structure/forgotten_ruins, minecraft:is_savanna, explorify:has_structure/watchtower_savanna, naturalist:has_rhino, endermanoverhaul:savanna_spawns, naturalist:has_rattlesnake, farmersdelight:has_wild_beetroots, wildernature:spawns_boar, naturalist:has_hippo, c:savana, friendsandfoes:has_rascal, naturalist:has_snake, ae2:has_meteorites, betterdungeons:has_structure/skeleton_dungeon, minecraft:is_hot, minecraft:has_structure/mineshaft"
90,"betternether:gravel_desert","c:in_nether, minecraft:is_nether, minecraft:has_structure/nether_fortress, minecraft:spawns_warm_variant_farm_animals, friendsandfoes:has_structure/citadel, betternether:has_structure/nether_decorations, betterfortresses:has_structure/better_fortress, farmersdelight:has_wild_beetroots, minecraft:spawns_warm_variant_frogs, betternether:has_structure/ghast_hive, betternether:has_structure/pyramid, betternether:biome, c:climate_hot, betterdungeons:has_structure/small_nether_dungeon, minecraft:has_structure/ruined_portal_nether, minecraft:has_structure/bastion_remnant, betternether:has_structure/nether_city, explorify:has_structure/black_spiral, c:climate_dry"
91,"minecraft:grove","c:is_slope, naturalist:has_snail, supplementaries:has_wild_flax, minecraft:spawns_cold_variant_farm_animals, betterdungeons:has_structure/zombie_dungeon, c:is_snowy, supplementaries:has_way_signs, betterstrongholds:has_structure/stronghold, bettermineshafts:has_structure/mineshaft, explorify:has_structure/ruins, underground_bunkers:has_structure/underground_bunker_biomes, bloomingnature:overworld, ae2:has_meteorites, naturalist:has_finch, minecraft:has_structure/trail_ruins, farm_and_charm:spawns_wild_strawberries, minecraft:has_structure/ruined_portal_standard, naturalist:has_firefly, explorify:has_structure/guide_post_cold, naturalist:has_lizard, moremobvariants:wolf_woods_spawns, minecraft:spawns_cold_variant_frogs, naturalist:has_boar, structory_towers:mountain_peaks, naturalist:has_bear, friendsandfoes:has_iceologer, minecraft:is_overworld, minecraft:spawns_white_rabbits, ecologics:has_squirrel, betterstrongholds:has_structure/better_stronghold, naturalist:has_snake, moremobvariants:wolf_snowy_spawns, wildernature:spawns_hedgehog, farm_and_charm:spawns_wild_crops, bettermineshafts:has_structure/better_mineshaft_overgrown, minecraft:is_forest, betterdungeons:has_structure/small_dungeon, friendsandfoes:collections/snowy_forest, c:is_cold, minecraft:has_structure/stronghold, towns_and_towers:has_structure/pillager_outpost_grove, moremobvariants:sheep_spawn_with_horns, wildernature:spawns_owl, naturalist:has_robin, farm_and_charm:spawns_wild_emmer, ecologics:has_penguin, wildernature:spawns_boar, galosphere:has_structure/forgotten_ruins, c:forest, c:is_coniferous, minecraft:stronghold_biased_to, explorify:has_structure/mausoleum, farmersdelight:wild_potatoes_whitelist, meadow:spawns_umbra_cow, bakery:spawns_strawberries, waystones:has_structure/waystone, structory:has_structure/ruins, betterdungeons:has_structure/spider_dungeon, betterdungeons:has_structure/skeleton_dungeon, minecraft:has_structure/pillager_outpost, minecraft:spawns_snow_foxes, minecraft:has_structure/mineshaft, naturalist:has_deer, structory_towers:taigas, farm_and_charm:spawns_wild_potatoes, naturalist:has_butterfly, farmersdelight:wild_carrots_whitelist, bloomingnature:grove, c:climate_cold, naturalist:has_cardinal, meadow:spawns_buffalo, friendsandfoes:has_structure/iceologer_cabin, structory_towers:has_structure/towers, c:is_mountain, creeperoverhaul:has_snowy_creeper, supplementaries:has_cave_urns, friendsandfoes:collections/snowy, minecraft:has_structure/trial_chambers, c:is_cold/overworld, friendsandfoes:has_rascal, c:in_overworld, farm_and_charm:spawns_wild_flowers, wildernature:spawns_deer, crittersandcompanions:silk_cocoon_spawns, c:tree_coniferous, wildernature:spawns_turkey, towns_and_towers:has_structure/village_grove_villager_outpost, farmersdelight:wild_onions_whitelist, vinery:spawns_grape"
92,"still_life:haunted_depths","betterdungeons:has_structure/small_dungeon, supplementaries:has_wild_flax, farmersdelight:wild_onions_whitelist, friendsandfoes:has_rascal, explorify:has_structure/ruins, structory:has_structure/ruins, minecraft:has_structure/stronghold, farmersdelight:wild_carrots_whitelist, bettermineshafts:has_structure/mineshaft, c:in_overworld, ae2:has_meteorites, creeperoverhaul:has_cave_creeper, minecraft:stronghold_biased_to, betterdungeons:has_structure/skeleton_dungeon, farmersdelight:wild_potatoes_whitelist, betterdungeons:has_structure/spider_dungeon, c:cave, supplementaries:has_cave_urns, supplementaries:has_way_signs, still_life:is_still_life, minecraft:is_overworld, galosphere:has_structure/forgotten_ruins, minecraft:has_structure/mineshaft, betterstrongholds:has_structure/stronghold, betterdungeons:has_structure/zombie_dungeon, structory_towers:has_structure/towers"
93,"still_life:humid_savanna","naturalist:has_finch, minecraft:is_savanna, vinery:spawns_savanna_grape, farm_and_charm:spawns_wild_barley, wildernature:spawns_boar, c:tree_savanna, underground_bunkers:has_structure/underground_bunker_biomes, towns_and_towers:has_structure/pillager_outpost_jungle, c:climate_hot, vinery:spawns_jungle_grape, wildernature:spawns_bison, betterstrongholds:has_structure/better_stronghold, creeperoverhaul:has_savanna_creeper, naturalist:has_tortoise, minecraft:is_hot, candlelight:spawns_tomatoes, crittersandcompanions:silk_cocoon_spawns, minecraft:has_structure/ruined_portal_jungle, naturalist:has_vulture, loot_n_explore:has_structure/wizards_fire_monolith, naturalist:has_giraffe, bakery:spawns_strawberries, structory_towers:has_structure/towers, betterdungeons:has_structure/zombie_dungeon, betterdungeons:has_structure/spider_dungeon, meadow:spawns_sunset_cow, c:jungle, naturalist:has_cardinal, loot_n_explore:has_structure/wizards_wind_tower, hybrid-aquatic:jungle, c:vegetation_dense, naturalist:has_zebra, supplementaries:has_way_signs, bettermineshafts:has_structure/better_mineshaft_acacia, betterdungeons:has_structure/skeleton_dungeon, c:climate_wet, c:climate_dry, naturalist:has_lion, still_life:is_still_life, farmersdelight:wild_carrots_whitelist, naturalist:has_rhino, minecraft:is_overworld, c:savanna, supplementaries:has_cave_urns, wildernature:spawns_cassowary, galosphere:has_structure/forgotten_ruins, farmersdelight:has_wild_beetroots, minecraft:is_jungle, c:tree_jungle, farmersdelight:wild_potatoes_whitelist, minecraft:stronghold_biased_to, c:savana, naturalist:has_boar, naturalist:has_snail, bettermineshafts:has_structure/better_mineshaft_jungle, explorify:has_structure/watchtower_savanna, ae2:has_meteorites, endermanoverhaul:all_spawns, minecraft:has_structure/pillager_outpost, elemental_wizards_rpg:has_structure/wind_wizard, naturalist:has_hippo, friendsandfoes:has_rascal, minecraft:has_structure/trail_ruins, endermanoverhaul:cave_spawns, minecraft:has_structure/mineshaft, explorify:has_structure/ruins, herbalbrews:jungle_biomes, creeperoverhaul:has_jungle_creeper, betterdungeons:has_structure/small_dungeon, c:vegetation_sparse, friendsandfoes:has_savanna_mauler, structory:has_structure/chapel, towns_and_towers:has_structure/village_jungle_tribal, structory:has_structure/ruins, betterstrongholds:has_structure/stronghold, supplementaries:has_wild_flax, naturalist:has_lizard, naturalist:has_elephant, naturalist:has_snake, betterjungletemples:has_structure/jungle_temple, farmersdelight:wild_onions_whitelist, t_and_t:has_structure/village_savanna, endermanoverhaul:savanna_spawns, minecraft:spawns_warm_variant_farm_animals, c:in_overworld, minecraft:spawns_warm_variant_frogs, minecraft:has_structure/stronghold, farm_and_charm:spawns_wild_strawberries, minecraft:has_structure/village_savanna, minecraft:snow_golem_melts, naturalist:has_rattlesnake, herbalbrews:savanna_biomes, bettermineshafts:has_structure/mineshaft, naturalist:has_coral_snake, farm_and_charm:spawns_wild_tomatoes_and_corn"
94,"minecraft:ice_spikes","moremobvariants:sheep_spawn_with_horns, naturalist:blacklist/blacklist_hippo, bettermineshafts:has_structure/mineshaft, betterstrongholds:has_structure/stronghold, bettermineshafts:has_structure/better_mineshaft_ice, wildernature:spawns_penguin, creeperoverhaul:has_snowy_creeper, farmersdelight:wild_potatoes_whitelist, naturalist:blacklist/blacklist_giraffe, betterdungeons:has_structure/spider_dungeon, c:climate_cold, minecraft:has_structure/ruined_portal_standard, galosphere:has_structure/forgotten_ruins, loot_n_explore:has_structure/wizards_frost_tower, c:in_overworld, endermanoverhaul:ice_spikes_spawns, c:is_cold, loot_n_explore:has_structure/wizards_icy_snowy, naturalist:blacklist/blacklist_elephant, naturalist:blacklist/blacklist_lion, naturalist:blacklist/blacklist_tortoise, naturalist:blacklist/blacklist_snail, minecraft:spawns_white_rabbits, naturalist:blacklist/blacklist_zebra, ae2:has_meteorites, structory:has_structure/ruins, minecraft:has_structure/mineshaft, betterdungeons:has_structure/zombie_dungeon, naturalist:blacklist/blacklist_dragonfly, minecraft:spawns_cold_variant_farm_animals, structory_towers:has_structure/towers, minecraft:has_structure/trial_chambers, powah:has_dry_ice, naturalist:blacklist/blacklist_butterfly, naturalist:has_bluejay, supplementaries:has_cave_urns, supplementaries:has_way_signs, friendsandfoes:has_rascal, explorify:has_structure/ruins, c:is_rare, minecraft:stronghold_biased_to, bloomingnature:overworld, betterdungeons:has_structure/skeleton_dungeon, naturalist:blacklist/blacklist_rhino, supplementaries:has_wild_flax, naturalist:blacklist/blacklist_snake, c:is_cold/overworld, minecraft:spawns_cold_variant_frogs, endermanoverhaul:cave_spawns, endermanoverhaul:all_spawns, naturalist:blacklist/blacklist_alligator, minecraft:has_structure/stronghold, farmersdelight:wild_carrots_whitelist, minecraft:is_overworld, c:is_snowy, betterstrongholds:has_structure/better_stronghold, waystones:has_structure/waystone, naturalist:blacklist/blacklist_lizard, ecologics:has_penguin, betterdungeons:has_structure/small_dungeon, c:icy, minecraft:spawns_snow_foxes, naturalist:blacklist/blacklist_coral_snake, farmersdelight:wild_onions_whitelist, naturalist:blacklist/blacklist_firefly"
95,"betterend:ice_starfield","c:is_small_end_island, endermanoverhaul:end_spawns, minecraft:spawns_cold_variant_farm_animals, c:in_the_end, minecraft:is_end, minecraft:spawns_cold_variant_frogs, betterend:has_structure/giant_ice_star"
96,"incendium:infernal_dunes","minecraft:has_structure/ruined_portal_nether, incendium:all_incendium_biomes, forge:is_hot/nether, forge:is_dry/nether, farmersdelight:has_wild_beetroots, minecraft:spawns_warm_variant_farm_animals, c:in_nether, betterfortresses:has_structure/better_fortress, c:climate_dry, c:climate_hot, minecraft:spawns_warm_variant_frogs, minecraft:has_structure/nether_fortress, friendsandfoes:has_structure/citadel, incendium:structure/has_pipeline, minecraft:is_nether, betterdungeons:has_structure/small_nether_dungeon"
97,"still_life:infested_tunnels","betterdungeons:has_structure/small_dungeon, minecraft:has_structure/stronghold, bettermineshafts:has_structure/mineshaft, supplementaries:has_cave_urns, farmersdelight:wild_onions_whitelist, still_life:is_caves, supplementaries:has_wild_flax, minecraft:is_overworld, friendsandfoes:has_rascal, betterdungeons:has_structure/skeleton_dungeon, betterdungeons:has_structure/spider_dungeon, betterstrongholds:has_structure/stronghold, galosphere:has_structure/forgotten_ruins, structory:has_structure/ruins, minecraft:has_structure/mineshaft, ae2:has_meteorites, farmersdelight:wild_potatoes_whitelist, farmersdelight:wild_carrots_whitelist, explorify:has_structure/ruins, c:in_overworld, c:cave, structory_towers:has_structure/towers, minecraft:stronghold_biased_to, creeperoverhaul:has_cave_creeper, betterdungeons:has_structure/zombie_dungeon, minecraft:has_structure/trial_chambers, supplementaries:has_way_signs, still_life:is_still_life"
98,"incendium:inverted_forest","betterdungeons:has_structure/small_nether_dungeon, c:in_nether, incendium:all_incendium_biomes, minecraft:has_structure/nether_fortress, explorify:has_structure/black_spiral, minecraft:spawns_warm_variant_farm_animals, c:climate_dry, c:climate_hot, minecraft:spawns_warm_variant_frogs, structory_towers:warped_forests, minecraft:has_structure/ruined_portal_nether, c:nether_forests, minecraft:has_structure/bastion_remnant, betterfortresses:has_structure/better_fortress, friendsandfoes:has_structure/citadel, farmersdelight:has_wild_beetroots, minecraft:is_nether, forge:is_hot/nether"
99,"betterend:jade_cave","minecraft:spawns_cold_variant_farm_animals, endermanoverhaul:end_spawns, minecraft:spawns_cold_variant_frogs, minecraft:is_end, c:in_the_end"
100,"minecraft:jagged_peaks","moremobvariants:sheep_spawn_with_horns, bettermineshafts:has_structure/mineshaft, betterstrongholds:has_structure/stronghold, bettermineshafts:has_structure/better_mineshaft_spruce_snowy, naturalist:has_bear, creeperoverhaul:has_snowy_creeper, c:is_sparse/overworld, farmersdelight:wild_potatoes_whitelist, betterdungeons:has_structure/spider_dungeon, c:climate_cold, naturalist:has_canary, naturalist:has_robin, loot_n_explore:has_structure/wizards_wind_monolith, herbalbrews:mountain_biomes, galosphere:has_structure/forgotten_ruins, c:in_overworld, explorify:has_structure/guide_post_cold, c:is_cold, minecraft:is_mountain, minecraft:has_structure/ruined_portal_mountain, minecraft:spawns_white_rabbits, underground_bunkers:has_structure/underground_bunker_biomes, structory_towers:mountain_peaks, ae2:has_meteorites, structory:has_structure/ruins, minecraft:has_structure/mineshaft, betterdungeons:has_structure/zombie_dungeon, minecraft:spawns_cold_variant_farm_animals, elemental_wizards_rpg:has_structure/earth_wizard, minecraft:has_structure/trial_chambers, structory_towers:has_structure/towers, elemental_wizards_rpg:has_structure/wind_wizard_monolith, c:is_sparse, wildernature:spawns_minisheep, supplementaries:has_cave_urns, minecraft:has_structure/pillager_outpost, supplementaries:has_way_signs, naturalist:has_snail, explorify:has_structure/ruins, friendsandfoes:has_rascal, minecraft:stronghold_biased_to, c:mountain_peak, bloomingnature:overworld, vinery:spawns_taiga_grape, betterdungeons:has_structure/skeleton_dungeon, meadow:spawns_rocky_sheep, supplementaries:has_wild_flax, c:is_cold/overworld, minecraft:increased_fire_burnout, minecraft:spawns_cold_variant_frogs, minecraft:is_overworld, minecraft:has_structure/stronghold, farmersdelight:wild_carrots_whitelist, loot_n_explore:has_structure/wizards_earth_tower, c:is_mountain, c:is_snowy, c:is_peak, betterstrongholds:has_structure/better_stronghold, waystones:has_structure/waystone, ecologics:has_penguin, betterdungeons:has_structure/small_dungeon, vinery:spawns_grape, minecraft:spawns_snow_foxes, farmersdelight:wild_onions_whitelist, c:mountain"
101,"minecraft:jungle","minecraft:has_structure/ruined_portal_jungle, minecraft:has_structure/mineshaft, elemental_wizards_rpg:has_structure/wind_wizard, naturalist:has_coral_snake, c:jungle, naturalist:has_hippo, explorify:has_structure/supply_cache/jungle, loot_n_explore:has_structure/wizards_wind_tower, ae2:has_meteorites, supplementaries:has_way_signs, supplementaries:has_cave_urns, farmersdelight:has_wild_beetroots, bloomingnature:jungle, bettermineshafts:has_structure/mineshaft, betterdungeons:has_structure/small_dungeon, structory:has_structure/jungle_well, c:is_hot, minecraft:is_jungle, explorify:has_structure/ruins, minecraft:has_structure/trail_ruins, c:is_dense/overworld, naturalist:has_snake, naturalist:has_tortoise, c:tree_jungle, vinery:spawns_jungle_grape, wildernature:spawns_cassowary, towns_and_towers:has_structure/pillager_outpost_jungle, betterjungletemples:has_structure/better_jungle_temple, hybrid-aquatic:jungle, farmersdelight:wild_rice_whitelist, minecraft:has_structure/jungle_temple, minecraft:has_structure/stronghold, crittersandcompanions:silk_cocoon_spawns, bettermineshafts:has_structure/better_mineshaft_jungle, minecraft:stronghold_biased_to, moremobvariants:spawn_mossy_skeletons, bloomingnature:has_structure/jungle, galosphere:has_structure/forgotten_ruins, farmersdelight:wild_tomatoes_whitelist, minecraft:spawns_warm_variant_farm_animals, minecraft:increased_fire_burnout, betterstrongholds:has_structure/better_stronghold, c:is_hot/overworld, c:is_wet, c:climate_hot, c:vegetation_dense, structory_towers:has_structure/towers, betterdungeons:has_structure/spider_dungeon, c:is_dense, waystones:has_structure/mossy_waystone, structory_towers:jungles, betterdungeons:has_structure/skeleton_dungeon, c:in_overworld, farmersdelight:wild_onions_whitelist, naturalist:has_elephant, towns_and_towers:has_structure/village_jungle_tribal, farm_and_charm:spawns_wild_strawberries, farmersdelight:wild_potatoes_whitelist, farmersdelight:wild_carrots_whitelist, structory:has_structure/ruins, betterdungeons:has_structure/zombie_dungeon, herbalbrews:jungle_biomes, c:climate_wet, betterjungletemples:has_structure/jungle_temple, minecraft:is_overworld, creeperoverhaul:has_jungle_creeper, betterstrongholds:has_structure/stronghold, bakery:spawns_strawberries, minecraft:has_structure/trial_chambers, moremobvariants:wolf_rusty_spawns, naturalist:has_snail, supplementaries:has_wild_flax, c:is_wet/overworld, bloomingnature:overworld, minecraft:spawns_warm_variant_frogs, friendsandfoes:has_rascal, sereneseasons:tropical_biomes, underground_bunkers:has_structure/underground_bunker_biomes, naturalist:has_lizard"
102,"betterend:lantern_woods","minecraft:is_end, endermanoverhaul:end_spawns, endermanoverhaul:end_islands_spawns, minecraft:has_structure/end_city, minecraft:spawns_cold_variant_farm_animals, betterend:has_structure/eternal_portal, explorify:has_structure/end_shipwreck, c:in_the_end, c:is_end_highland, minecraft:spawns_cold_variant_frogs"
103,"still_life:larch_woodlands","still_life:is_still_life, farm_and_charm:spawns_wild_crops, naturalist:has_finch, naturalist:has_deer, naturalist:has_butterfly, naturalist:has_firefly, betterdungeons:has_structure/spider_dungeon, betterdungeons:has_structure/skeleton_dungeon, friendsandfoes:has_illusioner, friendsandfoes:has_structure/illusioner_shack, farm_and_charm:spawns_wild_flowers, galosphere:has_structure/forgotten_ruins, wildernature:spawns_hedgehog, meadow:spawns_umbra_cow, ecologics:has_squirrel, structory:has_structure/ruins, c:taiga, farm_and_charm:spawns_wild_oat, farm_and_charm:spawns_wild_emmer, meadow:spawns_rocky_sheep, minecraft:has_structure/mineshaft, naturalist:has_canary, c:in_overworld, structory_towers:has_structure/towers, brewery:taiga, naturalist:has_robin, minecraft:is_mountain, underground_bunkers:has_structure/underground_bunker_biomes, meadow:spawns_buffalo, wildernature:spawns_owl, minecraft:has_structure/stronghold, supplementaries:has_cave_urns, naturalist:has_snail, farmersdelight:wild_onions_whitelist, naturalist:has_cardinal, minecraft:has_structure/village_taiga, herbalbrews:mountain_biomes, minecraft:is_overworld, betterstrongholds:has_structure/better_stronghold, c:mountain, farm_and_charm:spawns_wild_strawberries, structory:has_structure/ruin_taiga, farmersdelight:wild_potatoes_whitelist, farmersdelight:wild_carrots_whitelist, vinery:spawns_grape, minecraft:stronghold_biased_to, c:tree_coniferous, betterdungeons:has_structure/zombie_dungeon, vinery:spawns_taiga_grape, explorify:has_structure/mausoleum, supplementaries:has_way_signs, bettermineshafts:has_structure/better_mineshaft_spruce, naturalist:has_bear, betterdungeons:has_structure/small_dungeon, bettermineshafts:has_structure/mineshaft, naturalist:has_snake, crittersandcompanions:silk_cocoon_spawns, minecraft:is_taiga, minecraft:has_structure/trail_ruins, explorify:has_structure/campsite, supplementaries:has_wild_flax, naturalist:has_bluejay, naturalist:has_lizard, minecraft:has_structure/ruined_portal_standard, bettermineshafts:has_structure/better_mineshaft_overgrown, minecraft:is_forest, wildernature:spawns_boar, friendsandfoes:has_rascal, betterstrongholds:has_structure/stronghold, bloomingnature:has_structure/temperate, friendsandfoes:collections/taigas, bloomingnature:has_structure/taiga, minecraft:has_structure/pillager_outpost, explorify:has_structure/watchtower_taiga, naturalist:has_boar, ae2:has_meteorites, farm_and_charm:spawns_wild_potatoes, friendsandfoes:has_structure/illusioner_training_grounds, explorify:has_structure/ruins, bakery:spawns_strawberries, minecraft:has_structure/ruined_portal_mountain, wildernature:spawns_deer, wildernature:spawns_turkey, c:forest"
104,"galosphere:lichen_caves","betterstrongholds:has_structure/stronghold, betterdungeons:has_structure/zombie_dungeon, betterdungeons:has_structure/skeleton_dungeon, c:in_overworld, structory_towers:has_structure/towers, structory:has_structure/ruins, minecraft:has_structure/ruined_portal_standard, minecraft:stronghold_biased_to, ae2:has_meteorites, explorify:has_structure/ruins, supplementaries:has_cave_urns, farmersdelight:wild_onions_whitelist, supplementaries:has_way_signs, betterdungeons:has_structure/small_dungeon, betterdungeons:has_structure/spider_dungeon, bettermineshafts:has_structure/mineshaft, galosphere:has_structure/forgotten_ruins, minecraft:is_overworld, farmersdelight:wild_potatoes_whitelist, farmersdelight:wild_carrots_whitelist, supplementaries:has_wild_flax, friendsandfoes:has_rascal, minecraft:has_structure/mineshaft, minecraft:has_structure/stronghold"
105,"minecraft:lukewarm_ocean","elemental_wizards_rpg:has_structure/wind_wizard, loot_n_explore:has_structure/wizards_wind_tower, betterdungeons:has_structure/zombie_dungeon, supplementaries:has_wild_flax, towns_and_towers:has_structure/shallow_oceans_wreckage, structory:has_structure/ruins, minecraft:is_overworld, minecraft:has_structure/ocean_ruin_warm, supplementaries:has_cave_urns, minecraft:has_structure/mineshaft, minecraft:has_structure/ruined_portal_ocean, minecraft:plays_underwater_music, c:aquatic, minecraft:required_ocean_monument_surrounding, hybrid-aquatic:tropical_oceans, minecraft:water_on_map_outlines, betterdungeons:has_structure/spider_dungeon, structory_towers:oceans, friendsandfoes:has_rascal, sereneseasons:tropical_biomes, minecraft:spawns_warm_variant_farm_animals, structory:has_structure/boat, supplementaries:has_way_signs, loot_n_explore:has_structure/wizards_water_monolith, waystones:has_structure/waystone, minecraft:has_structure/shipwreck, explorify:has_structure/ruins, farmersdelight:wild_onions_whitelist, betterdungeons:has_structure/skeleton_dungeon, c:shallow_ocean, hybrid-aquatic:bottle_spawn_biomes, ae2:has_meteorites, c:is_water, bloomingnature:overworld, structory_towers:has_structure/towers, minecraft:has_structure/stronghold, betterdungeons:has_structure/small_dungeon, hybrid-aquatic:shallow_tropical_oceans, elemental_wizards_rpg:has_structure/water_wizard, c:ocean, bettermineshafts:has_structure/mineshaft, c:climate_wet, betterstrongholds:has_structure/stronghold, minecraft:is_ocean, minecraft:has_structure/trial_chambers, galosphere:has_structure/forgotten_ruins, farmersdelight:wild_potatoes_whitelist, farmersdelight:wild_carrots_whitelist, c:in_overworld"
106,"betterend:lush_aurora_cave","minecraft:spawns_cold_variant_farm_animals, endermanoverhaul:end_spawns, minecraft:spawns_cold_variant_frogs, minecraft:is_end, c:in_the_end"
107,"minecraft:lush_caves","sereneseasons:blacklisted_biomes, farmersdelight:wild_onions_blacklist, loot_n_explore:has_structure/wizards_amethyst_monolith, farmersdelight:wild_rice_blacklist, minecraft:allows_tropical_fish_spawns_at_any_height, supplementaries:has_way_signs, structory_towers:has_structure/towers, structory:has_structure/ruins, bettermineshafts:has_structure/mineshaft, farmersdelight:wild_tomatoes_blacklist, minecraft:stronghold_biased_to, minecraft:has_structure/mineshaft, minecraft:has_structure/stronghold, c:is_wet, betterstrongholds:has_structure/better_stronghold, still_life:is_caves, waystones:has_structure/waystone, friendsandfoes:has_glare, endermanoverhaul:all_spawns, farmersdelight:wild_potatoes_whitelist, bettermineshafts:has_structure/better_mineshaft_lush, c:is_cave, creeperoverhaul:is_cave, farmersdelight:wild_carrots_whitelist, galosphere:has_structure/forgotten_ruins, betterdungeons:has_structure/zombie_dungeon, betterstrongholds:has_structure/stronghold, c:underground, betterdungeons:has_structure/small_dungeon, minecraft:has_structure/trial_chambers, crittersandcompanions:silk_cocoon_lush_spawns, ae2:has_meteorites, c:is_wet/overworld, elemental_wizards_rpg:has_structure/earth_wizard_cave, c:climate_wet, naturalist:has_snail, farmersdelight:wild_potatoes_blacklist, c:is_lush, farmersdelight:wild_carrots_blacklist, betterdungeons:has_structure/spider_dungeon, c:caves, bloomingnature:overworld, friendsandfoes:has_rascal, supplementaries:has_wild_flax, loot_n_explore:has_structure/wizards_earth_monolith, hybrid-aquatic:caves, c:vegetation_sparse, endermanoverhaul:cave_spawns, betterdungeons:has_structure/skeleton_dungeon, supplementaries:has_cave_urns, minecraft:has_structure/ruined_portal_standard, explorify:has_structure/ruins, c:in_overworld, farmersdelight:wild_onions_whitelist, minecraft:is_overworld, farmersdelight:wild_rice_whitelist, c:is_underground, moremobvariants:spawn_mossy_skeletons"
108,"betterend:lush_smaragdant_cave","minecraft:spawns_cold_variant_farm_animals, endermanoverhaul:end_spawns, minecraft:spawns_cold_variant_frogs, minecraft:is_end, c:in_the_end"
109,"still_life:lush_tundra","farmersdelight:wild_potatoes_whitelist, minecraft:stronghold_biased_to, creeperoverhaul:has_snowy_creeper, endermanoverhaul:all_spawns, structory:has_structure/ruins, bettermineshafts:has_structure/mineshaft, betterstrongholds:has_structure/stronghold, supplementaries:has_wild_flax, friendsandfoes:has_rascal, endermanoverhaul:cave_spawns, still_life:is_still_life, farmersdelight:wild_carrots_whitelist, minecraft:is_overworld, ecologics:has_penguin, supplementaries:has_cave_urns, betterdungeons:has_structure/zombie_dungeon, minecraft:spawns_cold_variant_frogs, betterdungeons:has_structure/small_dungeon, minecraft:has_structure/igloo, supplementaries:has_way_signs, minecraft:is_cold, minecraft:spawns_snow_foxes, betterdungeons:has_structure/skeleton_dungeon, ae2:has_meteorites, t_and_t:has_structure/village_snowy, minecraft:has_structure/mineshaft, t_and_t:has_structure/pillager_outpost_snowy, minecraft:spawns_white_rabbits, structory_towers:has_structure/towers, explorify:has_structure/ruins, c:climate_cold, farmersdelight:wild_onions_whitelist, betterdungeons:has_structure/spider_dungeon, c:in_overworld, galosphere:has_structure/forgotten_ruins, endermanoverhaul:snowy_spawns, minecraft:has_structure/village_snowy, minecraft:has_structure/stronghold"
110,"betternether:magma_land","betterdungeons:has_structure/small_nether_dungeon, minecraft:is_nether, minecraft:has_structure/ruined_portal_nether, betterfortresses:has_structure/better_fortress, betternether:has_structure/ghast_hive, c:climate_hot, minecraft:has_structure/nether_fortress, betternether:has_structure/nether_city, betternether:has_structure/pyramid, betternether:biome, friendsandfoes:has_structure/citadel, c:in_nether, farmersdelight:has_wild_beetroots, betternether:has_structure/nether_decorations, minecraft:spawns_warm_variant_farm_animals, minecraft:spawns_warm_variant_frogs, c:climate_dry"
111,"still_life:mangrove_marsh","t_and_t:has_structure/village_swamp, betterstrongholds:has_structure/stronghold, c:in_overworld, naturalist:has_catfish, farmersdelight:has_wild_beetroots, structory:has_structure/ruins, friendsandfoes:has_rascal, minecraft:water_on_map_outlines, naturalist:has_tortoise, minecraft:has_structure/mineshaft, naturalist:has_snail, betterwitchhuts:has_structure/better_witch_hut, betterdungeons:has_structure/skeleton_dungeon, c:swamp, betterwitchhuts:has_structure/witch_circle, naturalist:has_duck, c:climate_wet, betterdungeons:has_structure/spider_dungeon, naturalist:has_lizard, minecraft:has_structure/stronghold, farmersdelight:wild_potatoes_whitelist, minecraft:stronghold_biased_to, betterdungeons:has_structure/zombie_dungeon, still_life:is_still_life, endermanoverhaul:cave_spawns, ae2:has_meteorites, endermanoverhaul:swamp_spawns, naturalist:has_firefly, minecraft:is_hot, minecraft:has_closer_water_fog, minecraft:spawns_warm_variant_frogs, minecraft:is_overworld, galosphere:has_structure/forgotten_ruins, minecraft:has_structure/swamp_hut, naturalist:has_bass, betterdungeons:has_structure/small_dungeon, explorify:has_structure/ruins, minecraft:allows_surface_slime_spawns, supplementaries:has_cave_urns, betterwitchhuts:has_structure/witch_hut, naturalist:has_alligator, yungsextras:has_structure/swamp_structures, untitledduckmod:duck_spawn, c:climate_hot, naturalist:has_snake, meadow:spawns_water_buffalo, farmersdelight:wild_onions_whitelist, naturalist:has_dragonfly, naturalist:has_butterfly, minecraft:spawns_warm_variant_farm_animals, minecraft:is_swamp, naturalist:has_cardinal, ribbits:has_structure/ribbit_village, supplementaries:has_way_signs, endermanoverhaul:all_spawns, hybrid-aquatic:mangroves, structory_towers:has_structure/towers, farmersdelight:wild_carrots_whitelist, bettermineshafts:has_structure/mineshaft, minecraft:has_structure/ruined_portal_swamp, supplementaries:has_wild_flax"
112,"minecraft:mangrove_swamp","bloomingnature:overworld, naturalist:has_duck, letsdoaddon-structures:has_structure/mangrove_outpost, c:is_wet/overworld, minecraft:allows_surface_slime_spawns, minecraft:spawns_warm_variant_farm_animals, supplementaries:has_wild_flax, minecraft:has_closer_water_fog, friendsandfoes:has_rascal, naturalist:has_bass, endermanoverhaul:all_spawns, explorify:has_structure/ruins, minecraft:has_structure/stronghold, farmersdelight:wild_carrots_whitelist, farmersdelight:wild_potatoes_whitelist, c:is_wet, farmersdelight:wild_rice_whitelist, naturalist:has_dragonfly, naturalist:has_lizard, c:climate_wet, endermanoverhaul:cave_spawns, minecraft:is_overworld, farmersdelight:wild_tomatoes_whitelist, naturalist:has_butterfly, bloomingnature:has_structure/swamp, naturalist:has_firefly, moremobvariants:spawn_mossy_skeletons, structory_towers:has_structure/towers, naturalist:has_cardinal, bloomingnature:mangrove_swamp, meadow:spawns_water_buffalo, untitledduckmod:duck_spawn, naturalist:has_snail, structory:has_structure/ruins, betterwitchhuts:has_structure/witch_circle, hybrid-aquatic:mangroves, letsdoaddon-structures:has_structure/mangrove_pond, sereneseasons:tropical_biomes, betterwitchhuts:has_structure/witch_hut, betterdungeons:has_structure/spider_dungeon, supplementaries:has_cave_urns, supplementaries:has_way_signs, c:is_hot/overworld, minecraft:spawns_warm_variant_frogs, c:swamp, naturalist:has_catfish, friendsandfoes:has_crab, letsdoaddon-structures:has_structure/mangrove_hut, waystones:has_structure/mossy_waystone, letsdoaddon-structures:has_structure/swamp_well, ribbits:has_structure/ribbit_village, minecraft:has_structure/ruined_portal_swamp, betterdungeons:has_structure/small_dungeon, structory_towers:mangrove, farmersdelight:wild_onions_whitelist, c:is_swamp, betterwitchhuts:has_structure/better_witch_hut, ae2:has_meteorites, c:is_hot, bettermineshafts:has_structure/mineshaft, minecraft:water_on_map_outlines, fetzisasiandeco:swamp_biomes, farm_and_charm:spawns_wild_flowers, naturalist:has_snake, c:in_overworld, explorify:has_structure/mangrove_hut, minecraft:has_structure/trial_chambers, explorify:has_structure/supply_cache/mangrove, betterdungeons:has_structure/skeleton_dungeon, naturalist:has_alligator, naturalist:has_tortoise, minecraft:increased_fire_burnout, yungsextras:has_structure/swamp_structures, endermanoverhaul:swamp_spawns, galosphere:has_structure/forgotten_ruins, minecraft:has_structure/mineshaft, betterstrongholds:has_structure/stronghold, betterdungeons:has_structure/zombie_dungeon"
113,"minecraft:meadow","endermanoverhaul:flower_fields_spawns, meadow:has_structure/monument, farmersdelight:wild_potatoes_whitelist, farm_and_charm:spawns_wild_oat, minecraft:has_structure/pillager_outpost, structory_towers:oak_biomes, friendsandfoes:has_moobloom/buttercup, vinery:spawns_grape, bakery:spawns_strawberries, c:climate_temperate, letsdoaddon-structures:has_structure/illager_camp, betterstrongholds:has_structure/better_stronghold, minecraft:has_structure/mineshaft, betterdungeons:has_structure/zombie_dungeon, galosphere:has_structure/forgotten_ruins, c:is_mountain, supplementaries:has_cave_urns, farmersdelight:wild_onions_whitelist, letsdoaddon-structures:has_structure/illager_mine, bettermineshafts:has_structure/mineshaft, vinery:spawns_cherry_tree, herbalbrews:mountain_biomes, meadow:has_structure/observation_post, endermanoverhaul:cave_spawns, explorify:has_structure/guide_post_cold, bettermineshafts:has_structure/better_mineshaft_oak, betterdungeons:has_structure/spider_dungeon, meadow:has_structure/chapel, naturalist:has_canary, meadow:has_structure/chalet, friendsandfoes:has_moobloom/any, endermanoverhaul:all_spawns, wildernature:spawns_minisheep, naturalist:has_snail, meadow:spawns_rocky_sheep, moremobvariants:sheep_spawn_with_horns, structory:has_structure/ruins, betterstrongholds:has_structure/stronghold, minecraft:stronghold_biased_to, letsdoaddon-structures:has_structure/barn, towns_and_towers:has_structure/village_meadow_swiss, minecraft:has_structure/trial_chambers, c:is_slope, c:is_plateau, friendsandfoes:has_rascal, bloomingnature:overworld, naturalist:has_bear, betterdungeons:has_structure/small_dungeon, ae2:has_meteorites, farm_and_charm:spawns_wild_potatoes, minecraft:has_structure/ruined_portal_mountain, minecraft:is_overworld, supplementaries:has_wild_flax, bakery:has_structure/bakery, friendsandfoes:has_structure/beekeeper_hut, c:in_overworld, naturalist:has_robin, letsdoaddon-structures:has_structure/meadow_pillager_outpost, minecraft:has_structure/stronghold, c:mountain, c:floral, supplementaries:has_way_signs, meadow:is_meadow, waystones:has_structure/waystone, c:is_plains, farmersdelight:wild_carrots_whitelist, meadow:has_structure/logging_camp, explorify:has_structure/ruins, structory_towers:has_structure/towers, vinery:spawns_taiga_grape, meadow:meadow_biomes, meadow:has_structure/bench, candlelight:spawns_rose, farm_and_charm:spawns_wild_crops, farm_and_charm:spawns_wild_strawberries, candlelight:has_structure/tree, towns_and_towers:has_structure/pillager_outpost_meadow, minecraft:is_mountain, underground_bunkers:has_structure/underground_bunker_biomes, betterdungeons:has_structure/skeleton_dungeon"
114,"still_life:mediterranean_beach","farmersdelight:wild_onions_whitelist, farmersdelight:has_wild_cabbage, friendsandfoes:has_rascal, betterdungeons:has_structure/skeleton_dungeon, minecraft:has_structure/mineshaft, farmersdelight:wild_potatoes_whitelist, structory_towers:has_structure/towers, towns_and_towers:has_structure/pillager_outpost_beach, minecraft:has_structure/buried_treasure, explorify:has_structure/ruins, wildernature:spawns_pelican, hybrid-aquatic:bottle_spawn_biomes, betterdungeons:has_structure/spider_dungeon, minecraft:has_structure/ruined_portal_standard, minecraft:is_overworld, still_life:is_still_life, ctov:has_structure/village_beach, t_and_t:has_structure/pillager_outpost_beach, betterdungeons:has_structure/zombie_dungeon, minecraft:has_structure/shipwreck_beached, ae2:has_meteorites, supplementaries:has_cave_urns, supplementaries:has_way_signs, minecraft:stronghold_biased_to, bettermineshafts:has_structure/mineshaft, naturalist:has_coral_snake, galosphere:has_structure/forgotten_ruins, towns_and_towers:has_structure/village_beach_lighthouse, betterstrongholds:has_structure/stronghold, betterdungeons:has_structure/small_dungeon, minecraft:has_structure/stronghold, structory:has_structure/ruins, c:beach, herbalbrews:savanna_biomes, farmersdelight:has_wild_beetroots, c:in_overworld, supplementaries:has_wild_flax, t_and_t:has_structure/village_mediterranean, minecraft:is_beach, hybrid-aquatic:sandy_beaches, farmersdelight:wild_carrots_whitelist"
115,"still_life:mediterranean_forest","galosphere:has_structure/forgotten_ruins, naturalist:has_boar, farm_and_charm:spawns_wild_potatoes, supplementaries:has_way_signs, ecologics:has_squirrel, naturalist:has_snake, minecraft:has_structure/trail_ruins, t_and_t:has_structure/village_mediterranean, bettermineshafts:has_structure/better_mineshaft_overgrown, c:in_overworld, naturalist:has_finch, naturalist:has_robin, underground_bunkers:has_structure/underground_bunker_biomes, naturalist:has_butterfly, minecraft:has_structure/stronghold, farmersdelight:wild_onions_whitelist, betterdungeons:has_structure/skeleton_dungeon, meadow:spawns_umbra_cow, farm_and_charm:spawns_wild_flowers, betterdungeons:has_structure/zombie_dungeon, ae2:has_meteorites, explorify:has_structure/mausoleum, explorify:has_structure/ruins, minecraft:is_overworld, bettermineshafts:has_structure/mineshaft, farm_and_charm:spawns_wild_emmer, wildernature:spawns_deer, wildernature:spawns_turkey, towns_and_towers:has_structure/exclusives/village_mediterranean, naturalist:has_lizard, still_life:is_still_life, farm_and_charm:spawns_wild_crops, minecraft:is_forest, farm_and_charm:spawns_wild_strawberries, betterstrongholds:has_structure/stronghold, naturalist:has_deer, wildernature:spawns_owl, vinery:spawns_grape, naturalist:has_firefly, naturalist:has_snail, minecraft:has_structure/pillager_outpost, wildernature:spawns_hedgehog, structory:has_structure/ruins, naturalist:has_cardinal, naturalist:has_bear, betterdungeons:has_structure/small_dungeon, bakery:spawns_strawberries, crittersandcompanions:silk_cocoon_spawns, minecraft:has_structure/mineshaft, supplementaries:has_wild_flax, betterstrongholds:has_structure/better_stronghold, c:forest, minecraft:has_structure/ruined_portal_standard, towns_and_towers:has_structure/exclusives/pillager_outpost_mediterranean, structory_towers:has_structure/towers, wildernature:spawns_boar, friendsandfoes:has_rascal, farmersdelight:wild_potatoes_whitelist, farmersdelight:wild_carrots_whitelist, meadow:spawns_buffalo, supplementaries:has_cave_urns, betterdungeons:has_structure/spider_dungeon, minecraft:stronghold_biased_to"
116,"still_life:mediterranean_highlands","herbalbrews:mountain_biomes, still_life:is_still_life, t_and_t:has_structure/village_mediterranean, minecraft:is_overworld, bettermineshafts:has_structure/mineshaft, c:in_overworld, ae2:has_meteorites, structory_towers:has_structure/towers, betterstrongholds:has_structure/better_stronghold, betterdungeons:has_structure/skeleton_dungeon, minecraft:is_mountain, naturalist:has_canary, naturalist:has_snail, structory:has_structure/ruins, galosphere:has_structure/forgotten_ruins, minecraft:has_structure/mineshaft, betterstrongholds:has_structure/stronghold, betterdungeons:has_structure/zombie_dungeon, vinery:spawns_taiga_grape, meadow:spawns_rocky_sheep, vinery:spawns_grape, betterdungeons:has_structure/spider_dungeon, supplementaries:has_wild_flax, naturalist:has_robin, supplementaries:has_cave_urns, minecraft:has_structure/pillager_outpost, supplementaries:has_way_signs, c:mountain, explorify:has_structure/ruins, friendsandfoes:has_rascal, minecraft:has_structure/stronghold, farmersdelight:wild_carrots_whitelist, minecraft:stronghold_biased_to, naturalist:has_bear, farmersdelight:wild_potatoes_whitelist, betterdungeons:has_structure/small_dungeon, minecraft:has_structure/ruined_portal_mountain, farmersdelight:wild_onions_whitelist, underground_bunkers:has_structure/underground_bunker_biomes"
117,"still_life:mediterranean_marsh","galosphere:has_structure/forgotten_ruins, betterdungeons:has_structure/zombie_dungeon, supplementaries:has_way_signs, minecraft:stronghold_biased_to, minecraft:has_structure/ruined_portal_swamp, naturalist:has_cardinal, minecraft:allows_surface_slime_spawns, betterwitchhuts:has_structure/witch_circle, naturalist:has_alligator, betterwitchhuts:has_structure/better_witch_hut, ribbits:has_structure/ribbit_village, farmersdelight:wild_potatoes_whitelist, naturalist:has_firefly, betterdungeons:has_structure/small_dungeon, minecraft:has_closer_water_fog, minecraft:is_swamp, minecraft:is_overworld, farmersdelight:wild_onions_whitelist, naturalist:has_dragonfly, untitledduckmod:duck_spawn, explorify:has_structure/ruins, structory_towers:has_structure/towers, naturalist:has_snake, supplementaries:has_wild_flax, betterdungeons:has_structure/skeleton_dungeon, meadow:spawns_water_buffalo, minecraft:has_structure/mineshaft, minecraft:has_structure/stronghold, c:in_overworld, bettermineshafts:has_structure/mineshaft, friendsandfoes:has_rascal, naturalist:has_catfish, naturalist:has_butterfly, naturalist:has_duck, structory:has_structure/ruins, endermanoverhaul:all_spawns, still_life:is_still_life, supplementaries:has_cave_urns, naturalist:has_tortoise, betterwitchhuts:has_structure/witch_hut, minecraft:water_on_map_outlines, hybrid-aquatic:marshes, yungsextras:has_structure/swamp_structures, ae2:has_meteorites, naturalist:has_lizard, endermanoverhaul:cave_spawns, naturalist:has_bass, c:swamp, betterdungeons:has_structure/spider_dungeon, naturalist:has_snail, endermanoverhaul:swamp_spawns, c:climate_wet, betterstrongholds:has_structure/stronghold, t_and_t:has_structure/village_mediterranean, farmersdelight:wild_carrots_whitelist"
118,"still_life:mediterranean_river","minecraft:water_on_map_outlines, loot_n_explore:has_structure/wizards_wind_tower, wildernature:spawns_pelican, naturalist:has_coral_snake, untitledduckmod:duck_spawn, supplementaries:has_cave_urns, minecraft:is_river, friendsandfoes:has_rascal, c:river, elemental_wizards_rpg:has_structure/water_wizard_river, naturalist:has_duck, structory:has_structure/ruins, bettermineshafts:has_structure/mineshaft, vinery:spawns_grape, naturalist:has_bass, still_life:is_still_life, minecraft:has_structure/ruined_portal_standard, minecraft:is_overworld, c:in_overworld, hybrid-aquatic:rivers, minecraft:required_ocean_monument_surrounding, c:aquatic, c:is_water, farmersdelight:wild_onions_whitelist, farmersdelight:wild_potatoes_whitelist, supplementaries:has_way_signs, c:climate_wet, betterstrongholds:has_structure/stronghold, minecraft:more_frequent_drowned_spawns, minecraft:plays_underwater_music, minecraft:reduce_water_ambient_spawns, minecraft:has_structure/stronghold, supplementaries:has_wild_flax, betterdungeons:has_structure/spider_dungeon, minecraft:has_structure/mineshaft, ae2:has_meteorites, naturalist:has_snail, betterdungeons:has_structure/small_dungeon, betterdungeons:has_structure/skeleton_dungeon, structory_towers:has_structure/towers, farmersdelight:wild_carrots_whitelist, galosphere:has_structure/forgotten_ruins, minecraft:stronghold_biased_to, betterdungeons:has_structure/zombie_dungeon, elemental_wizards_rpg:has_structure/wind_wizard, untitledduckmod:goose_spawn, explorify:has_structure/ruins"
119,"still_life:mediterranean_shrubland","friendsandfoes:has_rascal, betterdungeons:has_structure/small_dungeon, towns_and_towers:has_structure/exclusives/village_mediterranean, betterdungeons:has_structure/zombie_dungeon, farmersdelight:wild_carrots_whitelist, explorify:has_structure/ruins, minecraft:stronghold_biased_to, supplementaries:has_cave_urns, structory:has_structure/ruins, galosphere:has_structure/forgotten_ruins, betterdungeons:has_structure/skeleton_dungeon, supplementaries:has_wild_flax, minecraft:is_overworld, betterdungeons:has_structure/spider_dungeon, towns_and_towers:has_structure/exclusives/pillager_outpost_mediterranean, minecraft:has_structure/stronghold, farmersdelight:wild_onions_whitelist, supplementaries:has_way_signs, c:in_overworld, minecraft:has_structure/mineshaft, still_life:is_still_life, farmersdelight:wild_potatoes_whitelist, ae2:has_meteorites, t_and_t:has_structure/village_mediterranean, betterstrongholds:has_structure/stronghold, bettermineshafts:has_structure/mineshaft, structory_towers:has_structure/towers"
120,"still_life:mediterranean_steppe","naturalist:has_butterfly, minecraft:has_structure/mineshaft, minecraft:has_structure/village_plains, naturalist:has_firefly, betterstrongholds:has_structure/better_stronghold, wildernature:spawns_bison, bettermineshafts:has_structure/better_mineshaft_oak, explorify:has_structure/tavern, supplementaries:has_cave_urns, naturalist:has_snail, naturalist:has_robin, still_life:is_still_life, c:in_overworld, minecraft:has_structure/stronghold, structory_towers:has_structure/towers, explorify:has_structure/farmstead, towns_and_towers:has_structure/exclusives/pillager_outpost_iberian, c:plains, farmersdelight:wild_onions_whitelist, loot_n_explore:has_structure/wizards_plains_structures, minecraft:is_overworld, betterdungeons:has_structure/skeleton_dungeon, farmersdelight:wild_potatoes_whitelist, galosphere:has_structure/forgotten_ruins, explorify:has_structure/watchtower_plains, untitledduckmod:goose_spawn, t_and_t:has_structure/village_mediterranean, vinery:spawns_grape, supplementaries:has_wild_flax, minecraft:stronghold_biased_to, farmersdelight:wild_carrots_whitelist, explorify:has_structure/ruins, supplementaries:has_way_signs, betterdungeons:has_structure/zombie_dungeon, friendsandfoes:has_rascal, naturalist:has_deer, betterdungeons:has_structure/spider_dungeon, betterdungeons:has_structure/small_dungeon, betterstrongholds:has_structure/stronghold, towns_and_towers:has_structure/exclusives/village_iberian, naturalist:has_sparrow, structory:has_structure/ruins, bettermineshafts:has_structure/mineshaft, naturalist:has_snake, ae2:has_meteorites, structory:has_structure/northern_ruin"
121,"still_life:mediterranean_swamp","endermanoverhaul:cave_spawns, still_life:is_still_life, farmersdelight:wild_carrots_whitelist, naturalist:has_alligator, structory_towers:has_structure/towers, explorify:has_structure/ruins, meadow:spawns_water_buffalo, naturalist:has_catfish, naturalist:has_bass, naturalist:has_firefly, minecraft:has_structure/ruined_portal_swamp, betterwitchhuts:has_structure/witch_circle, farmersdelight:wild_potatoes_whitelist, minecraft:has_structure/swamp_hut, c:climate_wet, c:swamp, endermanoverhaul:all_spawns, yungsextras:has_structure/swamp_structures, betterstrongholds:has_structure/stronghold, hybrid-aquatic:swamp, supplementaries:has_wild_flax, minecraft:is_swamp, naturalist:has_lizard, naturalist:has_snake, minecraft:water_on_map_outlines, naturalist:has_dragonfly, c:in_overworld, betterwitchhuts:has_structure/better_witch_hut, t_and_t:has_structure/village_swamp, supplementaries:has_way_signs, betterdungeons:has_structure/skeleton_dungeon, t_and_t:has_structure/village_mediterranean, naturalist:has_tortoise, minecraft:allows_surface_slime_spawns, bettermineshafts:has_structure/mineshaft, friendsandfoes:has_rascal, ribbits:has_structure/ribbit_village, minecraft:has_structure/mineshaft, farmersdelight:wild_onions_whitelist, minecraft:is_overworld, betterdungeons:has_structure/zombie_dungeon, supplementaries:has_cave_urns, betterdungeons:has_structure/spider_dungeon, galosphere:has_structure/forgotten_ruins, naturalist:has_cardinal, minecraft:has_structure/stronghold, betterdungeons:has_structure/small_dungeon, minecraft:has_closer_water_fog, minecraft:stronghold_biased_to, naturalist:has_snail, untitledduckmod:duck_spawn, ae2:has_meteorites, naturalist:has_duck, endermanoverhaul:swamp_spawns, naturalist:has_butterfly, structory:has_structure/ruins, betterwitchhuts:has_structure/witch_hut"
122,"still_life:mediterranean_wooded_highlands","supplementaries:has_way_signs, supplementaries:has_wild_flax, naturalist:has_boar, vinery:spawns_grape, explorify:has_structure/mausoleum, bettermineshafts:has_structure/better_mineshaft_overgrown, betterdungeons:has_structure/skeleton_dungeon, minecraft:has_structure/mineshaft, betterdungeons:has_structure/zombie_dungeon, betterdungeons:has_structure/spider_dungeon, minecraft:is_hill, naturalist:has_canary, minecraft:is_mountain, betterstrongholds:has_structure/stronghold, minecraft:has_structure/pillager_outpost, friendsandfoes:has_rascal, galosphere:has_structure/forgotten_ruins, naturalist:has_bluejay, explorify:has_structure/ruins, meadow:spawns_umbra_cow, bettermineshafts:has_structure/mineshaft, meadow:spawns_buffalo, betterstrongholds:has_structure/better_stronghold, structory:has_structure/ruins, minecraft:stronghold_biased_to, wildernature:spawns_owl, c:forest, t_and_t:has_structure/village_mediterranean, ecologics:has_squirrel, wildernature:spawns_deer, minecraft:has_structure/ruined_portal_standard, wildernature:spawns_boar, structory_towers:has_structure/towers, minecraft:is_overworld, farmersdelight:wild_potatoes_whitelist, farmersdelight:wild_onions_whitelist, farm_and_charm:spawns_wild_emmer, crittersandcompanions:silk_cocoon_spawns, still_life:is_still_life, minecraft:has_structure/stronghold, loot_n_explore:has_structure/wizards_earth_tower, naturalist:has_snail, structory_towers:shattered_biomes, wildernature:spawns_turkey, c:in_overworld, naturalist:has_butterfly, naturalist:has_cardinal, naturalist:has_robin, farm_and_charm:spawns_wild_potatoes, elemental_wizards_rpg:has_structure/wind_wizard_monolith, betterdungeons:has_structure/small_dungeon, bakery:spawns_strawberries, wildernature:spawns_hedgehog, naturalist:has_lizard, elemental_wizards_rpg:has_structure/earth_wizard, minecraft:has_structure/ruined_portal_mountain, naturalist:has_snake, herbalbrews:mountain_biomes, farmersdelight:wild_carrots_whitelist, c:mountain, underground_bunkers:has_structure/underground_bunker_biomes, farm_and_charm:spawns_wild_strawberries, farm_and_charm:spawns_wild_flowers, minecraft:has_structure/trail_ruins, ae2:has_meteorites, farm_and_charm:spawns_wild_crops, minecraft:is_forest, naturalist:has_firefly, naturalist:has_bear, vinery:spawns_taiga_grape, meadow:spawns_rocky_sheep, naturalist:has_finch, loot_n_explore:has_structure/wizards_wind_monolith, supplementaries:has_cave_urns, naturalist:has_deer"
123,"betterend:megalake","minecraft:spawns_cold_variant_farm_animals, c:in_the_end, c:is_end_highland, minecraft:spawns_cold_variant_frogs, endermanoverhaul:end_spawns, endermanoverhaul:end_islands_spawns, betterend:has_structure/megalake, minecraft:is_end"
124,"betterend:megalake_grove","minecraft:spawns_cold_variant_farm_animals, c:in_the_end, betterend:has_structure/megalake_small, c:is_end_highland, minecraft:spawns_cold_variant_frogs, endermanoverhaul:end_spawns, endermanoverhaul:end_islands_spawns, minecraft:is_end"
125,"still_life:mire","endermanoverhaul:cave_spawns, still_life:is_still_life, farmersdelight:wild_carrots_whitelist, naturalist:has_alligator, structory_towers:has_structure/towers, explorify:has_structure/ruins, meadow:spawns_water_buffalo, naturalist:has_catfish, naturalist:has_bass, naturalist:has_firefly, minecraft:has_structure/ruined_portal_swamp, towns_and_towers:has_structure/pillager_outpost_swamp, betterwitchhuts:has_structure/witch_circle, farmersdelight:wild_potatoes_whitelist, minecraft:has_structure/swamp_hut, c:climate_wet, c:swamp, endermanoverhaul:all_spawns, yungsextras:has_structure/swamp_structures, betterstrongholds:has_structure/stronghold, supplementaries:has_wild_flax, minecraft:is_swamp, naturalist:has_lizard, naturalist:has_snake, minecraft:water_on_map_outlines, naturalist:has_dragonfly, c:in_overworld, betterwitchhuts:has_structure/better_witch_hut, t_and_t:has_structure/village_swamp, supplementaries:has_way_signs, betterdungeons:has_structure/skeleton_dungeon, naturalist:has_tortoise, minecraft:allows_surface_slime_spawns, bettermineshafts:has_structure/mineshaft, friendsandfoes:has_rascal, ribbits:has_structure/ribbit_village, minecraft:has_structure/mineshaft, farmersdelight:wild_onions_whitelist, minecraft:is_overworld, betterdungeons:has_structure/zombie_dungeon, supplementaries:has_cave_urns, betterdungeons:has_structure/spider_dungeon, galosphere:has_structure/forgotten_ruins, naturalist:has_cardinal, minecraft:has_structure/stronghold, betterdungeons:has_structure/small_dungeon, minecraft:has_closer_water_fog, minecraft:stronghold_biased_to, naturalist:has_snail, towns_and_towers:has_structure/village_swamp_boat, untitledduckmod:duck_spawn, ae2:has_meteorites, naturalist:has_duck, endermanoverhaul:swamp_spawns, naturalist:has_butterfly, structory:has_structure/ruins, betterwitchhuts:has_structure/witch_hut"
126,"still_life:mixed_forest_steppe","explorify:has_structure/watchtower_plains, towns_and_towers:has_structure/pillager_outpost_sunflower_plains, minecraft:has_structure/pillager_outpost, bettermineshafts:has_structure/better_mineshaft_oak, naturalist:has_firefly, loot_n_explore:has_structure/wizards_plains_structures, supplementaries:has_cave_urns, friendsandfoes:has_rascal, naturalist:has_robin, structory:has_structure/northern_ruin, towns_and_towers:has_structure/village_sunflower_plains_farm, structory:has_structure/ruins, bettermineshafts:has_structure/mineshaft, vinery:spawns_grape, naturalist:has_snake, still_life:is_still_life, minecraft:is_overworld, c:in_overworld, betterstrongholds:has_structure/better_stronghold, naturalist:has_deer, t_and_t:has_structure/village_plains, farmersdelight:wild_onions_whitelist, naturalist:has_sparrow, naturalist:has_butterfly, supplementaries:has_way_signs, c:plains, betterstrongholds:has_structure/stronghold, farmersdelight:wild_potatoes_whitelist, ae2:has_meteorites, minecraft:has_structure/stronghold, supplementaries:has_wild_flax, betterdungeons:has_structure/spider_dungeon, minecraft:has_structure/mineshaft, explorify:has_structure/tavern, naturalist:has_snail, explorify:has_structure/farmstead, wildernature:spawns_bison, betterdungeons:has_structure/small_dungeon, betterdungeons:has_structure/skeleton_dungeon, structory_towers:has_structure/towers, farmersdelight:wild_carrots_whitelist, galosphere:has_structure/forgotten_ruins, minecraft:stronghold_biased_to, minecraft:has_structure/village_plains, betterdungeons:has_structure/zombie_dungeon, untitledduckmod:goose_spawn, explorify:has_structure/ruins"
127,"still_life:monsoon_forest","galosphere:has_structure/forgotten_ruins, supplementaries:has_way_signs, creeperoverhaul:has_jungle_creeper, naturalist:has_snake, minecraft:has_structure/trail_ruins, betterjungletemples:has_structure/jungle_temple, c:in_overworld, towns_and_towers:has_structure/pillager_outpost_jungle, underground_bunkers:has_structure/underground_bunker_biomes, betterjungletemples:has_structure/better_jungle_temple, c:vegetation_dense, minecraft:has_structure/stronghold, minecraft:is_jungle, farmersdelight:wild_onions_whitelist, betterdungeons:has_structure/skeleton_dungeon, c:climate_wet, betterdungeons:has_structure/zombie_dungeon, ae2:has_meteorites, bettermineshafts:has_structure/better_mineshaft_jungle, minecraft:spawns_warm_variant_farm_animals, c:climate_hot, hybrid-aquatic:jungle, explorify:has_structure/ruins, minecraft:is_overworld, bettermineshafts:has_structure/mineshaft, naturalist:has_coral_snake, herbalbrews:jungle_biomes, loot_n_explore:has_structure/wizards_wind_tower, c:tree_jungle, naturalist:has_lizard, still_life:is_still_life, farm_and_charm:spawns_wild_strawberries, betterstrongholds:has_structure/stronghold, wildernature:spawns_cassowary, naturalist:has_elephant, c:jungle, vinery:spawns_jungle_grape, naturalist:has_snail, minecraft:spawns_warm_variant_frogs, elemental_wizards_rpg:has_structure/wind_wizard, structory:has_structure/ruins, betterdungeons:has_structure/small_dungeon, minecraft:is_hot, bakery:spawns_strawberries, crittersandcompanions:silk_cocoon_spawns, minecraft:has_structure/mineshaft, farmersdelight:has_wild_beetroots, minecraft:snow_golem_melts, supplementaries:has_wild_flax, betterstrongholds:has_structure/better_stronghold, naturalist:has_hippo, naturalist:has_tortoise, friendsandfoes:has_rascal, structory_towers:has_structure/towers, minecraft:has_structure/jungle_temple, farmersdelight:wild_potatoes_whitelist, farmersdelight:wild_carrots_whitelist, towns_and_towers:has_structure/village_jungle_tribal, minecraft:has_structure/ruined_portal_jungle, t_and_t:has_structure/village_jungle, supplementaries:has_cave_urns, betterdungeons:has_structure/spider_dungeon, minecraft:stronghold_biased_to"
128,"still_life:mushroom_caves","hybrid-aquatic:caves, farmersdelight:wild_potatoes_whitelist, betterdungeons:has_structure/skeleton_dungeon, supplementaries:has_cave_urns, farmersdelight:wild_carrots_whitelist, galosphere:has_structure/forgotten_ruins, c:cave, betterdungeons:has_structure/zombie_dungeon, betterstrongholds:has_structure/stronghold, explorify:has_structure/ruins, betterdungeons:has_structure/small_dungeon, c:in_overworld, minecraft:has_structure/trial_chambers, farmersdelight:wild_onions_whitelist, minecraft:is_overworld, ae2:has_meteorites, creeperoverhaul:has_cave_creeper, betterdungeons:has_structure/spider_dungeon, supplementaries:has_way_signs, still_life:is_still_life, structory_towers:has_structure/towers, friendsandfoes:has_rascal, structory:has_structure/ruins, supplementaries:has_wild_flax, bettermineshafts:has_structure/mineshaft, minecraft:stronghold_biased_to, minecraft:has_structure/mineshaft, minecraft:has_structure/stronghold, still_life:is_caves"
129,"minecraft:mushroom_fields","betterstrongholds:has_structure/stronghold, minecraft:without_zombie_sieges, farmersdelight:has_brown_mushroom_colony, sereneseasons:tropical_biomes, minecraft:without_patrol_spawns, waystones:has_structure/mossy_waystone, bettermineshafts:has_structure/mineshaft, structory_towers:mushroom, betterstrongholds:has_structure/better_stronghold, naturalist:has_firefly, bloomingnature:overworld, farmersdelight:has_red_mushroom_colony, c:climate_hot, minecraft:has_structure/ruined_portal_standard, supplementaries:has_cave_urns, supplementaries:has_way_signs, supplementaries:has_wild_flax, c:in_overworld, betterdungeons:has_structure/skeleton_dungeon, endermanoverhaul:mushroom_fields_spawns, minecraft:has_structure/mineshaft, betterdungeons:has_structure/zombie_dungeon, betterdungeons:has_structure/small_dungeon, c:is_rare, creeperoverhaul:is_mushroom, minecraft:has_structure/trial_chambers, endermanoverhaul:all_spawns, farmersdelight:wild_carrots_whitelist, galosphere:has_structure/forgotten_ruins, explorify:has_structure/ruins, friendsandfoes:has_rascal, minecraft:increased_fire_burnout, farmersdelight:wild_carrots_blacklist, ae2:has_meteorites, structory:has_structure/ruins, c:is_mushroom, minecraft:stronghold_biased_to, farmersdelight:has_wild_beetroots, c:mushroom, bettermineshafts:has_structure/better_mineshaft_mushroom, structory_towers:has_structure/towers, minecraft:is_overworld, farmersdelight:wild_potatoes_whitelist, farmersdelight:wild_onions_whitelist, betterdungeons:has_structure/spider_dungeon, farmersdelight:wild_onions_blacklist, towns_and_towers:has_structure/pillager_outpost_mushroom_fields, minecraft:has_structure/stronghold, naturalist:has_snail, towns_and_towers:has_structure/village_mushroom_fields_fantasy"
130,"betterend:neon_oasis","minecraft:is_end, endermanoverhaul:end_spawns, endermanoverhaul:end_islands_spawns, minecraft:has_structure/end_city, minecraft:spawns_cold_variant_farm_animals, betterend:has_structure/eternal_portal, explorify:has_structure/end_shipwreck, c:in_the_end, c:is_end_highland, minecraft:spawns_cold_variant_frogs"
131,"betternether:nether_grasslands","c:in_nether, minecraft:is_nether, minecraft:has_structure/nether_fortress, minecraft:spawns_warm_variant_farm_animals, friendsandfoes:has_structure/citadel, betternether:has_structure/nether_decorations, betterfortresses:has_structure/better_fortress, farmersdelight:has_wild_beetroots, minecraft:spawns_warm_variant_frogs, betternether:has_structure/ghast_hive, betternether:has_structure/pyramid, betternether:biome, c:climate_hot, betterdungeons:has_structure/small_nether_dungeon, minecraft:has_structure/ruined_portal_nether, minecraft:has_structure/bastion_remnant, betternether:has_structure/nether_city, explorify:has_structure/black_spiral, c:climate_dry"
132,"betternether:nether_jungle","betterdungeons:has_structure/small_nether_dungeon, c:climate_dry, minecraft:is_nether, minecraft:has_structure/ruined_portal_nether, betterfortresses:has_structure/better_fortress, c:climate_hot, minecraft:has_structure/nether_fortress, betternether:has_structure/nether_city, betternether:biome, friendsandfoes:has_structure/citadel, c:in_nether, farmersdelight:has_wild_beetroots, betternether:has_structure/nether_decorations, explorify:has_structure/black_spiral, minecraft:spawns_warm_variant_farm_animals, minecraft:spawns_warm_variant_frogs, minecraft:has_structure/bastion_remnant"
133,"betternether:nether_mushroom_forest","c:in_nether, minecraft:is_nether, minecraft:has_structure/nether_fortress, minecraft:spawns_warm_variant_farm_animals, friendsandfoes:has_structure/citadel, betternether:has_structure/nether_decorations, betterfortresses:has_structure/better_fortress, farmersdelight:has_wild_beetroots, minecraft:spawns_warm_variant_frogs, betternether:has_structure/ghast_hive, betternether:has_structure/pyramid, betternether:biome, c:climate_hot, betterdungeons:has_structure/small_nether_dungeon, minecraft:has_structure/ruined_portal_nether, minecraft:has_structure/bastion_remnant, betternether:has_structure/nether_city, explorify:has_structure/black_spiral, c:climate_dry"
134,"betternether:nether_mushroom_forest_edge","betterdungeons:has_structure/small_nether_dungeon, minecraft:is_nether, minecraft:has_structure/ruined_portal_nether, betterfortresses:has_structure/better_fortress, betternether:has_structure/ghast_hive, c:climate_hot, minecraft:has_structure/nether_fortress, betternether:has_structure/nether_city, betternether:has_structure/pyramid, betternether:biome, friendsandfoes:has_structure/citadel, c:in_nether, farmersdelight:has_wild_beetroots, betternether:has_structure/nether_decorations, minecraft:spawns_warm_variant_farm_animals, minecraft:spawns_warm_variant_frogs, c:climate_dry"
135,"betternether:nether_swampland","c:in_nether, minecraft:is_nether, minecraft:has_structure/nether_fortress, minecraft:spawns_warm_variant_farm_animals, friendsandfoes:has_structure/citadel, betternether:has_structure/nether_decorations, betterfortresses:has_structure/better_fortress, farmersdelight:has_wild_beetroots, minecraft:spawns_warm_variant_frogs, betternether:has_structure/ghast_hive, betternether:has_structure/pyramid, betternether:biome, c:climate_hot, betterdungeons:has_structure/small_nether_dungeon, minecraft:has_structure/ruined_portal_nether, minecraft:has_structure/bastion_remnant, betternether:has_structure/nether_city, explorify:has_structure/black_spiral, c:climate_dry"
136,"betternether:nether_swampland_terraces","c:in_nether, minecraft:is_nether, minecraft:has_structure/nether_fortress, minecraft:spawns_warm_variant_farm_animals, friendsandfoes:has_structure/citadel, betternether:has_structure/nether_decorations, betterfortresses:has_structure/better_fortress, farmersdelight:has_wild_beetroots, minecraft:spawns_warm_variant_frogs, betternether:has_structure/ghast_hive, betternether:has_structure/pyramid, betternether:biome, c:climate_hot, betterdungeons:has_structure/small_nether_dungeon, minecraft:has_structure/ruined_portal_nether, minecraft:has_structure/bastion_remnant, betternether:has_structure/nether_city, explorify:has_structure/black_spiral, c:climate_dry"
137,"minecraft:nether_wastes","c:is_dry/nether, friendsandfoes:has_structure/citadel, minecraft:is_nether, waystones:has_structure/blackstone_waystone, betterdungeons:has_structure/small_nether_dungeon, farmersdelight:has_wild_beetroots, minecraft:has_structure/bastion_remnant, c:in_nether, endermanoverhaul:all_spawns, endermanoverhaul:nether_wastes_spawns, minecraft:spawns_warm_variant_frogs, minecraft:has_structure/nether_fortress, explorify:has_structure/black_spiral, betternether:has_structure/nether_city, minecraft:snow_golem_melts, c:is_hot/nether, loot_n_explore:has_structure/wizards_fire_tower, minecraft:spawns_warm_variant_farm_animals, c:climate_dry, betterfortresses:has_structure/better_fortress, c:climate_hot, c:is_dry, c:is_hot, minecraft:has_structure/ruined_portal_nether"
138,"minecraft:ocean","minecraft:water_on_map_outlines, minecraft:has_structure/trial_chambers, loot_n_explore:has_structure/wizards_wind_tower, supplementaries:has_cave_urns, friendsandfoes:has_rascal, minecraft:has_structure/shipwreck, loot_n_explore:has_structure/wizards_water_monolith, structory:has_structure/ruins, bettermineshafts:has_structure/mineshaft, c:in_overworld, minecraft:is_overworld, structory_towers:oceans, minecraft:is_ocean, structory:has_structure/boat, bloomingnature:overworld, elemental_wizards_rpg:has_structure/water_wizard, minecraft:required_ocean_monument_surrounding, c:ocean, hybrid-aquatic:shallow_temperate_oceans, hybrid-aquatic:temperate_oceans, c:aquatic, c:is_water, farmersdelight:wild_onions_whitelist, farmersdelight:wild_potatoes_whitelist, supplementaries:has_way_signs, c:climate_wet, betterstrongholds:has_structure/stronghold, minecraft:plays_underwater_music, ae2:has_meteorites, minecraft:has_structure/stronghold, supplementaries:has_wild_flax, c:shallow_ocean, minecraft:has_structure/mineshaft, betterdungeons:has_structure/spider_dungeon, betterdungeons:has_structure/small_dungeon, betterdungeons:has_structure/skeleton_dungeon, waystones:has_structure/waystone, minecraft:has_structure/ocean_ruin_cold, structory_towers:has_structure/towers, farmersdelight:wild_carrots_whitelist, galosphere:has_structure/forgotten_ruins, hybrid-aquatic:bottle_spawn_biomes, betterdungeons:has_structure/zombie_dungeon, minecraft:has_structure/ruined_portal_ocean, elemental_wizards_rpg:has_structure/wind_wizard, towns_and_towers:has_structure/shallow_oceans_wreckage, explorify:has_structure/ruins"
139,"betternether:old_fungiwoods","c:in_nether, minecraft:is_nether, minecraft:has_structure/nether_fortress, minecraft:spawns_warm_variant_farm_animals, friendsandfoes:has_structure/citadel, betternether:has_structure/nether_decorations, betterfortresses:has_structure/better_fortress, farmersdelight:has_wild_beetroots, minecraft:spawns_warm_variant_frogs, betternether:has_structure/ghast_hive, betternether:has_structure/pyramid, betternether:biome, c:climate_hot, betterdungeons:has_structure/small_nether_dungeon, minecraft:has_structure/ruined_portal_nether, minecraft:has_structure/bastion_remnant, betternether:has_structure/nether_city, explorify:has_structure/black_spiral, c:climate_dry"
140,"minecraft:old_growth_birch_forest","bloomingnature:overworld, c:climate_temperate, farm_and_charm:spawns_wild_emmer, supplementaries:has_wild_flax, minecraft:has_structure/ruined_portal_standard, bettermineshafts:has_structure/better_mineshaft_overgrown, farm_and_charm:spawns_wild_potatoes, friendsandfoes:has_rascal, explorify:has_structure/ruins, minecraft:has_structure/stronghold, farmersdelight:wild_carrots_whitelist, c:is_rare, naturalist:has_bear, minecraft:stronghold_biased_to, crittersandcompanions:silk_cocoon_spawns, farmersdelight:wild_potatoes_whitelist, naturalist:has_lizard, underground_bunkers:has_structure/underground_bunker_biomes, minecraft:is_overworld, explorify:has_structure/mausoleum, naturalist:has_butterfly, naturalist:has_firefly, structory_towers:has_structure/towers, naturalist:has_cardinal, betterstrongholds:has_structure/better_stronghold, moremobvariants:wolf_woods_spawns, farm_and_charm:spawns_wild_crops, naturalist:has_finch, wildernature:remove_wolf, wildernature:spawns_owl, structory:has_structure/chapel, naturalist:has_snail, towns_and_towers:has_structure/village_birch_forest_romanian, bakery:spawns_strawberries, c:is_dense, structory:has_structure/ruins, minecraft:is_forest, structory_towers:birch_biomes, vinery:spawns_grape, betterdungeons:has_structure/spider_dungeon, naturalist:has_robin, wildernature:spawns_hedgehog, supplementaries:has_cave_urns, minecraft:has_structure/pillager_outpost, supplementaries:has_way_signs, ecologics:has_squirrel, towns_and_towers:has_structure/pillager_outpost_birch_forest, c:is_dense/overworld, meadow:spawns_umbra_cow, farm_and_charm:spawns_wild_strawberries, betterdungeons:has_structure/small_dungeon, structory:has_structure/firetower, explorify:has_structure/supply_cache/birch, c:birch_forest, farmersdelight:wild_onions_whitelist, naturalist:has_boar, ae2:has_meteorites, c:in_overworld, bettermineshafts:has_structure/mineshaft, meadow:spawns_buffalo, farm_and_charm:spawns_wild_flowers, wildernature:spawns_boar, naturalist:has_snake, minecraft:has_structure/trial_chambers, betterdungeons:has_structure/skeleton_dungeon, structory:has_structure/outcast_villager_grassy, c:forest, bloomingnature:aspen, naturalist:has_deer, wildernature:spawns_deer, wildernature:spawns_turkey, galosphere:has_structure/forgotten_ruins, minecraft:has_structure/trail_ruins, minecraft:has_structure/mineshaft, betterstrongholds:has_structure/stronghold, betterdungeons:has_structure/zombie_dungeon, c:tree_deciduous, waystones:has_structure/waystone"
141,"minecraft:old_growth_pine_taiga","bloomingnature:has_structure/temperate, moremobvariants:wolf_black_spawns, explorify:has_structure/ruins, structory:has_structure/chapel, c:is_coniferous, c:is_cold/overworld, explorify:has_structure/watchtower_taiga, structory:has_structure/firetower, farm_and_charm:spawns_wild_oat, underground_bunkers:has_structure/underground_bunker_biomes, supplementaries:has_way_signs, bloomingnature:old_growth_pine_taiga, c:in_overworld, c:is_cold, minecraft:is_taiga, towns_and_towers:has_structure/pillager_outpost_old_growth_taiga, creeperoverhaul:has_snowy_creeper, friendsandfoes:has_illusioner, betterstrongholds:has_structure/better_stronghold, bloomingnature:has_structure/taiga, supplementaries:has_wild_flax, c:climate_cold, minecraft:has_structure/ruined_portal_standard, structory:has_structure/outcast_villager_grassy, structory:has_structure/old_manor, brewery:taiga, c:taiga, naturalist:has_bluejay, supplementaries:has_cave_urns, minecraft:stronghold_biased_to, bettermineshafts:has_structure/mineshaft, explorify:has_structure/campsite, minecraft:is_overworld, friendsandfoes:collections/taigas, friendsandfoes:has_structure/illusioner_shack, towns_and_towers:has_structure/village_old_growth_taiga_polish, naturalist:has_bear, bettermineshafts:has_structure/better_mineshaft_spruce, wildernature:spawns_red_wolf, hybrid-birds:turkey_spawn_biomes, ecologics:has_penguin, minecraft:has_structure/stronghold, friendsandfoes:has_structure/illusioner_training_grounds, betterdungeons:has_structure/spider_dungeon, farmersdelight:wild_onions_whitelist, farmersdelight:wild_potatoes_whitelist, vinery:spawns_taiga_grape, meadow:spawns_buffalo, structory_towers:has_structure/towers, structory_towers:dense_forests, betterdungeons:has_structure/small_dungeon, farm_and_charm:spawns_wild_strawberries, betterstrongholds:has_structure/stronghold, structory:has_structure/ruins, bloomingnature:overworld, bakery:spawns_strawberries, farmersdelight:wild_carrots_whitelist, minecraft:has_structure/pillager_outpost, galosphere:has_structure/forgotten_ruins, betterdungeons:has_structure/zombie_dungeon, waystones:has_structure/waystone, wildernature:remove_wolf, explorify:has_structure/supply_cache/taiga, farm_and_charm:spawns_wild_potatoes, minecraft:spawns_cold_variant_farm_animals, minecraft:has_structure/trail_ruins, farm_and_charm:spawns_wild_crops, c:tree_coniferous, structory:has_structure/ruin_taiga, friendsandfoes:has_rascal, ae2:has_meteorites, betterdungeons:has_structure/skeleton_dungeon, minecraft:has_structure/mineshaft, minecraft:has_structure/trial_chambers"
142,"minecraft:old_growth_spruce_taiga","minecraft:has_structure/mineshaft, betterdungeons:has_structure/zombie_dungeon, bloomingnature:has_structure/temperate, bettermineshafts:has_structure/better_mineshaft_spruce, vinery:spawns_taiga_grape, structory:has_structure/ruin_taiga, bloomingnature:has_structure/taiga, structory_towers:has_structure/towers, minecraft:is_taiga, bloomingnature:old_growth_spruce_taiga, towns_and_towers:has_structure/village_old_growth_taiga_polish, c:is_dense, explorify:has_structure/watchtower_taiga, towns_and_towers:has_structure/pillager_outpost_old_growth_taiga, ae2:has_meteorites, friendsandfoes:has_structure/illusioner_training_grounds, creeperoverhaul:has_snowy_creeper, hybrid-birds:turkey_spawn_biomes, explorify:has_structure/ruins, supplementaries:has_cave_urns, c:is_rare, naturalist:has_bear, betterdungeons:has_structure/small_dungeon, friendsandfoes:has_illusioner, structory:has_structure/chapel, farmersdelight:wild_potatoes_whitelist, farmersdelight:wild_carrots_whitelist, farm_and_charm:spawns_wild_crops, supplementaries:has_wild_flax, minecraft:has_structure/pillager_outpost, friendsandfoes:has_rascal, c:is_dense/overworld, minecraft:has_structure/stronghold, explorify:has_structure/supply_cache/taiga, structory:has_structure/firetower, minecraft:has_structure/trail_ruins, structory:has_structure/ruins, waystones:has_structure/waystone, farm_and_charm:spawns_wild_potatoes, farm_and_charm:spawns_wild_oat, minecraft:spawns_cold_variant_farm_animals, farm_and_charm:spawns_wild_strawberries, bloomingnature:overworld, betterdungeons:has_structure/spider_dungeon, bettermineshafts:has_structure/mineshaft, friendsandfoes:has_structure/illusioner_shack, galosphere:has_structure/forgotten_ruins, structory:has_structure/outcast_villager_grassy, minecraft:has_structure/trial_chambers, c:taiga, naturalist:has_bluejay, moremobvariants:wolf_chestnut_spawns, meadow:spawns_buffalo, betterstrongholds:has_structure/better_stronghold, betterstrongholds:has_structure/stronghold, c:climate_cold, friendsandfoes:collections/taigas, betterdungeons:has_structure/skeleton_dungeon, c:in_overworld, structory:has_structure/old_manor, minecraft:has_structure/ruined_portal_standard, minecraft:stronghold_biased_to, underground_bunkers:has_structure/underground_bunker_biomes, c:tree_coniferous, ecologics:has_penguin, farmersdelight:wild_onions_whitelist, supplementaries:has_way_signs, bakery:spawns_strawberries, brewery:taiga, minecraft:is_overworld, structory_towers:dense_forests, explorify:has_structure/campsite"
143,"still_life:old_growth_temperate_forest","wildernature:spawns_deer, minecraft:stronghold_biased_to, minecraft:has_structure/trail_ruins, structory_towers:has_structure/towers, underground_bunkers:has_structure/underground_bunker_biomes, vinery:spawns_grape, minecraft:has_structure/woodland_mansion, betterdungeons:has_structure/zombie_dungeon, bettermineshafts:has_structure/mineshaft, towns_and_towers:has_structure/pillager_outpost_forest, endermanoverhaul:all_spawns, farm_and_charm:spawns_wild_crops, naturalist:has_finch, naturalist:has_butterfly, naturalist:has_bear, wildernature:spawns_boar, betterstrongholds:has_structure/stronghold, betterstrongholds:has_structure/better_stronghold, ae2:has_meteorites, wildernature:spawns_owl, endermanoverhaul:cave_spawns, farmersdelight:wild_onions_whitelist, still_life:is_still_life, naturalist:has_snail, naturalist:has_cardinal, crittersandcompanions:silk_cocoon_spawns, minecraft:is_forest, supplementaries:has_wild_flax, supplementaries:has_way_signs, ecologics:has_squirrel, endermanoverhaul:dark_oak_spawns, friendsandfoes:has_illusioner, farm_and_charm:spawns_wild_emmer, betterdungeons:has_structure/skeleton_dungeon, wildernature:spawns_turkey, betterdungeons:has_structure/small_dungeon, bakery:spawns_strawberries, farm_and_charm:spawns_wild_strawberries, naturalist:has_lizard, naturalist:has_snake, betterdungeons:has_structure/spider_dungeon, structory:has_structure/ruins, naturalist:has_deer, farm_and_charm:spawns_wild_flowers, minecraft:is_overworld, farm_and_charm:spawns_wild_potatoes, minecraft:has_structure/pillager_outpost, wildernature:spawns_hedgehog, explorify:has_structure/ruins, naturalist:has_robin, towns_and_towers:has_structure/village_forest_ruins, explorify:has_structure/mausoleum, minecraft:has_structure/stronghold, naturalist:has_boar, meadow:spawns_buffalo, galosphere:has_structure/forgotten_ruins, farmersdelight:wild_potatoes_whitelist, naturalist:has_firefly, meadow:spawns_umbra_cow, bettermineshafts:has_structure/better_mineshaft_overgrown, supplementaries:has_cave_urns, minecraft:has_structure/mineshaft, farmersdelight:wild_carrots_whitelist, minecraft:has_structure/ruined_portal_standard, c:forest, friendsandfoes:has_rascal, c:in_overworld"
144,"still_life:old_growth_tropical_rainforest","still_life:is_still_life, minecraft:spawns_warm_variant_frogs, creeperoverhaul:has_bamboo_creeper, supplementaries:has_wild_flax, explorify:has_structure/ruins, c:in_overworld, structory_towers:has_structure/towers, bettermineshafts:has_structure/better_mineshaft_jungle, structory:has_structure/ruins, betterstrongholds:has_structure/stronghold, c:vegetation_dense, minecraft:is_hot, minecraft:spawns_warm_variant_farm_animals, c:climate_hot, friendsandfoes:has_rascal, minecraft:snow_golem_melts, betterdungeons:has_structure/spider_dungeon, minecraft:has_structure/mineshaft, c:jungle, galosphere:has_structure/forgotten_ruins, ae2:has_meteorites, wildernature:spawns_cassowary, farmersdelight:wild_carrots_whitelist, underground_bunkers:has_structure/underground_bunker_biomes, naturalist:has_lizard, minecraft:has_structure/jungle_temple, farmersdelight:wild_onions_whitelist, naturalist:has_snake, minecraft:has_structure/trail_ruins, elemental_wizards_rpg:has_structure/wind_wizard, naturalist:has_hippo, c:climate_wet, farmersdelight:has_wild_beetroots, minecraft:has_structure/ruined_portal_jungle, minecraft:stronghold_biased_to, supplementaries:has_way_signs, bakery:spawns_strawberries, hybrid-aquatic:jungle, herbalbrews:jungle_biomes, minecraft:is_overworld, loot_n_explore:has_structure/wizards_wind_tower, towns_and_towers:has_structure/village_jungle_tribal, betterdungeons:has_structure/skeleton_dungeon, supplementaries:has_cave_urns, creeperoverhaul:has_jungle_creeper, minecraft:is_jungle, minecraft:has_structure/stronghold, naturalist:has_coral_snake, towns_and_towers:has_structure/pillager_outpost_jungle, t_and_t:has_structure/village_jungle, farm_and_charm:spawns_wild_strawberries, betterjungletemples:has_structure/jungle_temple, betterstrongholds:has_structure/better_stronghold, betterdungeons:has_structure/small_dungeon, betterdungeons:has_structure/zombie_dungeon, naturalist:has_elephant, c:tree_jungle, vinery:spawns_jungle_grape, naturalist:has_snail, crittersandcompanions:silk_cocoon_spawns, betterjungletemples:has_structure/better_jungle_temple, bettermineshafts:has_structure/mineshaft, naturalist:has_tortoise, farmersdelight:wild_potatoes_whitelist"
145,"betternether:old_swampland","c:in_nether, minecraft:is_nether, minecraft:has_structure/nether_fortress, minecraft:spawns_warm_variant_farm_animals, friendsandfoes:has_structure/citadel, betternether:has_structure/nether_decorations, betterfortresses:has_structure/better_fortress, farmersdelight:has_wild_beetroots, minecraft:spawns_warm_variant_frogs, betternether:has_structure/ghast_hive, betternether:has_structure/pyramid, betternether:biome, c:climate_hot, betterdungeons:has_structure/small_nether_dungeon, minecraft:has_structure/ruined_portal_nether, minecraft:has_structure/bastion_remnant, betternether:has_structure/nether_city, explorify:has_structure/black_spiral, c:climate_dry"
146,"betternether:old_warped_woods","c:in_nether, minecraft:is_nether, minecraft:has_structure/nether_fortress, minecraft:spawns_warm_variant_farm_animals, friendsandfoes:has_structure/citadel, betternether:has_structure/nether_decorations, betterfortresses:has_structure/better_fortress, farmersdelight:has_wild_beetroots, minecraft:spawns_warm_variant_frogs, betternether:has_structure/ghast_hive, betternether:has_structure/pyramid, betternether:biome, c:climate_hot, betterdungeons:has_structure/small_nether_dungeon, minecraft:has_structure/ruined_portal_nether, minecraft:has_structure/bastion_remnant, betternether:has_structure/nether_city, explorify:has_structure/black_spiral, c:climate_dry"
147,"betterend:painted_mountains","minecraft:spawns_cold_variant_farm_animals, c:in_the_end, c:is_end_highland, minecraft:spawns_cold_variant_frogs, betterend:has_structure/painted_mountain, endermanoverhaul:end_spawns, endermanoverhaul:end_islands_spawns, minecraft:is_end"
148,"still_life:pine_woods","betterdungeons:has_structure/skeleton_dungeon, towns_and_towers:has_structure/exclusives/village_swedish, crittersandcompanions:silk_cocoon_spawns, minecraft:has_structure/ruined_portal_standard, bettermineshafts:has_structure/better_mineshaft_spruce, farm_and_charm:spawns_wild_oat, bloomingnature:has_structure/taiga, minecraft:has_structure/pillager_outpost, farmersdelight:wild_potatoes_whitelist, vinery:spawns_grape, bakery:spawns_strawberries, betterstrongholds:has_structure/better_stronghold, minecraft:has_structure/mineshaft, betterdungeons:has_structure/zombie_dungeon, galosphere:has_structure/forgotten_ruins, meadow:spawns_umbra_cow, supplementaries:has_cave_urns, farmersdelight:wild_onions_whitelist, explorify:has_structure/mausoleum, bettermineshafts:has_structure/mineshaft, naturalist:has_finch, c:taiga, minecraft:is_taiga, wildernature:spawns_turkey, betterdungeons:has_structure/spider_dungeon, naturalist:has_lizard, friendsandfoes:collections/taigas, friendsandfoes:has_structure/illusioner_training_grounds, wildernature:spawns_owl, naturalist:has_snail, structory:has_structure/ruins, betterstrongholds:has_structure/stronghold, bloomingnature:has_structure/temperate, minecraft:stronghold_biased_to, still_life:is_still_life, minecraft:has_structure/village_taiga, naturalist:has_firefly, naturalist:has_bear, betterdungeons:has_structure/small_dungeon, friendsandfoes:has_illusioner, ecologics:has_squirrel, ae2:has_meteorites, farm_and_charm:spawns_wild_potatoes, minecraft:is_overworld, friendsandfoes:has_rascal, supplementaries:has_wild_flax, c:in_overworld, naturalist:has_boar, naturalist:has_bluejay, naturalist:has_cardinal, bettermineshafts:has_structure/better_mineshaft_overgrown, naturalist:has_robin, meadow:spawns_buffalo, farm_and_charm:spawns_wild_flowers, minecraft:has_structure/trail_ruins, minecraft:has_structure/stronghold, brewery:taiga, naturalist:has_butterfly, naturalist:has_deer, supplementaries:has_way_signs, c:forest, naturalist:has_snake, farmersdelight:wild_carrots_whitelist, c:tree_coniferous, explorify:has_structure/campsite, farm_and_charm:spawns_wild_emmer, explorify:has_structure/ruins, structory_towers:has_structure/towers, wildernature:spawns_hedgehog, minecraft:is_forest, wildernature:spawns_boar, explorify:has_structure/watchtower_taiga, vinery:spawns_taiga_grape, friendsandfoes:has_structure/illusioner_shack, farm_and_charm:spawns_wild_crops, farm_and_charm:spawns_wild_strawberries, wildernature:spawns_deer, underground_bunkers:has_structure/underground_bunker_biomes, structory:has_structure/ruin_taiga, towns_and_towers:has_structure/exclusives/pillager_outpost_swedish"
149,"galosphere:pink_salt_caves","c:in_overworld, betterdungeons:has_structure/skeleton_dungeon, structory_towers:has_structure/towers, minecraft:is_overworld, farmersdelight:wild_potatoes_whitelist, farmersdelight:wild_onions_whitelist, minecraft:has_structure/mineshaft, betterdungeons:has_structure/zombie_dungeon, betterdungeons:has_structure/spider_dungeon, betterdungeons:has_structure/small_dungeon, galosphere:has_structure/pink_salt_shrine, minecraft:has_structure/stronghold, betterstrongholds:has_structure/stronghold, farmersdelight:wild_carrots_whitelist, galosphere:has_structure/forgotten_ruins, explorify:has_structure/ruins, friendsandfoes:has_rascal, bettermineshafts:has_structure/mineshaft, structory:has_structure/ruins, ae2:has_meteorites, minecraft:stronghold_biased_to, minecraft:has_structure/ruined_portal_standard, supplementaries:has_cave_urns, supplementaries:has_way_signs, supplementaries:has_wild_flax"
150,"minecraft:plains","wildernature:spawns_raccoon, friendsandfoes:has_rascal, farm_and_charm:spawns_wild_tomatoes_and_corn, c:in_overworld, betterdungeons:has_structure/spider_dungeon, hybrid-birds:rooster_spawn_biomes, galosphere:has_structure/forgotten_ruins, supplementaries:has_way_signs, structory:has_structure/northern_ruin, farm_and_charm:spawns_wild_strawberries, minecraft:is_overworld, naturalist:has_firefly, candlelight:spawns_rose, bettermineshafts:has_structure/better_mineshaft_oak, naturalist:has_butterfly, minecraft:has_structure/pillager_outpost, explorify:has_structure/watchtower_plains, wildernature:spawns_bison, untitledduckmod:goose_spawn, betterdungeons:has_structure/small_dungeon, bloomingnature:plains, candlelight:has_structure/tree, farm_and_charm:spawns_wild_barley, betterstrongholds:has_structure/stronghold, betterstrongholds:has_structure/better_stronghold, c:climate_temperate, minecraft:stronghold_biased_to, betterdungeons:has_structure/skeleton_dungeon, naturalist:has_sparrow, ae2:has_meteorites, bakery:spawns_strawberries, vinery:spawns_cherry_tree, minecraft:has_structure/mineshaft, bloomingnature:has_structure/temperate, farm_and_charm:spawns_wild_crops, naturalist:has_snail, letsdoaddon-structures:has_structure/vinery, explorify:has_structure/farmstead, structory:has_structure/outcast_villager_grassy, explorify:has_structure/ruins, structory_towers:oak_biomes, farmersdelight:wild_carrots_whitelist, c:is_plains, betterdungeons:has_structure/zombie_dungeon, minecraft:has_structure/stronghold, c:plains, bakery:has_structure/oat_field, naturalist:has_robin, waystones:has_structure/waystone, structory_towers:has_structure/towers, wildernature:spawns_patch_hazelnut_bush, explorify:has_structure/tavern, minecraft:has_structure/ruined_portal_standard, farm_and_charm:spawns_wild_emmer, structory:has_structure/chapel, vinery:spawns_grape, minecraft:has_structure/village_plains, wildernature:spawns_dog, naturalist:has_deer, bettermineshafts:has_structure/mineshaft, loot_n_explore:has_structure/wizards_plains_structures, structory:has_structure/ruins, farmersdelight:wild_potatoes_whitelist, bakery:has_structure/bakery, supplementaries:has_cave_urns, candlelight:spawns_tomatoes, naturalist:has_snake, minecraft:has_structure/trial_chambers, bloomingnature:overworld, wildernature:spawns_squirrel, farmersdelight:wild_onions_whitelist, underground_bunkers:has_structure/underground_bunker_biomes, supplementaries:has_wild_flax"
151,"betternether:poor_nether_grasslands","c:in_nether, minecraft:is_nether, minecraft:has_structure/nether_fortress, minecraft:spawns_warm_variant_farm_animals, friendsandfoes:has_structure/citadel, betternether:has_structure/nether_decorations, betterfortresses:has_structure/better_fortress, farmersdelight:has_wild_beetroots, minecraft:spawns_warm_variant_frogs, betternether:has_structure/ghast_hive, betternether:has_structure/pyramid, betternether:biome, c:climate_hot, betterdungeons:has_structure/small_nether_dungeon, minecraft:has_structure/ruined_portal_nether, minecraft:has_structure/bastion_remnant, betternether:has_structure/nether_city, explorify:has_structure/black_spiral, c:climate_dry"
152,"incendium:quartz_flats","betterdungeons:has_structure/small_nether_dungeon, c:in_nether, incendium:all_incendium_biomes, minecraft:has_structure/nether_fortress, forge:is_dry/nether, minecraft:spawns_warm_variant_farm_animals, c:climate_dry, minecraft:spawns_warm_variant_frogs, minecraft:has_structure/nether_fossil, c:climate_hot, minecraft:has_structure/ruined_portal_nether, forge:is_sparse/nether, betterfortresses:has_structure/better_fortress, incendium:structure/has_sanctum, friendsandfoes:has_structure/citadel, farmersdelight:has_wild_beetroots, minecraft:is_nether, forge:is_hot/nether"
153,"minecraft:river","farm_and_charm:spawns_wild_crops, c:river, wildernature:spawns_pelican, betterstrongholds:has_structure/stronghold, supplementaries:has_cave_urns, supplementaries:has_way_signs, farmersdelight:wild_onions_whitelist, bloomingnature:river, loot_n_explore:has_structure/wizards_wind_tower, betterdungeons:has_structure/skeleton_dungeon, bettermineshafts:has_structure/mineshaft, naturalist:has_bass, hybrid-birds:duck_spawn_biomes, farmersdelight:wild_carrots_whitelist, c:aquatic, ae2:has_meteorites, minecraft:has_structure/ruined_portal_standard, hybrid-aquatic:rivers, elemental_wizards_rpg:has_structure/wind_wizard, bakery:spawns_strawberries, farm_and_charm:spawns_wild_barley, candlelight:spawns_rose, naturalist:has_alligator, untitledduckmod:goose_spawn, minecraft:is_river, galosphere:has_structure/forgotten_ruins, structory:has_structure/ruins, minecraft:water_on_map_outlines, minecraft:more_frequent_drowned_spawns, elemental_wizards_rpg:has_structure/water_wizard_river, bloomingnature:overworld, betterdungeons:has_structure/small_dungeon, minecraft:required_ocean_monument_surrounding, structory_towers:has_structure/towers, hybrid-birds:goose_spawn_biomes, naturalist:has_coral_snake, minecraft:is_overworld, farmersdelight:wild_potatoes_whitelist, supplementaries:has_wild_flax, vinery:spawns_grape, naturalist:has_duck, c:is_water, minecraft:has_structure/mineshaft, minecraft:has_structure/stronghold, betterdungeons:has_structure/zombie_dungeon, naturalist:has_snail, farm_and_charm:spawns_wild_strawberries, minecraft:plays_underwater_music, c:climate_wet, minecraft:has_structure/trial_chambers, waystones:has_structure/waystone, hybrid-birds:swan_spawn_biomes, farm_and_charm:spawns_wild_emmer, friendsandfoes:has_rascal, explorify:has_structure/ruins, untitledduckmod:duck_spawn, wildernature:spawns_patch_hazelnut_bush, betterdungeons:has_structure/spider_dungeon, c:in_overworld, minecraft:reduce_water_ambient_spawns"
154,"minecraft:savanna","minecraft:is_savanna, structory_towers:has_structure/towers, minecraft:has_structure/village_savanna, structory:has_structure/chapel, naturalist:has_snake, wildernature:spawns_boar, minecraft:has_structure/stronghold, bettermineshafts:has_structure/better_mineshaft_acacia, naturalist:has_elephant, endermanoverhaul:cave_spawns, waystones:has_structure/waystone, naturalist:has_zebra, naturalist:has_boar, farm_and_charm:spawns_wild_strawberries, c:is_sparse, herbalbrews:savanna_biomes, naturalist:has_lion, naturalist:has_lizard, betterdungeons:has_structure/zombie_dungeon, minecraft:has_structure/pillager_outpost, galosphere:has_structure/forgotten_ruins, naturalist:has_rattlesnake, c:climate_dry, c:climate_hot, explorify:has_structure/ruins, towns_and_towers:has_structure/pillager_outpost_savanna, minecraft:has_structure/trial_chambers, minecraft:has_structure/mineshaft, wildernature:spawns_cassowary, vinery:spawns_savanna_grape, farm_and_charm:spawns_wild_barley, candlelight:spawns_tomatoes, farmersdelight:wild_potatoes_whitelist, farmersdelight:wild_carrots_whitelist, naturalist:has_hippo, minecraft:spawns_warm_variant_farm_animals, friendsandfoes:has_rascal, moremobvariants:wolf_spotted_spawns, minecraft:has_structure/ruined_portal_standard, structory:has_structure/ruins, farmersdelight:wild_onions_whitelist, minecraft:spawns_warm_variant_frogs, minecraft:snow_golem_melts, naturalist:has_vulture, naturalist:has_cardinal, supplementaries:has_cave_urns, supplementaries:has_way_signs, c:tree_savanna, c:is_hot, bakery:spawns_strawberries, creeperoverhaul:has_savanna_creeper, betterdungeons:has_structure/spider_dungeon, farm_and_charm:spawns_wild_tomatoes_and_corn, bloomingnature:savanna, c:vegetation_sparse, bettermineshafts:has_structure/mineshaft, c:is_sparse/overworld, endermanoverhaul:all_spawns, minecraft:is_overworld, minecraft:stronghold_biased_to, sereneseasons:tropical_biomes, naturalist:has_giraffe, naturalist:has_finch, naturalist:has_snail, friendsandfoes:has_savanna_mauler, c:is_hot/overworld, structory_towers:oak_biomes, betterdungeons:has_structure/small_dungeon, wildernature:spawns_bison, ae2:has_meteorites, betterstrongholds:has_structure/stronghold, loot_n_explore:has_structure/wizards_fire_monolith, structory:has_structure/outcast_villager_grassy, meadow:spawns_sunset_cow, betterstrongholds:has_structure/better_stronghold, c:savanna, bloomingnature:overworld, farmersdelight:wild_tomatoes_whitelist, betterdungeons:has_structure/skeleton_dungeon, supplementaries:has_wild_flax, endermanoverhaul:savanna_spawns, naturalist:has_rhino, farmersdelight:has_wild_beetroots, c:in_overworld, explorify:has_structure/watchtower_savanna"
155,"still_life:savanna_beach","farmersdelight:wild_carrots_whitelist, c:climate_hot, explorify:has_structure/ruins, herbalbrews:savanna_biomes, structory_towers:has_structure/towers, betterdungeons:has_structure/spider_dungeon, farmersdelight:has_wild_beetroots, hybrid-aquatic:bottle_spawn_biomes, structory:has_structure/ruins, wildernature:spawns_pelican, betterstrongholds:has_structure/stronghold, minecraft:stronghold_biased_to, betterdungeons:has_structure/skeleton_dungeon, still_life:is_still_life, friendsandfoes:has_rascal, betterdungeons:has_structure/small_dungeon, minecraft:has_structure/ruined_portal_standard, naturalist:has_coral_snake, farmersdelight:has_wild_cabbage, minecraft:is_overworld, supplementaries:has_wild_flax, farmersdelight:wild_potatoes_whitelist, c:in_overworld, ae2:has_meteorites, minecraft:snow_golem_melts, ctov:has_structure/village_beach, minecraft:has_structure/mineshaft, minecraft:has_structure/stronghold, galosphere:has_structure/forgotten_ruins, betterdungeons:has_structure/zombie_dungeon, minecraft:has_structure/shipwreck_beached, t_and_t:has_structure/pillager_outpost_beach, c:beach, towns_and_towers:has_structure/pillager_outpost_beach, minecraft:is_beach, supplementaries:has_cave_urns, supplementaries:has_way_signs, farmersdelight:wild_onions_whitelist, minecraft:has_structure/buried_treasure, bettermineshafts:has_structure/mineshaft"
156,"still_life:savanna_highlands","still_life:is_still_life, endermanoverhaul:savanna_spawns, naturalist:has_finch, c:tree_savanna, wildernature:spawns_cassowary, betterdungeons:has_structure/spider_dungeon, betterdungeons:has_structure/skeleton_dungeon, galosphere:has_structure/forgotten_ruins, minecraft:spawns_warm_variant_farm_animals, c:climate_hot, structory:has_structure/ruins, explorify:has_structure/watchtower_savanna, meadow:spawns_rocky_sheep, naturalist:has_hippo, minecraft:has_structure/mineshaft, naturalist:has_canary, bettermineshafts:has_structure/better_mineshaft_acacia, c:savana, c:in_overworld, structory_towers:has_structure/towers, naturalist:has_robin, minecraft:is_mountain, underground_bunkers:has_structure/underground_bunker_biomes, minecraft:has_structure/stronghold, supplementaries:has_cave_urns, naturalist:has_snail, farmersdelight:wild_onions_whitelist, minecraft:spawns_warm_variant_frogs, creeperoverhaul:has_savanna_creeper, naturalist:has_lion, naturalist:has_rattlesnake, naturalist:has_cardinal, herbalbrews:mountain_biomes, minecraft:is_overworld, farmersdelight:has_wild_beetroots, farm_and_charm:spawns_wild_tomatoes_and_corn, betterstrongholds:has_structure/better_stronghold, c:mountain, farm_and_charm:spawns_wild_strawberries, naturalist:has_elephant, farmersdelight:wild_carrots_whitelist, naturalist:has_giraffe, farmersdelight:wild_potatoes_whitelist, vinery:spawns_grape, minecraft:stronghold_biased_to, c:vegetation_sparse, endermanoverhaul:all_spawns, betterdungeons:has_structure/zombie_dungeon, vinery:spawns_taiga_grape, supplementaries:has_way_signs, farm_and_charm:spawns_wild_barley, meadow:spawns_sunset_cow, naturalist:has_bear, betterdungeons:has_structure/small_dungeon, bettermineshafts:has_structure/mineshaft, naturalist:has_snake, endermanoverhaul:cave_spawns, supplementaries:has_wild_flax, naturalist:has_lizard, friendsandfoes:has_rascal, minecraft:has_structure/village_savanna, naturalist:has_zebra, wildernature:spawns_boar, betterstrongholds:has_structure/stronghold, naturalist:has_vulture, candlelight:spawns_tomatoes, structory:has_structure/chapel, vinery:spawns_savanna_grape, c:climate_dry, minecraft:has_structure/pillager_outpost, naturalist:has_boar, loot_n_explore:has_structure/wizards_fire_monolith, ae2:has_meteorites, minecraft:is_savanna, explorify:has_structure/ruins, herbalbrews:savanna_biomes, minecraft:is_hot, bakery:spawns_strawberries, minecraft:has_structure/ruined_portal_mountain, wildernature:spawns_bison, naturalist:has_rhino, minecraft:snow_golem_melts, c:savanna, friendsandfoes:has_savanna_mauler"
157,"minecraft:savanna_plateau","candlelight:spawns_tomatoes, waystones:has_structure/waystone, c:is_hot/overworld, towns_and_towers:has_structure/pillager_outpost_savanna_plateau, minecraft:snow_golem_melts, farmersdelight:wild_carrots_whitelist, explorify:has_structure/ruins, betterdungeons:has_structure/small_dungeon, naturalist:has_vulture, farmersdelight:wild_tomatoes_whitelist, naturalist:has_rhino, loot_n_explore:has_structure/wizards_fire_monolith, naturalist:has_zebra, naturalist:has_rattlesnake, naturalist:has_snake, bakery:spawns_strawberries, c:climate_dry, moremobvariants:additional_wolf_spawns, c:is_sparse, endermanoverhaul:savanna_spawns, structory_towers:has_structure/towers, meadow:spawns_sunset_cow, towns_and_towers:has_structure/village_savanna_plateau_ramshackled, wildernature:spawns_cassowary, endermanoverhaul:all_spawns, farmersdelight:wild_potatoes_whitelist, betterdungeons:has_structure/skeleton_dungeon, bloomingnature:savanna_plateau, naturalist:has_boar, c:is_slope, wildernature:spawns_boar, naturalist:has_hippo, farm_and_charm:spawns_wild_barley, minecraft:is_overworld, ae2:has_meteorites, creeperoverhaul:has_savanna_creeper, c:is_rare, wildernature:spawns_bison, c:is_mountain, bettermineshafts:has_structure/better_mineshaft_acacia, c:tree_savanna, minecraft:spawns_warm_variant_frogs, farmersdelight:has_wild_beetroots, bloomingnature:overworld, friendsandfoes:has_rascal, structory:has_structure/ruins, moremobvariants:wolf_spotted_spawns, farm_and_charm:spawns_wild_tomatoes_and_corn, minecraft:stronghold_biased_to, minecraft:has_structure/pillager_outpost, structory:has_structure/chapel, farm_and_charm:spawns_wild_strawberries, betterstrongholds:has_structure/better_stronghold, naturalist:has_giraffe, c:vegetation_sparse, endermanoverhaul:cave_spawns, supplementaries:has_cave_urns, friendsandfoes:has_savanna_mauler, galosphere:has_structure/forgotten_ruins, betterdungeons:has_structure/zombie_dungeon, betterstrongholds:has_structure/stronghold, herbalbrews:savanna_biomes, minecraft:has_structure/ruined_portal_mountain, minecraft:spawns_warm_variant_farm_animals, minecraft:has_structure/trial_chambers, c:is_sparse/overworld, farmersdelight:wild_onions_whitelist, c:savanna, c:climate_hot, naturalist:has_elephant, c:in_overworld, minecraft:is_savanna, naturalist:has_finch, naturalist:has_lion, naturalist:has_snail, naturalist:has_cardinal, betterdungeons:has_structure/spider_dungeon, c:is_hot, supplementaries:has_way_signs, vinery:spawns_savanna_grape, c:is_plateau, sereneseasons:tropical_biomes, supplementaries:has_wild_flax, bettermineshafts:has_structure/mineshaft, naturalist:has_lizard, minecraft:has_structure/mineshaft, minecraft:has_structure/stronghold"
158,"still_life:savanna_river","betterdungeons:has_structure/skeleton_dungeon, hybrid-aquatic:tropical_rivers, farmersdelight:has_wild_beetroots, vinery:spawns_grape, c:climate_wet, supplementaries:has_cave_urns, supplementaries:has_way_signs, still_life:is_still_life, minecraft:spawns_warm_variant_frogs, c:is_water, minecraft:is_overworld, minecraft:has_structure/mineshaft, untitledduckmod:goose_spawn, betterstrongholds:has_structure/stronghold, betterdungeons:has_structure/zombie_dungeon, c:aquatic, elemental_wizards_rpg:has_structure/water_wizard_river, minecraft:is_river, minecraft:spawns_warm_variant_farm_animals, supplementaries:has_wild_flax, farmersdelight:wild_onions_whitelist, minecraft:has_structure/ruined_portal_standard, friendsandfoes:has_rascal, minecraft:required_ocean_monument_surrounding, wildernature:spawns_pelican, minecraft:has_structure/stronghold, bettermineshafts:has_structure/mineshaft, structory:has_structure/ruins, explorify:has_structure/ruins, hybrid-aquatic:rivers, elemental_wizards_rpg:has_structure/wind_wizard, c:climate_hot, c:river, minecraft:more_frequent_drowned_spawns, c:in_overworld, minecraft:plays_underwater_music, farmersdelight:wild_potatoes_whitelist, betterdungeons:has_structure/spider_dungeon, galosphere:has_structure/forgotten_ruins, structory_towers:has_structure/towers, minecraft:reduce_water_ambient_spawns, naturalist:has_duck, betterdungeons:has_structure/small_dungeon, loot_n_explore:has_structure/wizards_wind_tower, untitledduckmod:duck_spawn, naturalist:has_bass, naturalist:has_snail, ae2:has_meteorites, farmersdelight:wild_carrots_whitelist, minecraft:water_on_map_outlines, naturalist:has_coral_snake, minecraft:stronghold_biased_to"
159,"still_life:scorched_caves","minecraft:spawns_warm_variant_farm_animals, supplementaries:has_wild_flax, c:climate_hot, c:cave, farmersdelight:wild_potatoes_whitelist, minecraft:stronghold_biased_to, friendsandfoes:has_rascal, endermanoverhaul:all_spawns, minecraft:has_structure/stronghold, minecraft:has_structure/mineshaft_mesa, supplementaries:has_way_signs, farmersdelight:wild_onions_whitelist, still_life:is_caves, minecraft:is_overworld, structory:has_structure/ruins, minecraft:has_structure/mineshaft, betterdungeons:has_structure/zombie_dungeon, minecraft:spawns_warm_variant_frogs, betterdungeons:has_structure/spider_dungeon, bettermineshafts:has_structure/mineshaft, galosphere:has_structure/forgotten_ruins, structory_towers:has_structure/towers, minecraft:has_structure/trial_chambers, farmersdelight:has_wild_beetroots, ae2:has_meteorites, explorify:has_structure/ruins, betterstrongholds:has_structure/stronghold, supplementaries:has_cave_urns, endermanoverhaul:badlands_spawns, creeperoverhaul:has_cave_creeper, betterdungeons:has_structure/small_dungeon, betterdungeons:has_structure/skeleton_dungeon, c:in_overworld, endermanoverhaul:cave_spawns, still_life:is_still_life, farmersdelight:wild_carrots_whitelist"
160,"still_life:semiarid_desert","farmersdelight:wild_onions_whitelist, structory:has_structure/ruins, farmersdelight:wild_carrots_whitelist, minecraft:has_structure/village_desert, naturalist:has_vulture, minecraft:has_structure/stronghold, ecologics:has_camel, yungsextras:has_structure/desert_decorations, endermanoverhaul:desert_spawns, endermanoverhaul:cave_spawns, betterdungeons:has_structure/skeleton_dungeon, minecraft:spawns_warm_variant_farm_animals, friendsandfoes:has_desert_mauler, farmersdelight:wild_potatoes_whitelist, c:vegetation_sparse, naturalist:has_cardinal, explorify:has_structure/ruins, farmersdelight:has_wild_beetroots, naturalist:has_rattlesnake, betterstrongholds:has_structure/better_stronghold, minecraft:spawns_gold_rabbits, explorify:has_structure/desert_shrine, friendsandfoes:has_rascal, c:climate_hot, bettermineshafts:has_structure/better_mineshaft_desert, supplementaries:has_way_signs, yungsextras:has_structure/vanilla_desert_well, loot_n_explore:has_structure/wizards_desert_structures, structory_towers:has_structure/towers, minecraft:has_structure/pillager_outpost, still_life:is_still_life, minecraft:is_overworld, naturalist:has_lizard, minecraft:stronghold_biased_to, c:in_overworld, minecraft:has_structure/mineshaft, bettermineshafts:has_structure/mineshaft, betterdeserttemples:has_structure/desert_temple, naturalist:has_tortoise, minecraft:spawns_warm_variant_frogs, c:climate_dry, betterdungeons:has_structure/small_dungeon, endermanoverhaul:all_spawns, ae2:has_meteorites, t_and_t:has_structure/village_desert, supplementaries:has_wild_flax, betterdungeons:has_structure/spider_dungeon, galosphere:has_structure/forgotten_ruins, creeperoverhaul:has_desert_creeper, minecraft:has_structure/desert_pyramid, naturalist:has_snake, minecraft:has_structure/ruined_portal_desert, c:desert, explorify:has_structure/supply_cache/desert, betterdeserttemples:has_structure/better_desert_temple, minecraft:is_hot, betterstrongholds:has_structure/stronghold, betterdungeons:has_structure/zombie_dungeon, supplementaries:has_cave_urns"
161,"betterend:shadow_forest","minecraft:is_end, endermanoverhaul:end_spawns, endermanoverhaul:end_islands_spawns, minecraft:has_structure/end_city, minecraft:spawns_cold_variant_farm_animals, betterend:has_structure/eternal_portal, explorify:has_structure/end_shipwreck, c:in_the_end, c:is_end_highland, minecraft:spawns_cold_variant_frogs"
162,"nullscape:shadowlands","nullscape:all_nullscape_biomes, endermanoverhaul:end_spawns, endermanoverhaul:end_islands_spawns, minecraft:spawns_cold_variant_farm_animals, minecraft:is_end, forge:is_dry/end, forge:is_cold/end, explorify:has_structure/end_shipwreck, c:in_the_end, minecraft:has_structure/end_city, minecraft:spawns_cold_variant_frogs, c:end_islands"
163,"still_life:shrub_steppe","structory:has_structure/chapel, c:climate_dry, naturalist:has_boar, naturalist:has_elephant, bettermineshafts:has_structure/better_mineshaft_acacia, c:savana, minecraft:is_hot, minecraft:stronghold_biased_to, naturalist:has_rhino, c:vegetation_sparse, endermanoverhaul:all_spawns, supplementaries:has_way_signs, still_life:is_still_life, betterdungeons:has_structure/small_dungeon, endermanoverhaul:savanna_spawns, minecraft:has_structure/stronghold, bettermineshafts:has_structure/mineshaft, naturalist:has_finch, naturalist:has_snake, supplementaries:has_wild_flax, creeperoverhaul:has_savanna_creeper, naturalist:has_lion, naturalist:has_rattlesnake, naturalist:has_cardinal, friendsandfoes:has_rascal, betterdungeons:has_structure/spider_dungeon, betterstrongholds:has_structure/stronghold, naturalist:has_vulture, farmersdelight:has_wild_beetroots, galosphere:has_structure/forgotten_ruins, c:climate_hot, naturalist:has_hippo, minecraft:has_structure/mineshaft, ae2:has_meteorites, farmersdelight:wild_potatoes_whitelist, farmersdelight:wild_carrots_whitelist, naturalist:has_giraffe, explorify:has_structure/ruins, c:in_overworld, structory_towers:has_structure/towers, c:savanna, wildernature:spawns_bison, betterdungeons:has_structure/zombie_dungeon, friendsandfoes:has_savanna_mauler, supplementaries:has_cave_urns, naturalist:has_snail, c:tree_savanna, farmersdelight:wild_onions_whitelist, endermanoverhaul:cave_spawns, minecraft:spawns_warm_variant_frogs, naturalist:has_lizard, minecraft:is_overworld, naturalist:has_zebra, betterdungeons:has_structure/skeleton_dungeon, betterstrongholds:has_structure/better_stronghold, structory:has_structure/ruins"
164,"minecraft:small_end_islands","c:is_small_end_island, minecraft:spawns_cold_variant_frogs, minecraft:is_end, endermanoverhaul:end_spawns, c:is_dry, c:is_dry/end, minecraft:spawns_cold_variant_farm_animals, waystones:has_structure/end_stone_waystone, c:in_the_end, c:is_cold/end, c:is_cold"
165,"still_life:snowy_barren_peaks","farmersdelight:wild_carrots_whitelist, naturalist:has_bear, minecraft:is_mountain, supplementaries:has_way_signs, meadow:spawns_rocky_sheep, still_life:is_still_life, supplementaries:has_cave_urns, betterdungeons:has_structure/zombie_dungeon, betterdungeons:has_structure/skeleton_dungeon, creeperoverhaul:has_snowy_creeper, minecraft:has_structure/stronghold, minecraft:has_structure/ruined_portal_mountain, vinery:spawns_grape, structory:has_structure/ruins, c:climate_cold, c:in_overworld, ae2:has_meteorites, minecraft:has_structure/pillager_outpost, betterstrongholds:has_structure/better_stronghold, betterstrongholds:has_structure/stronghold, betterdungeons:has_structure/small_dungeon, supplementaries:has_wild_flax, minecraft:has_structure/mineshaft, betterdungeons:has_structure/spider_dungeon, friendsandfoes:has_rascal, underground_bunkers:has_structure/underground_bunker_biomes, explorify:has_structure/ruins, minecraft:spawns_cold_variant_frogs, farmersdelight:wild_potatoes_whitelist, herbalbrews:mountain_biomes, naturalist:has_canary, vinery:spawns_taiga_grape, minecraft:is_overworld, farmersdelight:wild_onions_whitelist, minecraft:is_cold, galosphere:has_structure/forgotten_ruins, minecraft:stronghold_biased_to, ecologics:has_penguin, structory_towers:has_structure/towers, bettermineshafts:has_structure/mineshaft, c:mountain, naturalist:has_robin, naturalist:has_snail"
166,"minecraft:snowy_beach","minecraft:has_structure/ruined_portal_standard, minecraft:is_overworld, betterdungeons:has_structure/spider_dungeon, farmersdelight:has_wild_beetroots, minecraft:has_structure/trial_chambers, minecraft:has_structure/shipwreck_beached, bloomingnature:overworld, betterdungeons:has_structure/small_dungeon, moremobvariants:sheep_spawn_with_horns, naturalist:blacklist/blacklist_snail, naturalist:has_coral_snake, minecraft:is_beach, naturalist:blacklist/blacklist_giraffe, supplementaries:has_wild_flax, minecraft:spawns_white_rabbits, endermanoverhaul:cave_spawns, minecraft:spawns_cold_variant_farm_animals, naturalist:has_bluejay, ctov:has_structure/village_beach, hybrid-aquatic:bottle_spawn_biomes, galosphere:has_structure/forgotten_ruins, naturalist:blacklist/blacklist_lion, naturalist:blacklist/blacklist_coral_snake, structory:has_structure/ruins, c:snowy, naturalist:blacklist/blacklist_hippo, farmersdelight:wild_carrots_whitelist, naturalist:blacklist/blacklist_dragonfly, loot_n_explore:has_structure/wizards_icy_snowy, herbalbrews:savanna_biomes, explorify:has_structure/ruins, structory_towers:has_structure/towers, naturalist:blacklist/blacklist_tortoise, wildernature:spawns_pelican, betterstrongholds:has_structure/stronghold, farmersdelight:has_wild_cabbage, c:is_cold/overworld, minecraft:has_structure/buried_treasure, naturalist:blacklist/blacklist_lizard, minecraft:has_structure/stronghold, naturalist:blacklist/blacklist_snake, ae2:has_meteorites, friendsandfoes:has_structure/iceologer_cabin, c:is_cold, farmersdelight:wild_potatoes_whitelist, c:in_overworld, betterdungeons:has_structure/skeleton_dungeon, friendsandfoes:collections/snowy, endermanoverhaul:all_spawns, betterdungeons:has_structure/zombie_dungeon, naturalist:blacklist/blacklist_elephant, minecraft:spawns_snow_foxes, minecraft:spawns_cold_variant_frogs, c:beach, supplementaries:has_cave_urns, farmersdelight:wild_onions_whitelist, towns_and_towers:has_structure/pillager_outpost_snowy_beach, endermanoverhaul:snowy_spawns, c:is_snowy, waystones:has_structure/waystone, naturalist:blacklist/blacklist_firefly, friendsandfoes:has_rascal, naturalist:blacklist/blacklist_zebra, friendsandfoes:has_iceologer, naturalist:blacklist/blacklist_alligator, naturalist:blacklist/blacklist_rhino, supplementaries:has_way_signs, naturalist:blacklist/blacklist_butterfly, bettermineshafts:has_structure/mineshaft, minecraft:has_structure/mineshaft"
167,"still_life:snowy_boreal_alpine_tundra","minecraft:has_structure/mineshaft, minecraft:spawns_cold_variant_frogs, ecologics:has_penguin, betterstrongholds:has_structure/better_stronghold, minecraft:is_mountain, vinery:spawns_taiga_grape, herbalbrews:mountain_biomes, supplementaries:has_cave_urns, minecraft:has_structure/pillager_outpost, c:mountain, naturalist:has_snail, naturalist:has_robin, still_life:is_still_life, c:in_overworld, minecraft:has_structure/stronghold, minecraft:spawns_cold_variant_farm_animals, structory_towers:has_structure/towers, minecraft:is_cold, farmersdelight:wild_onions_whitelist, minecraft:is_overworld, betterdungeons:has_structure/skeleton_dungeon, farmersdelight:wild_potatoes_whitelist, galosphere:has_structure/forgotten_ruins, friendsandfoes:has_rascal, vinery:spawns_grape, supplementaries:has_wild_flax, minecraft:stronghold_biased_to, farmersdelight:wild_carrots_whitelist, explorify:has_structure/ruins, supplementaries:has_way_signs, betterdungeons:has_structure/zombie_dungeon, betterdungeons:has_structure/spider_dungeon, naturalist:has_bear, minecraft:has_structure/ruined_portal_mountain, betterdungeons:has_structure/small_dungeon, underground_bunkers:has_structure/underground_bunker_biomes, betterstrongholds:has_structure/stronghold, minecraft:spawns_white_rabbits, creeperoverhaul:has_snowy_creeper, c:climate_cold, structory:has_structure/ruins, bettermineshafts:has_structure/mineshaft, naturalist:has_canary, ae2:has_meteorites, minecraft:spawns_snow_foxes, meadow:spawns_rocky_sheep"
168,"still_life:snowy_peaks","farmersdelight:wild_carrots_whitelist, naturalist:has_bear, minecraft:is_mountain, supplementaries:has_way_signs, meadow:spawns_rocky_sheep, still_life:is_still_life, supplementaries:has_cave_urns, betterdungeons:has_structure/zombie_dungeon, betterdungeons:has_structure/skeleton_dungeon, creeperoverhaul:has_snowy_creeper, minecraft:has_structure/stronghold, minecraft:has_structure/ruined_portal_mountain, vinery:spawns_grape, structory:has_structure/ruins, c:climate_cold, c:in_overworld, ae2:has_meteorites, minecraft:has_structure/pillager_outpost, betterstrongholds:has_structure/better_stronghold, betterstrongholds:has_structure/stronghold, betterdungeons:has_structure/small_dungeon, supplementaries:has_wild_flax, minecraft:has_structure/mineshaft, betterdungeons:has_structure/spider_dungeon, friendsandfoes:has_rascal, underground_bunkers:has_structure/underground_bunker_biomes, explorify:has_structure/ruins, minecraft:spawns_cold_variant_frogs, farmersdelight:wild_potatoes_whitelist, herbalbrews:mountain_biomes, naturalist:has_canary, vinery:spawns_taiga_grape, minecraft:is_overworld, farmersdelight:wild_onions_whitelist, minecraft:is_cold, galosphere:has_structure/forgotten_ruins, minecraft:stronghold_biased_to, ecologics:has_penguin, structory_towers:has_structure/towers, bettermineshafts:has_structure/mineshaft, c:mountain, naturalist:has_robin, naturalist:has_snail"
169,"minecraft:snowy_plains","naturalist:blacklist/blacklist_lion, naturalist:blacklist/blacklist_dragonfly, naturalist:blacklist/blacklist_snail, friendsandfoes:has_rascal, c:climate_cold, c:in_overworld, c:is_cold, betterdungeons:has_structure/spider_dungeon, friendsandfoes:collections/snowy_plains, c:is_cold/overworld, galosphere:has_structure/forgotten_ruins, c:is_snowy, c:snowy_plains, endermanoverhaul:cave_spawns, supplementaries:has_way_signs, minecraft:spawns_white_rabbits, minecraft:spawns_cold_variant_farm_animals, c:is_wasteland, minecraft:is_overworld, betterdungeons:has_structure/small_dungeon, friendsandfoes:has_iceologer, bettermineshafts:has_structure/better_mineshaft_spruce_snowy, betterstrongholds:has_structure/stronghold, naturalist:blacklist/blacklist_snake, betterstrongholds:has_structure/better_stronghold, naturalist:blacklist/blacklist_zebra, minecraft:stronghold_biased_to, betterdungeons:has_structure/skeleton_dungeon, ae2:has_meteorites, naturalist:blacklist/blacklist_lizard, naturalist:blacklist/blacklist_giraffe, minecraft:has_structure/mineshaft, minecraft:spawns_snow_foxes, loot_n_explore:has_structure/wizards_icy_snowy, moremobvariants:sheep_spawn_with_horns, friendsandfoes:collections/snowy, friendsandfoes:has_structure/iceologer_cabin, explorify:has_structure/ruins, naturalist:blacklist/blacklist_alligator, c:is_plains, farmersdelight:wild_carrots_whitelist, betterdungeons:has_structure/zombie_dungeon, minecraft:has_structure/stronghold, naturalist:blacklist/blacklist_hippo, naturalist:blacklist/blacklist_tortoise, creeperoverhaul:has_snowy_creeper, waystones:has_structure/waystone, c:snowy, structory_towers:has_structure/towers, minecraft:has_structure/ruined_portal_standard, naturalist:blacklist/blacklist_firefly, naturalist:blacklist/blacklist_elephant, minecraft:has_structure/village_snowy, towns_and_towers:has_structure/pillager_outpost_snowy_plains, naturalist:has_bluejay, bettermineshafts:has_structure/mineshaft, structory:has_structure/ruins, naturalist:blacklist/blacklist_butterfly, farmersdelight:wild_potatoes_whitelist, bloomingnature:snowy_plains, minecraft:spawns_cold_variant_frogs, naturalist:blacklist/blacklist_coral_snake, supplementaries:has_cave_urns, minecraft:has_structure/trial_chambers, endermanoverhaul:snowy_spawns, minecraft:has_structure/igloo, endermanoverhaul:all_spawns, bloomingnature:overworld, ecologics:has_penguin, farmersdelight:wild_onions_whitelist, naturalist:blacklist/blacklist_rhino, underground_bunkers:has_structure/underground_bunker_biomes, supplementaries:has_wild_flax"
170,"minecraft:snowy_slopes","moremobvariants:sheep_spawn_with_horns, waystones:has_structure/waystone, towns_and_towers:has_structure/village_snowy_slopes_inn, naturalist:has_robin, vinery:spawns_grape, farmersdelight:wild_carrots_whitelist, naturalist:blacklist/blacklist_snail, explorify:has_structure/ruins, betterdungeons:has_structure/small_dungeon, wildernature:spawns_minisheep, naturalist:has_bear, c:mountain, c:is_snowy, vinery:spawns_taiga_grape, bettermineshafts:has_structure/better_mineshaft_spruce_snowy, bloomingnature:snowy_slopes, naturalist:blacklist/blacklist_giraffe, friendsandfoes:has_iceologer, c:is_sparse, structory_towers:has_structure/towers, structory_towers:mountain_peaks, naturalist:blacklist/blacklist_rhino, c:mountain_slope, friendsandfoes:has_structure/iceologer_cabin, endermanoverhaul:all_spawns, farmersdelight:wild_potatoes_whitelist, betterdungeons:has_structure/skeleton_dungeon, naturalist:blacklist/blacklist_zebra, minecraft:is_mountain, c:is_slope, naturalist:blacklist/blacklist_firefly, naturalist:blacklist/blacklist_snake, endermanoverhaul:snowy_spawns, c:snowy, naturalist:has_bluejay, minecraft:increased_fire_burnout, minecraft:is_overworld, ae2:has_meteorites, friendsandfoes:collections/snowy, minecraft:spawns_white_rabbits, c:is_mountain, naturalist:blacklist/blacklist_lion, naturalist:blacklist/blacklist_dragonfly, c:is_cold, naturalist:blacklist/blacklist_lizard, bloomingnature:overworld, naturalist:blacklist/blacklist_hippo, friendsandfoes:has_rascal, structory:has_structure/ruins, naturalist:blacklist/blacklist_coral_snake, minecraft:stronghold_biased_to, minecraft:has_structure/pillager_outpost, naturalist:has_canary, betterstrongholds:has_structure/better_stronghold, towns_and_towers:has_structure/pillager_outpost_snowy_slopes, naturalist:blacklist/blacklist_tortoise, naturalist:blacklist/blacklist_butterfly, endermanoverhaul:cave_spawns, c:is_cold/overworld, supplementaries:has_cave_urns, explorify:has_structure/guide_post_cold, underground_bunkers:has_structure/underground_bunker_biomes, galosphere:has_structure/forgotten_ruins, minecraft:spawns_cold_variant_frogs, betterdungeons:has_structure/zombie_dungeon, betterstrongholds:has_structure/stronghold, meadow:spawns_rocky_sheep, friendsandfoes:collections/snowy_mountains, minecraft:has_structure/ruined_portal_mountain, minecraft:has_structure/trial_chambers, c:is_sparse/overworld, farmersdelight:wild_onions_whitelist, minecraft:spawns_cold_variant_farm_animals, c:in_overworld, herbalbrews:mountain_biomes, minecraft:has_structure/igloo, naturalist:has_snail, loot_n_explore:has_structure/wizards_icy_snowy, naturalist:blacklist/blacklist_alligator, betterdungeons:has_structure/spider_dungeon, supplementaries:has_way_signs, minecraft:spawns_snow_foxes, supplementaries:has_wild_flax, bettermineshafts:has_structure/mineshaft, naturalist:blacklist/blacklist_elephant, minecraft:has_structure/mineshaft, minecraft:has_structure/stronghold"
171,"minecraft:snowy_taiga","naturalist:blacklist/blacklist_lizard, bettermineshafts:has_structure/mineshaft, structory_towers:has_structure/towers, galosphere:has_structure/forgotten_ruins, bloomingnature:snowy_taiga, minecraft:spawns_snow_foxes, endermanoverhaul:cave_spawns, betterdungeons:has_structure/zombie_dungeon, naturalist:blacklist/blacklist_hippo, meadow:spawns_buffalo, loot_n_explore:has_structure/wizards_icy_snowy, minecraft:is_overworld, minecraft:has_structure/ruined_portal_standard, underground_bunkers:has_structure/underground_bunker_biomes, minecraft:is_taiga, betterdungeons:has_structure/small_dungeon, friendsandfoes:has_structure/iceologer_cabin, bakery:spawns_strawberries, c:is_cold, minecraft:has_structure/trial_chambers, c:is_cold/overworld, minecraft:has_structure/igloo, c:is_coniferous, naturalist:blacklist/blacklist_lion, minecraft:has_structure/pillager_outpost, towns_and_towers:has_structure/village_snowy_taiga_viking, structory:has_structure/ruin_taiga, betterdungeons:has_structure/spider_dungeon, structory_towers:taigas, moremobvariants:sheep_spawn_with_horns, bloomingnature:overworld, naturalist:blacklist/blacklist_snail, supplementaries:has_cave_urns, explorify:has_structure/supply_cache/taiga, towns_and_towers:has_structure/pillager_outpost_snowy_taiga, farm_and_charm:spawns_wild_oat, friendsandfoes:collections/snowy_forest, friendsandfoes:has_illusioner, c:taiga, vinery:spawns_taiga_grape, bettermineshafts:has_structure/better_mineshaft_spruce_snowy, friendsandfoes:collections/snowy, structory:has_structure/ruins, endermanoverhaul:all_spawns, explorify:has_structure/watchtower_taiga, ae2:has_meteorites, explorify:has_structure/mausoleum, brewery:taiga, naturalist:blacklist/blacklist_giraffe, waystones:has_structure/waystone, betterdungeons:has_structure/skeleton_dungeon, naturalist:blacklist/blacklist_firefly, minecraft:has_structure/mineshaft, bettermineshafts:has_structure/better_mineshaft_spruce, explorify:has_structure/ruins, naturalist:blacklist/blacklist_snake, explorify:has_structure/campsite, naturalist:blacklist/blacklist_butterfly, ecologics:has_penguin, naturalist:blacklist/blacklist_tortoise, farm_and_charm:spawns_wild_crops, creeperoverhaul:has_snowy_creeper, bloomingnature:has_structure/taiga, minecraft:spawns_white_rabbits, minecraft:spawns_cold_variant_frogs, minecraft:has_structure/trail_ruins, c:climate_cold, moremobvariants:wolf_ashen_spawns, friendsandfoes:has_iceologer, supplementaries:has_wild_flax, c:snowy, naturalist:blacklist/blacklist_elephant, minecraft:stronghold_biased_to, c:is_snowy, c:tree_coniferous, minecraft:has_structure/stronghold, c:in_overworld, naturalist:has_bear, minecraft:spawns_cold_variant_farm_animals, farmersdelight:wild_onions_whitelist, farmersdelight:wild_carrots_whitelist, bloomingnature:has_structure/temperate, naturalist:blacklist/blacklist_rhino, farm_and_charm:spawns_wild_strawberries, friendsandfoes:has_structure/illusioner_training_grounds, friendsandfoes:collections/taigas, naturalist:blacklist/blacklist_dragonfly, farmersdelight:wild_potatoes_whitelist, friendsandfoes:has_rascal, friendsandfoes:has_structure/illusioner_shack, naturalist:blacklist/blacklist_coral_snake, farm_and_charm:spawns_wild_potatoes, supplementaries:has_way_signs, endermanoverhaul:snowy_spawns, naturalist:blacklist/blacklist_alligator, naturalist:has_bluejay, naturalist:blacklist/blacklist_zebra, betterstrongholds:has_structure/better_stronghold, betterstrongholds:has_structure/stronghold"
172,"still_life:snowy_tundra","farmersdelight:wild_carrots_whitelist, explorify:has_structure/ruins, structory_towers:has_structure/towers, minecraft:spawns_cold_variant_frogs, minecraft:has_structure/village_snowy, endermanoverhaul:cave_spawns, betterdungeons:has_structure/spider_dungeon, endermanoverhaul:snowy_spawns, c:climate_cold, endermanoverhaul:all_spawns, structory:has_structure/ruins, betterstrongholds:has_structure/stronghold, minecraft:stronghold_biased_to, minecraft:spawns_cold_variant_farm_animals, betterdungeons:has_structure/skeleton_dungeon, minecraft:has_structure/igloo, still_life:is_still_life, friendsandfoes:has_rascal, betterdungeons:has_structure/small_dungeon, minecraft:spawns_snow_foxes, minecraft:is_cold, minecraft:is_overworld, farmersdelight:wild_potatoes_whitelist, minecraft:has_structure/pillager_outpost, supplementaries:has_wild_flax, minecraft:spawns_white_rabbits, t_and_t:has_structure/pillager_outpost_snowy, t_and_t:has_structure/village_snowy, c:in_overworld, ae2:has_meteorites, minecraft:has_structure/mineshaft, minecraft:has_structure/stronghold, galosphere:has_structure/forgotten_ruins, betterdungeons:has_structure/zombie_dungeon, creeperoverhaul:has_snowy_creeper, ecologics:has_penguin, supplementaries:has_cave_urns, farmersdelight:wild_onions_whitelist, supplementaries:has_way_signs, bettermineshafts:has_structure/mineshaft"
173,"betternether:soul_plain","betterdungeons:has_structure/small_nether_dungeon, c:in_nether, minecraft:has_structure/nether_fortress, minecraft:spawns_warm_variant_farm_animals, betternether:has_structure/ghast_hive, c:climate_dry, minecraft:spawns_warm_variant_frogs, minecraft:has_structure/nether_fossil, c:climate_hot, minecraft:has_structure/ruined_portal_nether, betternether:has_structure/pyramid, betternether:has_structure/nether_decorations, betterfortresses:has_structure/better_fortress, betternether:biome, friendsandfoes:has_structure/citadel, farmersdelight:has_wild_beetroots, minecraft:is_nether, betternether:has_structure/nether_city"
174,"minecraft:soul_sand_valley","structory_towers:soul_sand_valleys, c:is_dry/nether, friendsandfoes:has_structure/citadel, minecraft:is_nether, waystones:has_structure/blackstone_waystone, betterdungeons:has_structure/small_nether_dungeon, farmersdelight:has_wild_beetroots, minecraft:has_structure/bastion_remnant, c:in_nether, endermanoverhaul:all_spawns, minecraft:spawns_warm_variant_frogs, minecraft:has_structure/nether_fossil, minecraft:has_structure/nether_fortress, explorify:has_structure/black_spiral, minecraft:snow_golem_melts, c:is_hot/nether, minecraft:spawns_warm_variant_farm_animals, c:climate_dry, betterfortresses:has_structure/better_fortress, c:climate_hot, c:is_dry, c:is_hot, minecraft:has_structure/ruined_portal_nether, endermanoverhaul:soulsand_valley_spawns"
175,"minecraft:sparse_jungle","farmersdelight:has_wild_beetroots, galosphere:has_structure/forgotten_ruins, loot_n_explore:has_structure/wizards_wind_tower, minecraft:has_structure/trial_chambers, structory:has_structure/chapel, supplementaries:has_cave_urns, naturalist:has_snail, betterdungeons:has_structure/spider_dungeon, minecraft:has_structure/mineshaft, naturalist:has_hippo, c:is_wet, c:is_hot/overworld, farmersdelight:wild_tomatoes_whitelist, farm_and_charm:spawns_wild_strawberries, wildernature:sparse_jungle, creeperoverhaul:has_jungle_creeper, structory_towers:sparse_jungle, sereneseasons:tropical_biomes, betterdungeons:has_structure/zombie_dungeon, structory:has_structure/jungle_well, moremobvariants:spawn_mossy_skeletons, minecraft:is_overworld, c:vegetation_dense, c:climate_wet, betterstrongholds:has_structure/stronghold, minecraft:spawns_warm_variant_farm_animals, bettermineshafts:has_structure/better_mineshaft_jungle, bloomingnature:sparse_jungle, minecraft:is_jungle, minecraft:stronghold_biased_to, betterdungeons:has_structure/skeleton_dungeon, moremobvariants:wolf_rusty_spawns, minecraft:has_structure/trail_ruins, betterstrongholds:has_structure/better_stronghold, farmersdelight:wild_potatoes_whitelist, minecraft:has_structure/ruined_portal_jungle, towns_and_towers:has_structure/pillager_outpost_sparse_jungle, c:is_rare, structory_towers:has_structure/towers, bakery:spawns_strawberries, betterdungeons:has_structure/small_dungeon, herbalbrews:jungle_biomes, explorify:has_structure/ruins, naturalist:has_snake, c:is_wet/overworld, supplementaries:has_way_signs, structory:has_structure/ruins, farmersdelight:wild_rice_whitelist, minecraft:has_structure/stronghold, c:is_hot, naturalist:has_coral_snake, farmersdelight:wild_onions_whitelist, towns_and_towers:has_structure/village_sparse_jungle_polynesian, structory:has_structure/outcast_villager_grassy, c:jungle, c:climate_hot, underground_bunkers:has_structure/underground_bunker_biomes, naturalist:has_lizard, moremobvariants:additional_wolf_spawns, bettermineshafts:has_structure/mineshaft, minecraft:spawns_warm_variant_frogs, supplementaries:has_wild_flax, betterjungletemples:has_structure/jungle_temple, bloomingnature:overworld, waystones:has_structure/mossy_waystone, crittersandcompanions:silk_cocoon_spawns, ae2:has_meteorites, farmersdelight:wild_carrots_whitelist, vinery:spawns_jungle_grape, hybrid-aquatic:jungle, friendsandfoes:has_rascal, elemental_wizards_rpg:has_structure/wind_wizard, wildernature:spawns_cassowary, c:tree_jungle, naturalist:has_elephant, naturalist:has_tortoise, c:in_overworld"
176,"ae2:spatial_storage",""
177,"still_life:steppe_river","minecraft:water_on_map_outlines, loot_n_explore:has_structure/wizards_wind_tower, wildernature:spawns_pelican, naturalist:has_coral_snake, untitledduckmod:duck_spawn, supplementaries:has_cave_urns, minecraft:is_river, friendsandfoes:has_rascal, c:river, elemental_wizards_rpg:has_structure/water_wizard_river, naturalist:has_duck, structory:has_structure/ruins, bettermineshafts:has_structure/mineshaft, vinery:spawns_grape, naturalist:has_bass, still_life:is_still_life, minecraft:has_structure/ruined_portal_standard, minecraft:is_overworld, c:in_overworld, hybrid-aquatic:rivers, minecraft:required_ocean_monument_surrounding, c:aquatic, c:is_water, farmersdelight:wild_onions_whitelist, farmersdelight:wild_potatoes_whitelist, supplementaries:has_way_signs, c:climate_wet, betterstrongholds:has_structure/stronghold, minecraft:more_frequent_drowned_spawns, minecraft:plays_underwater_music, minecraft:reduce_water_ambient_spawns, minecraft:has_structure/stronghold, supplementaries:has_wild_flax, betterdungeons:has_structure/spider_dungeon, minecraft:has_structure/mineshaft, ae2:has_meteorites, naturalist:has_snail, betterdungeons:has_structure/small_dungeon, betterdungeons:has_structure/skeleton_dungeon, structory_towers:has_structure/towers, farmersdelight:wild_carrots_whitelist, galosphere:has_structure/forgotten_ruins, minecraft:stronghold_biased_to, betterdungeons:has_structure/zombie_dungeon, elemental_wizards_rpg:has_structure/wind_wizard, untitledduckmod:goose_spawn, explorify:has_structure/ruins"
178,"minecraft:stony_peaks","herbalbrews:mountain_biomes, c:is_mountain, supplementaries:has_way_signs, loot_n_explore:has_structure/wizards_wind_monolith, structory_towers:mountain_peaks, structory_towers:has_structure/towers, loot_n_explore:has_structure/wizards_earth_tower, bettermineshafts:has_structure/mineshaft, structory:has_structure/ruins, minecraft:stronghold_biased_to, minecraft:has_structure/mineshaft, minecraft:has_structure/stronghold, betterstrongholds:has_structure/better_stronghold, waystones:has_structure/waystone, farmersdelight:wild_potatoes_whitelist, naturalist:has_robin, farmersdelight:wild_carrots_whitelist, underground_bunkers:has_structure/underground_bunker_biomes, galosphere:has_structure/forgotten_ruins, betterdungeons:has_structure/zombie_dungeon, betterstrongholds:has_structure/stronghold, meadow:spawns_rocky_sheep, betterdungeons:has_structure/small_dungeon, minecraft:has_structure/ruined_portal_mountain, minecraft:has_structure/trial_chambers, wildernature:spawns_minisheep, explorify:has_structure/guide_post_warm, elemental_wizards_rpg:has_structure/wind_wizard_monolith, ae2:has_meteorites, naturalist:has_bear, c:mountain_peak, c:is_peak, naturalist:has_snail, betterdungeons:has_structure/spider_dungeon, c:is_hot, bloomingnature:stony_shore, farmersdelight:has_wild_beetroots, bloomingnature:overworld, friendsandfoes:has_rascal, supplementaries:has_wild_flax, minecraft:has_structure/pillager_outpost, naturalist:has_canary, moremobvariants:sheep_spawn_with_horns, c:is_hot/overworld, betterdungeons:has_structure/skeleton_dungeon, supplementaries:has_cave_urns, vinery:spawns_grape, minecraft:is_mountain, explorify:has_structure/ruins, c:in_overworld, elemental_wizards_rpg:has_structure/earth_wizard, farmersdelight:wild_tomatoes_whitelist, minecraft:spawns_cold_variant_farm_animals, farmersdelight:wild_onions_whitelist, c:climate_hot, minecraft:is_overworld, c:mountain, vinery:spawns_taiga_grape"
179,"minecraft:stony_shore","waystones:has_structure/waystone, farmersdelight:has_wild_cabbage, supplementaries:has_wild_flax, betterdungeons:has_structure/zombie_dungeon, betterstrongholds:has_structure/better_stronghold, ctov:has_structure/village_beach, naturalist:has_coral_snake, c:climate_temperate, c:stony_shores, supplementaries:has_cave_urns, farmersdelight:has_wild_beetroots, bettermineshafts:has_structure/mineshaft, friendsandfoes:has_rascal, betterdungeons:has_structure/skeleton_dungeon, ae2:has_meteorites, minecraft:is_overworld, minecraft:has_structure/mineshaft, minecraft:has_structure/trial_chambers, explorify:has_structure/ruins, bloomingnature:stony_shore, wildernature:spawns_pelican, minecraft:has_structure/stronghold, betterdungeons:has_structure/spider_dungeon, supplementaries:has_way_signs, farmersdelight:wild_onions_whitelist, farmersdelight:wild_potatoes_whitelist, structory_towers:has_structure/towers, c:beach, c:in_overworld, betterdungeons:has_structure/small_dungeon, structory:has_structure/ruins, hybrid-aquatic:rocky_beaches, betterstrongholds:has_structure/stronghold, bloomingnature:overworld, minecraft:has_structure/ruined_portal_mountain, farmersdelight:wild_carrots_whitelist, galosphere:has_structure/forgotten_ruins"
180,"still_life:subtropical_deep_ocean","minecraft:has_structure/ruined_portal_ocean, hybrid-aquatic:deep_tropical_oceans, minecraft:has_structure/mineshaft, towns_and_towers:has_structure/pillager_outpost_deep_oceans, c:ocean, loot_n_explore:has_structure/wizards_wind_tower, supplementaries:has_cave_urns, c:climate_wet, still_life:is_still_life, elemental_wizards_rpg:has_structure/water_wizard, loot_n_explore:has_structure/wizards_water_monolith, c:is_water, c:in_overworld, minecraft:has_structure/stronghold, structory_towers:has_structure/towers, c:aquatic, farmersdelight:wild_onions_whitelist, minecraft:water_on_map_outlines, minecraft:is_overworld, betterdungeons:has_structure/skeleton_dungeon, minecraft:is_ocean, farmersdelight:wild_potatoes_whitelist, galosphere:has_structure/forgotten_ruins, friendsandfoes:has_rascal, supplementaries:has_wild_flax, explorify:has_structure/ruins, farmersdelight:wild_carrots_whitelist, hybrid-aquatic:tropical_oceans, supplementaries:has_way_signs, betterdungeons:has_structure/zombie_dungeon, betterdungeons:has_structure/spider_dungeon, minecraft:is_deep_ocean, betterdungeons:has_structure/small_dungeon, betteroceanmonuments:has_structure/better_ocean_monument, towns_and_towers:has_structure/village_deep_oceans_ships, minecraft:plays_underwater_music, betterstrongholds:has_structure/stronghold, elemental_wizards_rpg:has_structure/wind_wizard, hybrid-aquatic:bottle_spawn_biomes, minecraft:has_structure/shipwreck, structory:has_structure/ruins, bettermineshafts:has_structure/mineshaft, betteroceanmonuments:has_structure/ocean_monument, minecraft:has_structure/ocean_monument, ae2:has_meteorites, minecraft:required_ocean_monument_surrounding"
181,"still_life:subtropical_shallow_ocean","c:in_overworld, friendsandfoes:has_rascal, hybrid-aquatic:tropical_oceans, hybrid-aquatic:shallow_tropical_oceans, minecraft:water_on_map_outlines, structory_towers:has_structure/towers, betterstrongholds:has_structure/stronghold, hybrid-aquatic:bottle_spawn_biomes, minecraft:has_structure/ruined_portal_ocean, minecraft:has_structure/stronghold, supplementaries:has_cave_urns, farmersdelight:wild_onions_whitelist, ae2:has_meteorites, explorify:has_structure/ruins, minecraft:is_overworld, loot_n_explore:has_structure/wizards_wind_tower, c:is_water, still_life:is_still_life, elemental_wizards_rpg:has_structure/water_wizard, c:aquatic, minecraft:has_structure/shipwreck, loot_n_explore:has_structure/wizards_water_monolith, farmersdelight:wild_potatoes_whitelist, farmersdelight:wild_carrots_whitelist, hybrid-aquatic:reef, betterdungeons:has_structure/skeleton_dungeon, c:climate_wet, betterdungeons:has_structure/spider_dungeon, elemental_wizards_rpg:has_structure/wind_wizard, galosphere:has_structure/forgotten_ruins, betterdungeons:has_structure/zombie_dungeon, supplementaries:has_way_signs, structory:has_structure/ruins, c:ocean, betterdungeons:has_structure/small_dungeon, minecraft:required_ocean_monument_surrounding, bettermineshafts:has_structure/mineshaft, minecraft:has_structure/ocean_ruin_warm, minecraft:is_ocean, minecraft:has_structure/mineshaft, supplementaries:has_wild_flax, minecraft:plays_underwater_music"
182,"betternether:sulfuric_bone_reef","betterdungeons:has_structure/small_nether_dungeon, minecraft:is_nether, minecraft:has_structure/ruined_portal_nether, betterfortresses:has_structure/better_fortress, betternether:has_structure/ghast_hive, c:climate_hot, minecraft:has_structure/nether_fortress, betternether:has_structure/nether_city, betternether:has_structure/pyramid, betternether:biome, friendsandfoes:has_structure/citadel, c:in_nether, farmersdelight:has_wild_beetroots, betternether:has_structure/nether_decorations, minecraft:spawns_warm_variant_farm_animals, minecraft:spawns_warm_variant_frogs, c:climate_dry"
183,"betterend:sulphur_springs","minecraft:spawns_cold_variant_farm_animals, c:in_the_end, c:is_end_highland, minecraft:spawns_cold_variant_frogs, betterend:has_structure/eternal_portal, endermanoverhaul:end_spawns, endermanoverhaul:end_islands_spawns, minecraft:is_end"
184,"minecraft:sunflower_plains","c:vegetation_dense, bloomingnature:has_structure/temperate, c:floral, explorify:has_structure/ruins, structory:has_structure/chapel, friendsandfoes:has_moobloom/buttercup, candlelight:spawns_rose, underground_bunkers:has_structure/underground_bunker_biomes, supplementaries:has_way_signs, c:in_overworld, endermanoverhaul:all_spawns, farm_and_charm:spawns_wild_barley, farm_and_charm:spawns_wild_emmer, structory_towers:oak_biomes, endermanoverhaul:cave_spawns, betterstrongholds:has_structure/better_stronghold, supplementaries:has_wild_flax, wildernature:spawns_squirrel, friendsandfoes:has_moobloom/any, minecraft:has_structure/ruined_portal_standard, c:climate_temperate, structory:has_structure/outcast_villager_grassy, c:plains, towns_and_towers:has_structure/pillager_outpost_sunflower_plains, structory:has_structure/northern_ruin, naturalist:has_robin, bloomingnature:sunflower_plains, wildernature:spawns_patch_hazelnut_bush, supplementaries:has_cave_urns, minecraft:stronghold_biased_to, bettermineshafts:has_structure/mineshaft, untitledduckmod:goose_spawn, minecraft:is_overworld, towns_and_towers:has_structure/village_sunflower_plains_farm, naturalist:has_butterfly, minecraft:has_structure/stronghold, naturalist:has_snail, vinery:spawns_cherry_tree, betterdungeons:has_structure/spider_dungeon, wildernature:spawns_bison, farmersdelight:wild_onions_whitelist, c:is_plains, farmersdelight:wild_potatoes_whitelist, structory_towers:has_structure/towers, hybrid-birds:rooster_spawn_biomes, betterdungeons:has_structure/small_dungeon, bettermineshafts:has_structure/better_mineshaft_oak, farm_and_charm:spawns_wild_strawberries, candlelight:has_structure/tree, betterstrongholds:has_structure/stronghold, bloomingnature:overworld, naturalist:has_firefly, farmersdelight:wild_carrots_whitelist, wildernature:spawns_raccoon, bakery:spawns_strawberries, betterdungeons:has_structure/zombie_dungeon, structory:has_structure/ruins, galosphere:has_structure/forgotten_ruins, waystones:has_structure/waystone, vinery:spawns_grape, loot_n_explore:has_structure/wizards_plains_structures, c:is_rare, bakery:has_structure/bakery, naturalist:has_sparrow, farm_and_charm:spawns_wild_crops, naturalist:has_deer, friendsandfoes:has_rascal, endermanoverhaul:flower_fields_spawns, bakery:has_structure/oat_field, ae2:has_meteorites, betterdungeons:has_structure/skeleton_dungeon, naturalist:has_snake, minecraft:has_structure/mineshaft, minecraft:has_structure/trial_chambers"
185,"minecraft:swamp","galosphere:has_structure/forgotten_ruins, minecraft:has_structure/trial_chambers, supplementaries:has_cave_urns, naturalist:has_snail, betterdungeons:has_structure/spider_dungeon, minecraft:has_structure/mineshaft, letsdoaddon-structures:has_structure/swamp_well, endermanoverhaul:swamp_spawns, naturalist:has_alligator, c:is_wet, untitledduckmod:duck_spawn, betterdungeons:has_structure/zombie_dungeon, minecraft:has_structure/swamp_hut, fetzisasiandeco:swamp_biomes, naturalist:has_cardinal, minecraft:allows_surface_slime_spawns, minecraft:is_overworld, vinery:spawns_grape, minecraft:water_on_map_outlines, ribbits:has_structure/ribbit_village, betterstrongholds:has_structure/stronghold, minecraft:has_closer_water_fog, c:climate_wet, moremobvariants:spawn_mossy_skeletons, naturalist:has_butterfly, naturalist:has_duck, betterdungeons:has_structure/skeleton_dungeon, meadow:spawns_water_buffalo, betterstrongholds:has_structure/better_stronghold, farmersdelight:wild_potatoes_whitelist, naturalist:has_dragonfly, explorify:has_structure/ruins, betterdungeons:has_structure/small_dungeon, structory_towers:has_structure/towers, naturalist:has_snake, c:is_wet/overworld, supplementaries:has_way_signs, structory:has_structure/ruins, c:swamp, farm_and_charm:spawns_wild_crops, betterwitchhuts:has_structure/witch_hut, minecraft:has_structure/ruined_portal_swamp, minecraft:has_structure/stronghold, farmersdelight:wild_onions_whitelist, farmersdelight:wild_rice_whitelist, towns_and_towers:has_structure/village_swamp_boat, bettermineshafts:has_structure/better_mineshaft_oak, candlelight:spawns_rose, naturalist:has_catfish, structory_towers:oak_biomes, endermanoverhaul:all_spawns, naturalist:has_lizard, betterwitchhuts:has_structure/witch_circle, hybrid-aquatic:swamp, naturalist:has_firefly, bettermineshafts:has_structure/mineshaft, c:climate_temperate, bloomingnature:has_structure/swamp, supplementaries:has_wild_flax, minecraft:increased_fire_burnout, bloomingnature:overworld, waystones:has_structure/mossy_waystone, towns_and_towers:has_structure/pillager_outpost_swamp, c:is_swamp, betterwitchhuts:has_structure/better_witch_hut, yungsextras:has_structure/swamp_structures, ae2:has_meteorites, farm_and_charm:spawns_wild_flowers, farmersdelight:wild_carrots_whitelist, bloomingnature:swamp, friendsandfoes:has_rascal, endermanoverhaul:cave_spawns, naturalist:has_bass, sereneseasons:lesser_color_change_biomes, hybrid-birds:duck_spawn_biomes, naturalist:has_tortoise, c:in_overworld"
186,"minecraft:taiga","minecraft:has_structure/ruined_portal_standard, minecraft:is_overworld, betterdungeons:has_structure/spider_dungeon, minecraft:stronghold_biased_to, friendsandfoes:has_structure/illusioner_shack, minecraft:has_structure/trial_chambers, friendsandfoes:collections/taigas, betterstrongholds:has_structure/better_stronghold, bloomingnature:taiga, bloomingnature:overworld, naturalist:has_bear, farm_and_charm:spawns_wild_strawberries, betterdungeons:has_structure/small_dungeon, minecraft:is_taiga, supplementaries:has_wild_flax, explorify:has_structure/supply_cache/taiga, naturalist:has_bluejay, minecraft:spawns_cold_variant_farm_animals, c:tree_coniferous, galosphere:has_structure/forgotten_ruins, bettermineshafts:has_structure/better_mineshaft_spruce, structory:has_structure/ruins, ecologics:has_penguin, structory:has_structure/ruin_taiga, minecraft:has_structure/trail_ruins, farmersdelight:wild_carrots_whitelist, explorify:has_structure/ruins, creeperoverhaul:has_snowy_creeper, structory_towers:has_structure/towers, betterstrongholds:has_structure/stronghold, bloomingnature:has_structure/temperate, c:is_cold/overworld, vinery:spawns_taiga_grape, farm_and_charm:spawns_wild_crops, meadow:spawns_buffalo, c:is_coniferous, minecraft:has_structure/stronghold, hybrid-birds:goose_spawn_biomes, farm_and_charm:spawns_wild_potatoes, ae2:has_meteorites, c:is_cold, farmersdelight:wild_potatoes_whitelist, c:in_overworld, bakery:spawns_strawberries, betterdungeons:has_structure/skeleton_dungeon, betterdungeons:has_structure/zombie_dungeon, c:taiga, supplementaries:has_cave_urns, farm_and_charm:spawns_wild_oat, farmersdelight:wild_onions_whitelist, minecraft:has_structure/pillager_outpost, explorify:has_structure/watchtower_taiga, friendsandfoes:has_structure/illusioner_training_grounds, waystones:has_structure/waystone, minecraft:has_structure/village_taiga, friendsandfoes:has_rascal, structory_towers:taigas, brewery:taiga, friendsandfoes:has_illusioner, towns_and_towers:has_structure/pillager_outpost_taiga, bloomingnature:has_structure/taiga, supplementaries:has_way_signs, explorify:has_structure/mausoleum, underground_bunkers:has_structure/underground_bunker_biomes, hybrid-birds:turkey_spawn_biomes, c:climate_cold, bettermineshafts:has_structure/mineshaft, minecraft:has_structure/mineshaft, explorify:has_structure/campsite, moremobvariants:wolf_pale_spawns"
187,"still_life:taiga_beach","farmersdelight:wild_onions_whitelist, farmersdelight:has_wild_cabbage, friendsandfoes:has_rascal, betterdungeons:has_structure/skeleton_dungeon, minecraft:has_structure/mineshaft, farmersdelight:wild_potatoes_whitelist, structory_towers:has_structure/towers, towns_and_towers:has_structure/pillager_outpost_beach, minecraft:has_structure/buried_treasure, explorify:has_structure/ruins, wildernature:spawns_pelican, hybrid-aquatic:bottle_spawn_biomes, betterdungeons:has_structure/spider_dungeon, minecraft:has_structure/ruined_portal_standard, minecraft:is_overworld, still_life:is_still_life, ctov:has_structure/village_beach, betterdungeons:has_structure/zombie_dungeon, minecraft:has_structure/shipwreck_beached, ae2:has_meteorites, minecraft:spawns_cold_variant_frogs, supplementaries:has_cave_urns, supplementaries:has_way_signs, minecraft:stronghold_biased_to, bettermineshafts:has_structure/mineshaft, naturalist:has_coral_snake, galosphere:has_structure/forgotten_ruins, towns_and_towers:has_structure/village_beach_lighthouse, betterstrongholds:has_structure/stronghold, betterdungeons:has_structure/small_dungeon, minecraft:has_structure/stronghold, structory:has_structure/ruins, c:beach, c:stony_shores, herbalbrews:savanna_biomes, farmersdelight:has_wild_beetroots, c:in_overworld, supplementaries:has_wild_flax, minecraft:is_beach, minecraft:spawns_cold_variant_farm_animals, farmersdelight:wild_carrots_whitelist"
188,"still_life:taiga_highlands","herbalbrews:mountain_biomes, minecraft:has_structure/pillager_outpost, minecraft:is_mountain, naturalist:has_bluejay, supplementaries:has_cave_urns, friendsandfoes:has_rascal, naturalist:has_robin, naturalist:has_bear, minecraft:spawns_cold_variant_frogs, structory:has_structure/ruins, bettermineshafts:has_structure/mineshaft, vinery:spawns_grape, vinery:spawns_taiga_grape, still_life:is_still_life, minecraft:is_overworld, c:in_overworld, structory_towers:shattered_biomes, betterstrongholds:has_structure/better_stronghold, elemental_wizards_rpg:has_structure/earth_wizard, underground_bunkers:has_structure/underground_bunker_biomes, farmersdelight:wild_onions_whitelist, minecraft:spawns_cold_variant_farm_animals, farmersdelight:wild_potatoes_whitelist, supplementaries:has_way_signs, naturalist:has_canary, betterstrongholds:has_structure/stronghold, ae2:has_meteorites, minecraft:has_structure/stronghold, supplementaries:has_wild_flax, betterdungeons:has_structure/spider_dungeon, minecraft:has_structure/mineshaft, naturalist:has_snail, betterdungeons:has_structure/small_dungeon, loot_n_explore:has_structure/wizards_earth_tower, betterdungeons:has_structure/skeleton_dungeon, minecraft:is_hill, loot_n_explore:has_structure/wizards_wind_monolith, structory_towers:has_structure/towers, farmersdelight:wild_carrots_whitelist, minecraft:has_structure/ruined_portal_mountain, galosphere:has_structure/forgotten_ruins, minecraft:stronghold_biased_to, elemental_wizards_rpg:has_structure/wind_wizard_monolith, c:mountain, betterdungeons:has_structure/zombie_dungeon, meadow:spawns_rocky_sheep, explorify:has_structure/ruins"
189,"still_life:temperate_beach","minecraft:is_overworld, still_life:is_still_life, ae2:has_meteorites, c:in_overworld, bettermineshafts:has_structure/mineshaft, minecraft:has_structure/buried_treasure, structory_towers:has_structure/towers, betterdungeons:has_structure/skeleton_dungeon, farmersdelight:has_wild_cabbage, structory:has_structure/ruins, galosphere:has_structure/forgotten_ruins, minecraft:has_structure/mineshaft, betterstrongholds:has_structure/stronghold, betterdungeons:has_structure/zombie_dungeon, naturalist:has_coral_snake, towns_and_towers:has_structure/pillager_outpost_beach, c:beach, farmersdelight:has_wild_beetroots, betterdungeons:has_structure/spider_dungeon, supplementaries:has_wild_flax, hybrid-aquatic:bottle_spawn_biomes, minecraft:has_structure/ruined_portal_standard, ctov:has_structure/village_beach, supplementaries:has_way_signs, supplementaries:has_cave_urns, explorify:has_structure/ruins, wildernature:spawns_pelican, minecraft:has_structure/stronghold, farmersdelight:wild_carrots_whitelist, friendsandfoes:has_rascal, minecraft:stronghold_biased_to, t_and_t:has_structure/pillager_outpost_beach, farmersdelight:wild_potatoes_whitelist, betterdungeons:has_structure/small_dungeon, minecraft:is_beach, herbalbrews:savanna_biomes, towns_and_towers:has_structure/village_beach_lighthouse, minecraft:has_structure/shipwreck_beached, farmersdelight:wild_onions_whitelist"
190,"still_life:temperate_deep_ocean","minecraft:has_structure/ruined_portal_ocean, minecraft:has_structure/mineshaft, towns_and_towers:has_structure/pillager_outpost_deep_oceans, c:ocean, loot_n_explore:has_structure/wizards_wind_tower, supplementaries:has_cave_urns, c:climate_wet, still_life:is_still_life, elemental_wizards_rpg:has_structure/water_wizard, loot_n_explore:has_structure/wizards_water_monolith, c:is_water, c:in_overworld, minecraft:has_structure/stronghold, structory_towers:has_structure/towers, c:aquatic, farmersdelight:wild_onions_whitelist, minecraft:water_on_map_outlines, minecraft:is_overworld, betterdungeons:has_structure/skeleton_dungeon, minecraft:is_ocean, farmersdelight:wild_potatoes_whitelist, galosphere:has_structure/forgotten_ruins, friendsandfoes:has_rascal, supplementaries:has_wild_flax, explorify:has_structure/ruins, farmersdelight:wild_carrots_whitelist, betterdungeons:has_structure/zombie_dungeon, supplementaries:has_way_signs, hybrid-aquatic:deep_temperate_oceans, betterdungeons:has_structure/spider_dungeon, minecraft:is_deep_ocean, betterdungeons:has_structure/small_dungeon, betteroceanmonuments:has_structure/better_ocean_monument, towns_and_towers:has_structure/village_deep_oceans_ships, minecraft:plays_underwater_music, betterstrongholds:has_structure/stronghold, elemental_wizards_rpg:has_structure/wind_wizard, hybrid-aquatic:bottle_spawn_biomes, minecraft:has_structure/shipwreck, structory:has_structure/ruins, bettermineshafts:has_structure/mineshaft, betteroceanmonuments:has_structure/ocean_monument, minecraft:has_structure/ocean_monument, ae2:has_meteorites, minecraft:required_ocean_monument_surrounding, hybrid-aquatic:temperate_oceans"
191,"still_life:temperate_forest","galosphere:has_structure/forgotten_ruins, naturalist:has_boar, towns_and_towers:has_structure/village_forest_ruins, farm_and_charm:spawns_wild_potatoes, supplementaries:has_way_signs, ecologics:has_squirrel, naturalist:has_snake, minecraft:has_structure/trail_ruins, bettermineshafts:has_structure/better_mineshaft_overgrown, c:in_overworld, naturalist:has_finch, naturalist:has_robin, t_and_t:has_structure/village_plains, underground_bunkers:has_structure/underground_bunker_biomes, naturalist:has_butterfly, minecraft:has_structure/stronghold, farmersdelight:wild_onions_whitelist, betterdungeons:has_structure/skeleton_dungeon, meadow:spawns_umbra_cow, farm_and_charm:spawns_wild_flowers, betterdungeons:has_structure/zombie_dungeon, ae2:has_meteorites, explorify:has_structure/mausoleum, explorify:has_structure/ruins, minecraft:is_overworld, bettermineshafts:has_structure/mineshaft, farm_and_charm:spawns_wild_emmer, towns_and_towers:has_structure/pillager_outpost_forest, wildernature:spawns_deer, wildernature:spawns_turkey, naturalist:has_lizard, still_life:is_still_life, farm_and_charm:spawns_wild_crops, minecraft:is_forest, farm_and_charm:spawns_wild_strawberries, betterstrongholds:has_structure/stronghold, naturalist:has_deer, wildernature:spawns_owl, vinery:spawns_grape, naturalist:has_firefly, naturalist:has_snail, minecraft:has_structure/pillager_outpost, wildernature:spawns_hedgehog, structory:has_structure/ruins, naturalist:has_cardinal, naturalist:has_bear, betterdungeons:has_structure/small_dungeon, bakery:spawns_strawberries, crittersandcompanions:silk_cocoon_spawns, minecraft:has_structure/mineshaft, supplementaries:has_wild_flax, betterstrongholds:has_structure/better_stronghold, c:forest, minecraft:has_structure/ruined_portal_standard, friendsandfoes:has_rascal, structory_towers:has_structure/towers, wildernature:spawns_boar, farmersdelight:wild_potatoes_whitelist, farmersdelight:wild_carrots_whitelist, meadow:spawns_buffalo, supplementaries:has_cave_urns, betterdungeons:has_structure/spider_dungeon, minecraft:stronghold_biased_to"
192,"still_life:temperate_marsh","galosphere:has_structure/forgotten_ruins, betterdungeons:has_structure/zombie_dungeon, supplementaries:has_way_signs, minecraft:stronghold_biased_to, minecraft:has_structure/ruined_portal_swamp, naturalist:has_cardinal, minecraft:allows_surface_slime_spawns, betterwitchhuts:has_structure/witch_circle, naturalist:has_alligator, betterwitchhuts:has_structure/better_witch_hut, ribbits:has_structure/ribbit_village, farmersdelight:wild_potatoes_whitelist, naturalist:has_firefly, betterdungeons:has_structure/small_dungeon, minecraft:has_closer_water_fog, minecraft:is_swamp, minecraft:is_overworld, farmersdelight:wild_onions_whitelist, naturalist:has_dragonfly, untitledduckmod:duck_spawn, explorify:has_structure/ruins, structory_towers:has_structure/towers, naturalist:has_snake, supplementaries:has_wild_flax, betterdungeons:has_structure/skeleton_dungeon, meadow:spawns_water_buffalo, minecraft:has_structure/mineshaft, minecraft:has_structure/stronghold, c:in_overworld, bettermineshafts:has_structure/mineshaft, friendsandfoes:has_rascal, naturalist:has_catfish, naturalist:has_butterfly, naturalist:has_duck, structory:has_structure/ruins, endermanoverhaul:all_spawns, still_life:is_still_life, supplementaries:has_cave_urns, naturalist:has_tortoise, betterwitchhuts:has_structure/witch_hut, minecraft:water_on_map_outlines, hybrid-aquatic:marshes, yungsextras:has_structure/swamp_structures, ae2:has_meteorites, naturalist:has_lizard, endermanoverhaul:cave_spawns, naturalist:has_bass, c:swamp, minecraft:has_structure/swamp_hut, naturalist:has_snail, betterdungeons:has_structure/spider_dungeon, endermanoverhaul:swamp_spawns, c:climate_wet, betterstrongholds:has_structure/stronghold, farmersdelight:wild_carrots_whitelist"
193,"still_life:temperate_mixed_forest","betterdungeons:has_structure/spider_dungeon, minecraft:is_forest, crittersandcompanions:silk_cocoon_spawns, farmersdelight:wild_potatoes_whitelist, friendsandfoes:has_rascal, naturalist:has_robin, endermanoverhaul:dark_oak_spawns, supplementaries:has_way_signs, structory:has_structure/ruins, naturalist:has_boar, minecraft:has_structure/woodland_mansion, betterstrongholds:has_structure/better_stronghold, farm_and_charm:spawns_wild_flowers, wildernature:spawns_owl, betterstrongholds:has_structure/stronghold, explorify:has_structure/mausoleum, wildernature:spawns_boar, endermanoverhaul:cave_spawns, betterdungeons:has_structure/zombie_dungeon, meadow:spawns_umbra_cow, naturalist:has_bear, minecraft:has_structure/ruined_portal_standard, underground_bunkers:has_structure/underground_bunker_biomes, c:in_overworld, explorify:has_structure/ruins, farmersdelight:wild_carrots_whitelist, bakery:spawns_strawberries, farm_and_charm:spawns_wild_strawberries, naturalist:has_finch, supplementaries:has_cave_urns, farm_and_charm:spawns_wild_crops, naturalist:has_snail, naturalist:has_lizard, vinery:spawns_grape, c:forest, towns_and_towers:has_structure/exclusives/village_swedish, farm_and_charm:spawns_wild_potatoes, farm_and_charm:spawns_wild_emmer, endermanoverhaul:all_spawns, still_life:is_still_life, naturalist:has_deer, minecraft:has_structure/trail_ruins, wildernature:spawns_hedgehog, ae2:has_meteorites, bettermineshafts:has_structure/mineshaft, structory_towers:has_structure/towers, galosphere:has_structure/forgotten_ruins, supplementaries:has_wild_flax, naturalist:has_butterfly, towns_and_towers:has_structure/exclusives/pillager_outpost_swedish, wildernature:spawns_deer, minecraft:stronghold_biased_to, betterdungeons:has_structure/skeleton_dungeon, meadow:spawns_buffalo, naturalist:has_cardinal, minecraft:has_structure/mineshaft, minecraft:has_structure/stronghold, farmersdelight:wild_onions_whitelist, minecraft:is_overworld, naturalist:has_firefly, betterdungeons:has_structure/small_dungeon, bettermineshafts:has_structure/better_mineshaft_overgrown, wildernature:spawns_turkey, naturalist:has_snake, minecraft:has_structure/pillager_outpost, ecologics:has_squirrel"
194,"still_life:temperate_river","minecraft:water_on_map_outlines, loot_n_explore:has_structure/wizards_wind_tower, wildernature:spawns_pelican, naturalist:has_coral_snake, untitledduckmod:duck_spawn, supplementaries:has_cave_urns, minecraft:is_river, friendsandfoes:has_rascal, c:river, elemental_wizards_rpg:has_structure/water_wizard_river, naturalist:has_duck, structory:has_structure/ruins, bettermineshafts:has_structure/mineshaft, vinery:spawns_grape, naturalist:has_bass, still_life:is_still_life, minecraft:has_structure/ruined_portal_standard, minecraft:is_overworld, c:in_overworld, hybrid-aquatic:rivers, minecraft:required_ocean_monument_surrounding, c:aquatic, c:is_water, farmersdelight:wild_onions_whitelist, farmersdelight:wild_potatoes_whitelist, supplementaries:has_way_signs, c:climate_wet, betterstrongholds:has_structure/stronghold, minecraft:more_frequent_drowned_spawns, minecraft:plays_underwater_music, minecraft:reduce_water_ambient_spawns, minecraft:has_structure/stronghold, supplementaries:has_wild_flax, betterdungeons:has_structure/spider_dungeon, minecraft:has_structure/mineshaft, ae2:has_meteorites, naturalist:has_snail, betterdungeons:has_structure/small_dungeon, betterdungeons:has_structure/skeleton_dungeon, structory_towers:has_structure/towers, farmersdelight:wild_carrots_whitelist, galosphere:has_structure/forgotten_ruins, minecraft:stronghold_biased_to, betterdungeons:has_structure/zombie_dungeon, elemental_wizards_rpg:has_structure/wind_wizard, untitledduckmod:goose_spawn, explorify:has_structure/ruins"
195,"still_life:temperate_shallow_ocean","farmersdelight:wild_onions_whitelist, friendsandfoes:has_rascal, betterdungeons:has_structure/skeleton_dungeon, minecraft:has_structure/mineshaft, farmersdelight:wild_potatoes_whitelist, structory_towers:has_structure/towers, hybrid-aquatic:shallow_temperate_oceans, explorify:has_structure/ruins, hybrid-aquatic:bottle_spawn_biomes, betterdungeons:has_structure/spider_dungeon, loot_n_explore:has_structure/wizards_wind_tower, c:ocean, minecraft:is_overworld, still_life:is_still_life, minecraft:plays_underwater_music, minecraft:is_ocean, c:is_water, betterdungeons:has_structure/zombie_dungeon, minecraft:has_structure/ruined_portal_ocean, ae2:has_meteorites, supplementaries:has_cave_urns, supplementaries:has_way_signs, bettermineshafts:has_structure/mineshaft, minecraft:has_structure/ocean_ruin_cold, galosphere:has_structure/forgotten_ruins, minecraft:required_ocean_monument_surrounding, betterstrongholds:has_structure/stronghold, betterdungeons:has_structure/small_dungeon, minecraft:water_on_map_outlines, minecraft:has_structure/stronghold, structory:has_structure/ruins, hybrid-aquatic:temperate_oceans, elemental_wizards_rpg:has_structure/wind_wizard, loot_n_explore:has_structure/wizards_water_monolith, elemental_wizards_rpg:has_structure/water_wizard, c:in_overworld, supplementaries:has_wild_flax, c:climate_wet, farmersdelight:wild_carrots_whitelist, c:aquatic, minecraft:has_structure/shipwreck"
196,"still_life:temperate_swamp","towns_and_towers:has_structure/pillager_outpost_swamp, c:swamp, endermanoverhaul:swamp_spawns, meadow:spawns_umbra_cow, minecraft:is_overworld, naturalist:has_tortoise, supplementaries:has_cave_urns, minecraft:is_swamp, naturalist:has_butterfly, naturalist:has_alligator, supplementaries:has_wild_flax, minecraft:has_structure/ruined_portal_swamp, minecraft:has_structure/mineshaft, minecraft:has_structure/stronghold, betterwitchhuts:has_structure/witch_circle, c:climate_wet, naturalist:has_firefly, minecraft:has_structure/woodland_mansion, structory:has_structure/ruins, friendsandfoes:has_rascal, naturalist:has_snail, endermanoverhaul:dark_oak_spawns, yungsextras:has_structure/swamp_structures, meadow:spawns_buffalo, betterdungeons:has_structure/skeleton_dungeon, meadow:spawns_water_buffalo, towns_and_towers:has_structure/village_swamp_boat, naturalist:has_duck, bettermineshafts:has_structure/mineshaft, minecraft:water_on_map_outlines, supplementaries:has_way_signs, betterwitchhuts:has_structure/better_witch_hut, explorify:has_structure/ruins, untitledduckmod:duck_spawn, naturalist:has_lizard, minecraft:stronghold_biased_to, betterdungeons:has_structure/zombie_dungeon, hybrid-aquatic:swamp, farmersdelight:wild_onions_whitelist, naturalist:has_catfish, minecraft:allows_surface_slime_spawns, farmersdelight:wild_carrots_whitelist, minecraft:has_structure/swamp_hut, ribbits:has_structure/ribbit_village, naturalist:has_snake, naturalist:has_cardinal, c:in_overworld, betterdungeons:has_structure/spider_dungeon, still_life:is_still_life, betterdungeons:has_structure/small_dungeon, galosphere:has_structure/forgotten_ruins, betterstrongholds:has_structure/stronghold, structory_towers:has_structure/towers, endermanoverhaul:cave_spawns, naturalist:has_dragonfly, t_and_t:has_structure/village_swamp, endermanoverhaul:all_spawns, ae2:has_meteorites, farmersdelight:wild_potatoes_whitelist, naturalist:has_bass, minecraft:has_closer_water_fog, betterwitchhuts:has_structure/witch_hut"
197,"minecraft:the_end","minecraft:is_end, minecraft:spawns_cold_variant_frogs, endermanoverhaul:end_spawns, c:is_dry, c:is_end_center, c:is_dry/end, minecraft:spawns_cold_variant_farm_animals, waystones:has_structure/end_stone_waystone, c:in_the_end, c:is_cold/end, c:is_cold"
198,"minecraft:the_void","c:void, sereneseasons:blacklisted_biomes, minecraft:without_wandering_trader_spawns, c:is_void"
199,"incendium:toxic_heap","minecraft:has_structure/ruined_portal_nether, incendium:all_incendium_biomes, forge:is_hot/nether, farmersdelight:has_wild_beetroots, minecraft:spawns_warm_variant_farm_animals, c:in_nether, betterfortresses:has_structure/better_fortress, c:climate_dry, c:climate_hot, minecraft:spawns_warm_variant_frogs, minecraft:has_structure/nether_fortress, incendium:structure/has_reactor, friendsandfoes:has_structure/citadel, incendium:structure/has_pipeline, minecraft:is_nether, betterdungeons:has_structure/small_nether_dungeon"
200,"still_life:tropical_beach","minecraft:has_structure/shipwreck_beached, farmersdelight:wild_carrots_whitelist, t_and_t:has_structure/pillager_outpost_beach, supplementaries:has_way_signs, minecraft:spawns_warm_variant_frogs, c:beach, still_life:is_still_life, supplementaries:has_cave_urns, minecraft:has_structure/buried_treasure, minecraft:has_structure/ruined_portal_standard, betterdungeons:has_structure/zombie_dungeon, minecraft:snow_golem_melts, betterdungeons:has_structure/skeleton_dungeon, minecraft:has_structure/stronghold, farmersdelight:has_wild_cabbage, structory:has_structure/ruins, minecraft:is_beach, c:in_overworld, ae2:has_meteorites, farmersdelight:has_wild_beetroots, towns_and_towers:has_structure/pillager_outpost_beach, betterstrongholds:has_structure/stronghold, hybrid-aquatic:bottle_spawn_biomes, betterdungeons:has_structure/small_dungeon, supplementaries:has_wild_flax, minecraft:has_structure/mineshaft, betterdungeons:has_structure/spider_dungeon, friendsandfoes:has_rascal, hybrid-aquatic:sandy_beaches, c:climate_hot, explorify:has_structure/ruins, farmersdelight:wild_potatoes_whitelist, minecraft:is_overworld, farmersdelight:wild_onions_whitelist, naturalist:has_coral_snake, galosphere:has_structure/forgotten_ruins, minecraft:stronghold_biased_to, ctov:has_structure/village_beach, structory_towers:has_structure/towers, herbalbrews:savanna_biomes, bettermineshafts:has_structure/mineshaft, wildernature:spawns_pelican, minecraft:is_hot"
201,"still_life:tropical_deep_ocean","minecraft:spawns_warm_variant_frogs, minecraft:has_structure/ocean_monument, hybrid-aquatic:bottle_spawn_biomes, explorify:has_structure/ruins, minecraft:has_structure/stronghold, supplementaries:has_cave_urns, supplementaries:has_way_signs, minecraft:has_structure/mineshaft, c:ocean, elemental_wizards_rpg:has_structure/wind_wizard, betterdungeons:has_structure/spider_dungeon, supplementaries:has_wild_flax, farmersdelight:has_wild_beetroots, minecraft:spawns_warm_variant_farm_animals, c:aquatic, galosphere:has_structure/forgotten_ruins, farmersdelight:wild_onions_whitelist, ae2:has_meteorites, minecraft:is_overworld, still_life:is_still_life, minecraft:is_deep_ocean, c:climate_hot, betteroceanmonuments:has_structure/better_ocean_monument, betterdungeons:has_structure/skeleton_dungeon, minecraft:is_hot, minecraft:has_structure/shipwreck, c:is_water, towns_and_towers:has_structure/pillager_outpost_deep_oceans, farmersdelight:wild_potatoes_whitelist, hybrid-aquatic:deep_tropical_oceans, c:in_overworld, friendsandfoes:has_rascal, betterdungeons:has_structure/zombie_dungeon, betterdungeons:has_structure/small_dungeon, minecraft:has_structure/ruined_portal_ocean, structory:has_structure/ruins, betterstrongholds:has_structure/stronghold, towns_and_towers:has_structure/village_deep_oceans_ships, bettermineshafts:has_structure/mineshaft, structory_towers:has_structure/towers, c:climate_wet, minecraft:is_ocean, minecraft:required_ocean_monument_surrounding, minecraft:plays_underwater_music, loot_n_explore:has_structure/wizards_wind_tower, hybrid-aquatic:tropical_oceans, betteroceanmonuments:has_structure/ocean_monument, loot_n_explore:has_structure/wizards_water_monolith, farmersdelight:wild_carrots_whitelist, minecraft:water_on_map_outlines, elemental_wizards_rpg:has_structure/water_wizard"
202,"still_life:tropical_dry_forest","c:climate_wet, c:climate_dry, naturalist:has_snail, betterdungeons:has_structure/spider_dungeon, betterdungeons:has_structure/small_dungeon, naturalist:has_rhino, candlelight:spawns_tomatoes, betterstrongholds:has_structure/stronghold, galosphere:has_structure/forgotten_ruins, wildernature:spawns_boar, naturalist:has_hippo, minecraft:has_structure/trail_ruins, minecraft:is_hot, minecraft:has_structure/ruined_portal_jungle, betterstrongholds:has_structure/better_stronghold, endermanoverhaul:all_spawns, farmersdelight:wild_potatoes_whitelist, creeperoverhaul:has_savanna_creeper, minecraft:spawns_warm_variant_farm_animals, underground_bunkers:has_structure/underground_bunker_biomes, bettermineshafts:has_structure/mineshaft, naturalist:has_boar, c:jungle, naturalist:has_lion, c:climate_hot, naturalist:has_finch, minecraft:is_jungle, naturalist:has_lizard, structory:has_structure/chapel, vinery:spawns_savanna_grape, betterdungeons:has_structure/zombie_dungeon, minecraft:has_structure/pillager_outpost, wildernature:spawns_bison, crittersandcompanions:silk_cocoon_spawns, naturalist:has_rattlesnake, farm_and_charm:spawns_wild_barley, naturalist:has_zebra, minecraft:has_structure/mineshaft, minecraft:has_structure/stronghold, betterjungletemples:has_structure/jungle_temple, naturalist:has_snake, naturalist:has_cardinal, c:tree_savanna, friendsandfoes:has_rascal, farm_and_charm:spawns_wild_strawberries, structory_towers:has_structure/towers, endermanoverhaul:cave_spawns, betterdungeons:has_structure/skeleton_dungeon, elemental_wizards_rpg:has_structure/wind_wizard, herbalbrews:jungle_biomes, farmersdelight:has_wild_beetroots, ae2:has_meteorites, bettermineshafts:has_structure/better_mineshaft_jungle, loot_n_explore:has_structure/wizards_fire_monolith, minecraft:snow_golem_melts, hybrid-aquatic:jungle, explorify:has_structure/ruins, minecraft:stronghold_biased_to, wildernature:spawns_cassowary, farmersdelight:wild_onions_whitelist, bettermineshafts:has_structure/better_mineshaft_acacia, c:vegetation_dense, supplementaries:has_wild_flax, minecraft:spawns_warm_variant_frogs, farmersdelight:wild_carrots_whitelist, loot_n_explore:has_structure/wizards_wind_tower, c:in_overworld, bakery:spawns_strawberries, structory:has_structure/ruins, meadow:spawns_sunset_cow, still_life:is_still_life, betterjungletemples:has_structure/better_jungle_temple, naturalist:has_giraffe, minecraft:is_savanna, endermanoverhaul:savanna_spawns, friendsandfoes:has_savanna_mauler, t_and_t:has_structure/village_jungle, minecraft:has_structure/jungle_temple, c:savanna, c:tree_jungle, supplementaries:has_way_signs, t_and_t:has_structure/village_savanna, naturalist:has_vulture, minecraft:is_overworld, naturalist:has_tortoise, supplementaries:has_cave_urns, herbalbrews:savanna_biomes, creeperoverhaul:has_jungle_creeper, naturalist:has_elephant, naturalist:has_coral_snake, farm_and_charm:spawns_wild_tomatoes_and_corn, vinery:spawns_jungle_grape, c:vegetation_sparse"
203,"still_life:tropical_highlands","naturalist:has_snail, farmersdelight:wild_carrots_whitelist, naturalist:has_bear, minecraft:is_mountain, supplementaries:has_way_signs, minecraft:spawns_warm_variant_frogs, meadow:spawns_rocky_sheep, still_life:is_still_life, supplementaries:has_cave_urns, betterdungeons:has_structure/zombie_dungeon, minecraft:snow_golem_melts, betterdungeons:has_structure/skeleton_dungeon, minecraft:has_structure/stronghold, minecraft:has_structure/ruined_portal_mountain, vinery:spawns_grape, structory:has_structure/ruins, c:in_overworld, ae2:has_meteorites, minecraft:has_structure/pillager_outpost, farmersdelight:has_wild_beetroots, betterstrongholds:has_structure/better_stronghold, betterstrongholds:has_structure/stronghold, betterdungeons:has_structure/small_dungeon, supplementaries:has_wild_flax, minecraft:has_structure/mineshaft, betterdungeons:has_structure/spider_dungeon, friendsandfoes:has_rascal, underground_bunkers:has_structure/underground_bunker_biomes, c:climate_hot, explorify:has_structure/ruins, farmersdelight:wild_potatoes_whitelist, herbalbrews:mountain_biomes, naturalist:has_canary, vinery:spawns_taiga_grape, minecraft:is_overworld, farmersdelight:wild_onions_whitelist, galosphere:has_structure/forgotten_ruins, minecraft:stronghold_biased_to, structory_towers:has_structure/towers, bettermineshafts:has_structure/mineshaft, c:mountain, naturalist:has_robin, minecraft:is_hot"
204,"still_life:tropical_rainforest","galosphere:has_structure/forgotten_ruins, supplementaries:has_way_signs, creeperoverhaul:has_jungle_creeper, naturalist:has_snake, minecraft:has_structure/trail_ruins, betterjungletemples:has_structure/jungle_temple, c:in_overworld, towns_and_towers:has_structure/pillager_outpost_jungle, underground_bunkers:has_structure/underground_bunker_biomes, betterjungletemples:has_structure/better_jungle_temple, c:vegetation_dense, minecraft:has_structure/stronghold, minecraft:is_jungle, farmersdelight:wild_onions_whitelist, betterdungeons:has_structure/skeleton_dungeon, c:climate_wet, betterdungeons:has_structure/zombie_dungeon, ae2:has_meteorites, bettermineshafts:has_structure/better_mineshaft_jungle, minecraft:spawns_warm_variant_farm_animals, c:climate_hot, hybrid-aquatic:jungle, explorify:has_structure/ruins, minecraft:is_overworld, bettermineshafts:has_structure/mineshaft, naturalist:has_coral_snake, herbalbrews:jungle_biomes, loot_n_explore:has_structure/wizards_wind_tower, c:tree_jungle, naturalist:has_lizard, still_life:is_still_life, farm_and_charm:spawns_wild_strawberries, betterstrongholds:has_structure/stronghold, wildernature:spawns_cassowary, naturalist:has_elephant, c:jungle, vinery:spawns_jungle_grape, naturalist:has_snail, minecraft:spawns_warm_variant_frogs, elemental_wizards_rpg:has_structure/wind_wizard, structory:has_structure/ruins, betterdungeons:has_structure/small_dungeon, minecraft:is_hot, bakery:spawns_strawberries, crittersandcompanions:silk_cocoon_spawns, minecraft:has_structure/mineshaft, farmersdelight:has_wild_beetroots, minecraft:snow_golem_melts, supplementaries:has_wild_flax, betterstrongholds:has_structure/better_stronghold, naturalist:has_hippo, naturalist:has_tortoise, friendsandfoes:has_rascal, structory_towers:has_structure/towers, minecraft:has_structure/jungle_temple, farmersdelight:wild_potatoes_whitelist, farmersdelight:wild_carrots_whitelist, towns_and_towers:has_structure/village_jungle_tribal, minecraft:has_structure/ruined_portal_jungle, t_and_t:has_structure/village_jungle, supplementaries:has_cave_urns, betterdungeons:has_structure/spider_dungeon, minecraft:stronghold_biased_to"
205,"still_life:tropical_rainforest_river","minecraft:reduce_water_ambient_spawns, still_life:is_still_life, c:aquatic, minecraft:spawns_warm_variant_farm_animals, c:climate_hot, c:climate_wet, farmersdelight:has_wild_beetroots, hybrid-aquatic:tropical_rivers, farmersdelight:wild_onions_whitelist, friendsandfoes:has_rascal, farmersdelight:wild_potatoes_whitelist, naturalist:has_snail, minecraft:is_hot, structory:has_structure/ruins, structory_towers:has_structure/towers, betterdungeons:has_structure/small_dungeon, elemental_wizards_rpg:has_structure/water_wizard_river, minecraft:has_structure/mineshaft, minecraft:water_on_map_outlines, betterdungeons:has_structure/skeleton_dungeon, untitledduckmod:duck_spawn, untitledduckmod:goose_spawn, minecraft:required_ocean_monument_surrounding, farmersdelight:wild_carrots_whitelist, betterstrongholds:has_structure/stronghold, loot_n_explore:has_structure/wizards_wind_tower, naturalist:has_duck, minecraft:is_river, bettermineshafts:has_structure/mineshaft, naturalist:has_coral_snake, minecraft:has_structure/ruined_portal_standard, minecraft:has_structure/stronghold, c:is_water, minecraft:plays_underwater_music, minecraft:stronghold_biased_to, minecraft:more_frequent_drowned_spawns, supplementaries:has_wild_flax, hybrid-aquatic:rivers, galosphere:has_structure/forgotten_ruins, betterdungeons:has_structure/zombie_dungeon, elemental_wizards_rpg:has_structure/wind_wizard, vinery:spawns_grape, minecraft:is_overworld, c:in_overworld, c:river, supplementaries:has_way_signs, wildernature:spawns_pelican, naturalist:has_bass, explorify:has_structure/ruins, betterdungeons:has_structure/spider_dungeon, ae2:has_meteorites, minecraft:spawns_warm_variant_frogs, supplementaries:has_cave_urns"
206,"still_life:tropical_shallow_ocean","supplementaries:has_cave_urns, farmersdelight:wild_onions_whitelist, c:climate_wet, bettermineshafts:has_structure/mineshaft, farmersdelight:wild_potatoes_whitelist, minecraft:spawns_warm_variant_farm_animals, c:aquatic, c:climate_hot, hybrid-aquatic:reef, minecraft:has_structure/ruined_portal_ocean, friendsandfoes:has_rascal, minecraft:has_structure/mineshaft, elemental_wizards_rpg:has_structure/water_wizard, betterdungeons:has_structure/zombie_dungeon, loot_n_explore:has_structure/wizards_wind_tower, betterdungeons:has_structure/skeleton_dungeon, minecraft:required_ocean_monument_surrounding, c:in_overworld, structory_towers:has_structure/towers, hybrid-aquatic:shallow_tropical_oceans, minecraft:has_structure/shipwreck, structory:has_structure/ruins, farmersdelight:has_wild_beetroots, minecraft:has_structure/ocean_ruin_warm, hybrid-aquatic:tropical_oceans, hybrid-aquatic:bottle_spawn_biomes, supplementaries:has_way_signs, minecraft:spawns_warm_variant_frogs, betterdungeons:has_structure/small_dungeon, betterdungeons:has_structure/spider_dungeon, minecraft:plays_underwater_music, galosphere:has_structure/forgotten_ruins, minecraft:is_ocean, minecraft:is_overworld, farmersdelight:wild_carrots_whitelist, minecraft:produces_corals_from_bonemeal, supplementaries:has_wild_flax, elemental_wizards_rpg:has_structure/wind_wizard, loot_n_explore:has_structure/wizards_water_monolith, minecraft:has_structure/stronghold, betterstrongholds:has_structure/stronghold, minecraft:is_hot, still_life:is_still_life, c:ocean, ae2:has_meteorites, minecraft:water_on_map_outlines, explorify:has_structure/ruins, c:is_water"
207,"still_life:tropical_wetlands","still_life:is_still_life, naturalist:has_tortoise, t_and_t:has_structure/village_swamp, wildernature:spawns_cassowary, c:jungle, minecraft:has_structure/ruined_portal_jungle, naturalist:has_butterfly, naturalist:has_firefly, betterdungeons:has_structure/spider_dungeon, betterdungeons:has_structure/skeleton_dungeon, c:climate_wet, naturalist:has_bass, galosphere:has_structure/forgotten_ruins, minecraft:spawns_warm_variant_farm_animals, bettermineshafts:has_structure/better_mineshaft_jungle, c:climate_hot, structory:has_structure/ruins, naturalist:has_dragonfly, betterwitchhuts:has_structure/witch_hut, naturalist:has_duck, minecraft:is_swamp, naturalist:has_hippo, minecraft:has_structure/mineshaft, c:tree_jungle, betterwitchhuts:has_structure/witch_circle, c:in_overworld, structory_towers:has_structure/towers, underground_bunkers:has_structure/underground_bunker_biomes, minecraft:has_structure/stronghold, supplementaries:has_cave_urns, naturalist:has_snail, farmersdelight:wild_onions_whitelist, betterwitchhuts:has_structure/better_witch_hut, yungsextras:has_structure/swamp_structures, minecraft:spawns_warm_variant_frogs, naturalist:has_alligator, minecraft:has_structure/swamp_hut, naturalist:has_cardinal, hybrid-aquatic:jungle, minecraft:is_overworld, creeperoverhaul:has_jungle_creeper, farmersdelight:has_wild_beetroots, betterstrongholds:has_structure/better_stronghold, untitledduckmod:duck_spawn, farm_and_charm:spawns_wild_strawberries, meadow:spawns_water_buffalo, minecraft:has_closer_water_fog, naturalist:has_elephant, farmersdelight:wild_carrots_whitelist, farmersdelight:wild_potatoes_whitelist, vinery:spawns_jungle_grape, c:vegetation_dense, minecraft:stronghold_biased_to, elemental_wizards_rpg:has_structure/wind_wizard, endermanoverhaul:all_spawns, betterdungeons:has_structure/zombie_dungeon, supplementaries:has_way_signs, c:swamp, naturalist:has_catfish, betterdungeons:has_structure/small_dungeon, bettermineshafts:has_structure/mineshaft, naturalist:has_snake, naturalist:has_coral_snake, endermanoverhaul:cave_spawns, crittersandcompanions:silk_cocoon_spawns, herbalbrews:jungle_biomes, supplementaries:has_wild_flax, minecraft:has_structure/trail_ruins, naturalist:has_lizard, betterjungletemples:has_structure/jungle_temple, friendsandfoes:has_rascal, minecraft:water_on_map_outlines, betterstrongholds:has_structure/stronghold, minecraft:has_structure/ruined_portal_swamp, minecraft:is_jungle, ribbits:has_structure/ribbit_village, ae2:has_meteorites, explorify:has_structure/ruins, minecraft:allows_surface_slime_spawns, minecraft:is_hot, bakery:spawns_strawberries, minecraft:snow_golem_melts, loot_n_explore:has_structure/wizards_wind_tower, endermanoverhaul:swamp_spawns"
208,"still_life:tundra_beach","minecraft:has_structure/shipwreck_beached, farmersdelight:wild_carrots_whitelist, supplementaries:has_way_signs, c:beach, still_life:is_still_life, supplementaries:has_cave_urns, minecraft:has_structure/buried_treasure, c:snowy_beach, minecraft:has_structure/ruined_portal_standard, betterdungeons:has_structure/zombie_dungeon, minecraft:spawns_cold_variant_farm_animals, betterdungeons:has_structure/skeleton_dungeon, creeperoverhaul:has_snowy_creeper, minecraft:has_structure/stronghold, farmersdelight:has_wild_cabbage, structory:has_structure/ruins, c:climate_cold, minecraft:is_beach, c:in_overworld, ae2:has_meteorites, farmersdelight:has_wild_beetroots, hybrid-aquatic:bottle_spawn_biomes, betterstrongholds:has_structure/stronghold, betterdungeons:has_structure/small_dungeon, supplementaries:has_wild_flax, minecraft:has_structure/mineshaft, betterdungeons:has_structure/spider_dungeon, friendsandfoes:has_rascal, explorify:has_structure/ruins, farmersdelight:wild_potatoes_whitelist, minecraft:spawns_cold_variant_frogs, minecraft:is_overworld, farmersdelight:wild_onions_whitelist, naturalist:has_coral_snake, galosphere:has_structure/forgotten_ruins, minecraft:stronghold_biased_to, ecologics:has_penguin, minecraft:is_cold, ctov:has_structure/village_beach, structory_towers:has_structure/towers, herbalbrews:savanna_biomes, bettermineshafts:has_structure/mineshaft, wildernature:spawns_pelican"
209,"still_life:tundra_river","creeperoverhaul:has_snowy_creeper, minecraft:reduce_water_ambient_spawns, still_life:is_still_life, minecraft:is_cold, c:aquatic, c:climate_wet, minecraft:spawns_cold_variant_farm_animals, farmersdelight:wild_onions_whitelist, friendsandfoes:has_rascal, farmersdelight:wild_potatoes_whitelist, naturalist:has_snail, structory:has_structure/ruins, ecologics:has_penguin, structory_towers:has_structure/towers, c:climate_cold, betterdungeons:has_structure/small_dungeon, elemental_wizards_rpg:has_structure/water_wizard_river, minecraft:has_structure/mineshaft, minecraft:water_on_map_outlines, betterdungeons:has_structure/skeleton_dungeon, untitledduckmod:duck_spawn, untitledduckmod:goose_spawn, minecraft:required_ocean_monument_surrounding, farmersdelight:wild_carrots_whitelist, betterstrongholds:has_structure/stronghold, loot_n_explore:has_structure/wizards_wind_tower, naturalist:has_duck, minecraft:is_river, bettermineshafts:has_structure/mineshaft, naturalist:has_coral_snake, minecraft:has_structure/ruined_portal_standard, minecraft:has_structure/stronghold, c:is_water, minecraft:plays_underwater_music, minecraft:stronghold_biased_to, minecraft:more_frequent_drowned_spawns, supplementaries:has_wild_flax, hybrid-aquatic:rivers, galosphere:has_structure/forgotten_ruins, betterdungeons:has_structure/zombie_dungeon, elemental_wizards_rpg:has_structure/wind_wizard, vinery:spawns_grape, minecraft:is_overworld, c:in_overworld, c:river, supplementaries:has_way_signs, wildernature:spawns_pelican, minecraft:spawns_cold_variant_frogs, naturalist:has_bass, explorify:has_structure/ruins, betterdungeons:has_structure/spider_dungeon, ae2:has_meteorites, supplementaries:has_cave_urns"
210,"betterend:umbra_valley","endermanoverhaul:end_spawns, minecraft:spawns_cold_variant_farm_animals, c:in_the_end, minecraft:is_end, minecraft:spawns_cold_variant_frogs, endermanoverhaul:end_islands_spawns, c:is_end_highland"
211,"betterend:umbrella_jungle","minecraft:is_end, endermanoverhaul:end_spawns, endermanoverhaul:end_islands_spawns, minecraft:has_structure/end_city, minecraft:spawns_cold_variant_farm_animals, betterend:has_structure/eternal_portal, explorify:has_structure/end_shipwreck, c:in_the_end, c:is_end_highland, minecraft:spawns_cold_variant_frogs"
212,"betternether:upside_down_forest","minecraft:is_nether, betternether:has_structure/nether_city, betterfortresses:has_structure/better_fortress, betterdungeons:has_structure/small_nether_dungeon, friendsandfoes:has_structure/citadel, c:in_nether, c:climate_dry, c:climate_hot, minecraft:spawns_warm_variant_frogs, minecraft:has_structure/nether_fossil, minecraft:has_structure/nether_fortress, minecraft:spawns_warm_variant_farm_animals, betternether:biome, minecraft:has_structure/ruined_portal_nether, farmersdelight:has_wild_beetroots"
213,"betternether:upside_down_forest_cleared","minecraft:has_structure/ruined_portal_nether, explorify:has_structure/black_spiral, betternether:has_structure/nether_city, farmersdelight:has_wild_beetroots, minecraft:has_structure/bastion_remnant, c:in_nether, betterfortresses:has_structure/better_fortress, minecraft:spawns_warm_variant_farm_animals, c:climate_dry, c:climate_hot, minecraft:spawns_warm_variant_frogs, minecraft:has_structure/nether_fortress, betternether:biome, friendsandfoes:has_structure/citadel, minecraft:is_nether, betterdungeons:has_structure/small_nether_dungeon"
214,"nullscape:void_barrens","nullscape:all_nullscape_biomes, endermanoverhaul:end_spawns, endermanoverhaul:end_islands_spawns, minecraft:spawns_cold_variant_farm_animals, minecraft:is_end, c:is_small_end_island, forge:is_dry/end, forge:is_cold/end, explorify:has_structure/end_shipwreck, c:in_the_end, minecraft:has_structure/end_city, minecraft:spawns_cold_variant_frogs"
215,"incendium:volcanic_deltas","forge:is_hot/nether, betterdungeons:has_structure/small_nether_dungeon, c:in_nether, incendium:all_incendium_biomes, minecraft:has_structure/nether_fortress, explorify:has_structure/black_spiral, forge:is_dry/nether, minecraft:spawns_warm_variant_farm_animals, c:climate_dry, minecraft:spawns_warm_variant_frogs, c:climate_hot, minecraft:has_structure/bastion_remnant, minecraft:has_structure/ruined_portal_nether, betterfortresses:has_structure/better_fortress, friendsandfoes:has_structure/citadel, farmersdelight:has_wild_beetroots, minecraft:is_nether, incendium:structure/has_reactor"
216,"minecraft:warm_ocean","structory:has_structure/ruins, c:ocean, elemental_wizards_rpg:has_structure/water_wizard, minecraft:has_structure/ocean_ruin_warm, minecraft:plays_underwater_music, loot_n_explore:has_structure/wizards_wind_tower, endermanoverhaul:all_spawns, minecraft:has_structure/trial_chambers, supplementaries:has_way_signs, minecraft:has_structure/ruined_portal_ocean, bloomingnature:overworld, betterdungeons:has_structure/small_dungeon, minecraft:has_structure/stronghold, bettermineshafts:has_structure/mineshaft, minecraft:has_structure/shipwreck, minecraft:is_ocean, supplementaries:has_wild_flax, c:is_hot/overworld, friendsandfoes:has_rascal, betterdungeons:has_structure/spider_dungeon, c:climate_wet, betterstrongholds:has_structure/stronghold, galosphere:has_structure/forgotten_ruins, sereneseasons:tropical_biomes, minecraft:produces_corals_from_bonemeal, c:is_water, structory:has_structure/boat, minecraft:spawns_warm_variant_farm_animals, c:shallow_ocean, minecraft:has_structure/mineshaft, towns_and_towers:has_structure/shallow_oceans_wreckage, ae2:has_meteorites, farmersdelight:wild_potatoes_whitelist, farmersdelight:wild_carrots_whitelist, explorify:has_structure/ruins, c:in_overworld, hybrid-aquatic:reef, structory_towers:has_structure/towers, c:is_hot, elemental_wizards_rpg:has_structure/wind_wizard, betterdungeons:has_structure/zombie_dungeon, c:aquatic, farmersdelight:wild_tomatoes_whitelist, minecraft:required_ocean_monument_surrounding, supplementaries:has_cave_urns, farmersdelight:wild_onions_whitelist, endermanoverhaul:cave_spawns, minecraft:spawns_warm_variant_frogs, waystones:has_structure/waystone, minecraft:is_overworld, structory_towers:oceans, minecraft:water_on_map_outlines, endermanoverhaul:coral_spawns, betterdungeons:has_structure/skeleton_dungeon, hybrid-aquatic:bottle_spawn_biomes, loot_n_explore:has_structure/wizards_water_monolith"
217,"still_life:warm_temperate_clearings","galosphere:has_structure/forgotten_ruins, supplementaries:has_cave_urns, minecraft:is_overworld, betterdungeons:has_structure/skeleton_dungeon, friendsandfoes:has_rascal, loot_n_explore:has_structure/wizards_plains_structures, minecraft:has_structure/mineshaft, farmersdelight:wild_carrots_whitelist, still_life:is_still_life, betterdungeons:has_structure/zombie_dungeon, naturalist:has_snail, betterdungeons:has_structure/small_dungeon, c:plains, farmersdelight:wild_potatoes_whitelist, minecraft:has_structure/pillager_outpost, supplementaries:has_wild_flax, explorify:has_structure/ruins, t_and_t:has_structure/village_plains, bettermineshafts:has_structure/mineshaft, structory:has_structure/ruins, minecraft:has_structure/stronghold, c:in_overworld, naturalist:has_robin, ae2:has_meteorites, minecraft:has_structure/village_plains, explorify:has_structure/farmstead, structory_towers:has_structure/towers, explorify:has_structure/tavern, naturalist:has_deer, farmersdelight:wild_onions_whitelist, supplementaries:has_way_signs, naturalist:has_sparrow, vinery:spawns_grape, structory:has_structure/northern_ruin, naturalist:has_snake, betterstrongholds:has_structure/better_stronghold, minecraft:stronghold_biased_to, betterdungeons:has_structure/spider_dungeon, naturalist:has_butterfly, naturalist:has_firefly, wildernature:spawns_bison, explorify:has_structure/watchtower_plains, betterstrongholds:has_structure/stronghold, bettermineshafts:has_structure/better_mineshaft_oak, untitledduckmod:goose_spawn"
218,"still_life:warm_temperate_river","supplementaries:has_cave_urns, naturalist:has_snail, farmersdelight:wild_onions_whitelist, elemental_wizards_rpg:has_structure/water_wizard_river, c:climate_wet, bettermineshafts:has_structure/mineshaft, minecraft:is_river, naturalist:has_coral_snake, farmersdelight:wild_potatoes_whitelist, c:aquatic, vinery:spawns_grape, friendsandfoes:has_rascal, minecraft:has_structure/mineshaft, wildernature:spawns_pelican, betterdungeons:has_structure/zombie_dungeon, minecraft:more_frequent_drowned_spawns, loot_n_explore:has_structure/wizards_wind_tower, betterdungeons:has_structure/skeleton_dungeon, hybrid-aquatic:tropical_rivers, minecraft:required_ocean_monument_surrounding, structory_towers:has_structure/towers, naturalist:has_bass, c:in_overworld, c:river, structory:has_structure/ruins, minecraft:has_structure/ruined_portal_standard, minecraft:stronghold_biased_to, untitledduckmod:duck_spawn, supplementaries:has_way_signs, betterdungeons:has_structure/small_dungeon, betterdungeons:has_structure/spider_dungeon, minecraft:plays_underwater_music, galosphere:has_structure/forgotten_ruins, minecraft:is_overworld, farmersdelight:wild_carrots_whitelist, supplementaries:has_wild_flax, hybrid-aquatic:rivers, elemental_wizards_rpg:has_structure/wind_wizard, minecraft:has_structure/stronghold, betterstrongholds:has_structure/stronghold, untitledduckmod:goose_spawn, minecraft:reduce_water_ambient_spawns, still_life:is_still_life, ae2:has_meteorites, naturalist:has_duck, minecraft:water_on_map_outlines, explorify:has_structure/ruins, c:is_water"
219,"still_life:warm_temperate_woodlands","farm_and_charm:spawns_wild_flowers, farm_and_charm:spawns_wild_crops, minecraft:has_structure/trail_ruins, betterstrongholds:has_structure/stronghold, supplementaries:has_cave_urns, supplementaries:has_way_signs, naturalist:has_deer, farmersdelight:wild_onions_whitelist, explorify:has_structure/mausoleum, betterdungeons:has_structure/skeleton_dungeon, bettermineshafts:has_structure/mineshaft, c:forest, crittersandcompanions:silk_cocoon_spawns, still_life:is_still_life, farmersdelight:wild_carrots_whitelist, naturalist:has_snake, ecologics:has_squirrel, ae2:has_meteorites, farm_and_charm:spawns_wild_potatoes, minecraft:has_structure/ruined_portal_standard, wildernature:spawns_boar, minecraft:is_forest, bakery:spawns_strawberries, galosphere:has_structure/forgotten_ruins, meadow:spawns_umbra_cow, structory:has_structure/ruins, minecraft:stronghold_biased_to, underground_bunkers:has_structure/underground_bunker_biomes, naturalist:has_firefly, naturalist:has_bear, betterdungeons:has_structure/small_dungeon, structory_towers:has_structure/towers, wildernature:spawns_hedgehog, minecraft:is_overworld, farmersdelight:wild_potatoes_whitelist, minecraft:has_structure/pillager_outpost, supplementaries:has_wild_flax, naturalist:has_boar, vinery:spawns_grape, naturalist:has_lizard, bettermineshafts:has_structure/better_mineshaft_overgrown, meadow:spawns_buffalo, betterstrongholds:has_structure/better_stronghold, minecraft:has_structure/mineshaft, minecraft:has_structure/stronghold, betterdungeons:has_structure/zombie_dungeon, naturalist:has_snail, naturalist:has_butterfly, farm_and_charm:spawns_wild_strawberries, wildernature:spawns_deer, wildernature:spawns_owl, naturalist:has_finch, farm_and_charm:spawns_wild_emmer, friendsandfoes:has_rascal, explorify:has_structure/ruins, wildernature:spawns_turkey, betterdungeons:has_structure/spider_dungeon, c:in_overworld, naturalist:has_cardinal, naturalist:has_robin"
220,"minecraft:warped_forest","c:nether_forests, endermanoverhaul:all_spawns, c:climate_dry, waystones:has_structure/blackstone_waystone, betterdungeons:has_structure/small_nether_dungeon, c:in_nether, c:is_dry, letsdoaddon-structures:has_structure/warped_vinery, minecraft:has_structure/ruined_portal_nether, endermanoverhaul:warped_forest_spawns, c:is_hot/nether, explorify:has_structure/black_spiral, c:is_dry/nether, meadow:spawns_warped_cow, friendsandfoes:has_structure/citadel, farmersdelight:has_wild_beetroots, minecraft:snow_golem_melts, c:climate_hot, minecraft:spawns_warm_variant_frogs, c:is_hot, minecraft:has_structure/bastion_remnant, minecraft:has_structure/nether_fortress, nethervinery:spawns_warped_grape, betterfortresses:has_structure/better_fortress, minecraft:is_nether, minecraft:spawns_warm_variant_farm_animals, structory_towers:warped_forests"
221,"betternether:wart_forest","betterdungeons:has_structure/small_nether_dungeon, minecraft:is_nether, minecraft:has_structure/ruined_portal_nether, betterfortresses:has_structure/better_fortress, betternether:has_structure/ghast_hive, c:climate_hot, minecraft:has_structure/nether_fortress, betternether:has_structure/nether_city, betternether:has_structure/pyramid, betternether:biome, friendsandfoes:has_structure/citadel, c:in_nether, farmersdelight:has_wild_beetroots, betternether:has_structure/nether_decorations, minecraft:spawns_warm_variant_farm_animals, minecraft:spawns_warm_variant_frogs, c:climate_dry"
222,"betternether:wart_forest_edge","betterdungeons:has_structure/small_nether_dungeon, minecraft:is_nether, minecraft:has_structure/ruined_portal_nether, betterfortresses:has_structure/better_fortress, betternether:has_structure/ghast_hive, c:climate_hot, minecraft:has_structure/nether_fortress, betternether:has_structure/nether_city, betternether:has_structure/pyramid, betternether:biome, friendsandfoes:has_structure/citadel, c:in_nether, farmersdelight:has_wild_beetroots, betternether:has_structure/nether_decorations, minecraft:spawns_warm_variant_farm_animals, minecraft:spawns_warm_variant_frogs, c:climate_dry"
223,"incendium:weeping_valley","c:climate_dry, structory_towers:soul_sand_valleys, friendsandfoes:has_structure/citadel, forge:is_hot/nether, minecraft:spawns_warm_variant_farm_animals, c:in_nether, minecraft:is_nether, explorify:has_structure/black_spiral, forge:is_sparse/nether, minecraft:spawns_warm_variant_frogs, minecraft:has_structure/nether_fossil, minecraft:has_structure/ruined_portal_nether, betterfortresses:has_structure/better_fortress, minecraft:has_structure/nether_fortress, c:climate_hot, incendium:all_incendium_biomes, farmersdelight:has_wild_beetroots, betterdungeons:has_structure/small_nether_dungeon, incendium:entity/has_spirit, minecraft:has_structure/bastion_remnant"
224,"minecraft:windswept_forest","herbalbrews:mountain_biomes, minecraft:has_structure/trial_chambers, c:climate_temperate, c:is_sparse/overworld, naturalist:has_bluejay, supplementaries:has_cave_urns, friendsandfoes:has_rascal, c:is_sparse, structory:has_structure/ruins, bettermineshafts:has_structure/mineshaft, c:tree_deciduous, c:in_overworld, minecraft:is_overworld, structory_towers:shattered_biomes, betterstrongholds:has_structure/better_stronghold, bloomingnature:overworld, elemental_wizards_rpg:has_structure/earth_wizard, underground_bunkers:has_structure/underground_bunker_biomes, moremobvariants:sheep_spawn_with_horns, minecraft:spawns_cold_variant_farm_animals, farmersdelight:wild_onions_whitelist, farmersdelight:wild_potatoes_whitelist, supplementaries:has_way_signs, c:windswept, naturalist:has_canary, betterstrongholds:has_structure/stronghold, ae2:has_meteorites, minecraft:has_structure/stronghold, supplementaries:has_wild_flax, betterdungeons:has_structure/spider_dungeon, minecraft:has_structure/mineshaft, naturalist:has_snail, betterdungeons:has_structure/small_dungeon, loot_n_explore:has_structure/wizards_earth_tower, betterdungeons:has_structure/skeleton_dungeon, minecraft:is_hill, waystones:has_structure/waystone, loot_n_explore:has_structure/wizards_wind_monolith, structory_towers:has_structure/towers, farmersdelight:wild_carrots_whitelist, minecraft:has_structure/ruined_portal_mountain, galosphere:has_structure/forgotten_ruins, minecraft:stronghold_biased_to, elemental_wizards_rpg:has_structure/wind_wizard_monolith, betterdungeons:has_structure/zombie_dungeon, meadow:spawns_rocky_sheep, explorify:has_structure/ruins"
225,"minecraft:windswept_gravelly_hills","herbalbrews:mountain_biomes, minecraft:has_structure/trial_chambers, c:is_sparse/overworld, naturalist:has_bluejay, supplementaries:has_cave_urns, friendsandfoes:has_rascal, c:is_sparse, structory:has_structure/ruins, bettermineshafts:has_structure/mineshaft, c:in_overworld, minecraft:is_overworld, structory_towers:shattered_biomes, betterstrongholds:has_structure/better_stronghold, bloomingnature:overworld, elemental_wizards_rpg:has_structure/earth_wizard, underground_bunkers:has_structure/underground_bunker_biomes, moremobvariants:sheep_spawn_with_horns, minecraft:spawns_cold_variant_farm_animals, farmersdelight:wild_onions_whitelist, farmersdelight:wild_potatoes_whitelist, supplementaries:has_way_signs, c:windswept, naturalist:has_canary, betterstrongholds:has_structure/stronghold, ae2:has_meteorites, minecraft:has_structure/stronghold, supplementaries:has_wild_flax, betterdungeons:has_structure/spider_dungeon, minecraft:has_structure/mineshaft, c:extreme_hills, naturalist:has_snail, betterdungeons:has_structure/small_dungeon, loot_n_explore:has_structure/wizards_earth_tower, betterdungeons:has_structure/skeleton_dungeon, minecraft:is_hill, waystones:has_structure/waystone, loot_n_explore:has_structure/wizards_wind_monolith, structory_towers:has_structure/towers, farmersdelight:wild_carrots_whitelist, minecraft:has_structure/ruined_portal_mountain, galosphere:has_structure/forgotten_ruins, minecraft:stronghold_biased_to, elemental_wizards_rpg:has_structure/wind_wizard_monolith, betterdungeons:has_structure/zombie_dungeon, c:is_rare, meadow:spawns_rocky_sheep, explorify:has_structure/ruins"
226,"minecraft:windswept_hills","herbalbrews:mountain_biomes, minecraft:has_structure/trial_chambers, naturalist:has_bluejay, supplementaries:has_cave_urns, friendsandfoes:has_rascal, structory:has_structure/ruins, bettermineshafts:has_structure/mineshaft, c:in_overworld, minecraft:is_overworld, structory_towers:shattered_biomes, betterstrongholds:has_structure/better_stronghold, bloomingnature:overworld, elemental_wizards_rpg:has_structure/earth_wizard, underground_bunkers:has_structure/underground_bunker_biomes, endermanoverhaul:cave_spawns, endermanoverhaul:windswept_hills_spawns, moremobvariants:sheep_spawn_with_horns, minecraft:spawns_cold_variant_farm_animals, farmersdelight:wild_onions_whitelist, farmersdelight:wild_potatoes_whitelist, supplementaries:has_way_signs, c:windswept, naturalist:has_canary, betterstrongholds:has_structure/stronghold, ae2:has_meteorites, minecraft:has_structure/stronghold, supplementaries:has_wild_flax, betterdungeons:has_structure/spider_dungeon, minecraft:has_structure/mineshaft, c:extreme_hills, naturalist:has_snail, endermanoverhaul:all_spawns, betterdungeons:has_structure/small_dungeon, loot_n_explore:has_structure/wizards_earth_tower, betterdungeons:has_structure/skeleton_dungeon, minecraft:is_hill, waystones:has_structure/waystone, loot_n_explore:has_structure/wizards_wind_monolith, structory_towers:has_structure/towers, farmersdelight:wild_carrots_whitelist, minecraft:has_structure/ruined_portal_mountain, galosphere:has_structure/forgotten_ruins, minecraft:stronghold_biased_to, elemental_wizards_rpg:has_structure/wind_wizard_monolith, betterdungeons:has_structure/zombie_dungeon, meadow:spawns_rocky_sheep, explorify:has_structure/ruins"
227,"minecraft:windswept_savanna","farmersdelight:wild_tomatoes_whitelist, endermanoverhaul:savanna_spawns, naturalist:has_finch, c:tree_savanna, wildernature:spawns_cassowary, c:is_hot/overworld, betterdungeons:has_structure/spider_dungeon, betterdungeons:has_structure/skeleton_dungeon, galosphere:has_structure/forgotten_ruins, minecraft:spawns_warm_variant_farm_animals, c:climate_hot, structory:has_structure/ruins, naturalist:has_hippo, minecraft:has_structure/mineshaft, structory_towers:shattered_biomes, bettermineshafts:has_structure/better_mineshaft_acacia, c:in_overworld, c:is_sparse, structory_towers:has_structure/towers, minecraft:has_structure/trial_chambers, moremobvariants:wolf_spotted_spawns, c:is_dry, minecraft:has_structure/stronghold, supplementaries:has_cave_urns, naturalist:has_snail, farmersdelight:wild_onions_whitelist, minecraft:spawns_warm_variant_frogs, c:is_dry/overworld, creeperoverhaul:has_savanna_creeper, naturalist:has_lion, naturalist:has_rattlesnake, naturalist:has_cardinal, minecraft:is_overworld, farmersdelight:has_wild_beetroots, farm_and_charm:spawns_wild_tomatoes_and_corn, c:windswept, betterstrongholds:has_structure/better_stronghold, c:is_rare, farm_and_charm:spawns_wild_strawberries, naturalist:has_elephant, farmersdelight:wild_carrots_whitelist, naturalist:has_giraffe, farmersdelight:wild_potatoes_whitelist, minecraft:stronghold_biased_to, c:is_hot, c:vegetation_sparse, endermanoverhaul:all_spawns, betterdungeons:has_structure/zombie_dungeon, supplementaries:has_way_signs, farm_and_charm:spawns_wild_barley, meadow:spawns_sunset_cow, bloomingnature:overworld, betterdungeons:has_structure/small_dungeon, bettermineshafts:has_structure/mineshaft, naturalist:has_snake, endermanoverhaul:cave_spawns, supplementaries:has_wild_flax, waystones:has_structure/waystone, naturalist:has_lizard, friendsandfoes:has_rascal, wildernature:spawns_boar, naturalist:has_zebra, betterstrongholds:has_structure/stronghold, naturalist:has_vulture, sereneseasons:tropical_biomes, candlelight:spawns_tomatoes, structory:has_structure/chapel, vinery:spawns_savanna_grape, c:climate_dry, minecraft:has_structure/pillager_outpost, naturalist:has_boar, loot_n_explore:has_structure/wizards_fire_monolith, ae2:has_meteorites, minecraft:is_savanna, explorify:has_structure/ruins, c:is_sparse/overworld, herbalbrews:savanna_biomes, bakery:spawns_strawberries, minecraft:has_structure/ruined_portal_mountain, wildernature:spawns_bison, naturalist:has_rhino, minecraft:snow_golem_melts, c:savanna, friendsandfoes:has_savanna_mauler"
228,"incendium:withered_forest","c:climate_dry, structory_towers:soul_sand_valleys, friendsandfoes:has_structure/citadel, forge:is_hot/nether, minecraft:spawns_warm_variant_farm_animals, c:in_nether, minecraft:is_nether, explorify:has_structure/black_spiral, forge:is_dry/nether, c:nether_forests, minecraft:spawns_warm_variant_frogs, minecraft:has_structure/ruined_portal_nether, betterfortresses:has_structure/better_fortress, minecraft:has_structure/nether_fortress, c:climate_hot, incendium:all_incendium_biomes, farmersdelight:has_wild_beetroots, betterdungeons:has_structure/small_nether_dungeon, incendium:entity/has_spirit, minecraft:has_structure/bastion_remnant"
229,"minecraft:wooded_badlands","bloomingnature:overworld, betterdungeons:has_structure/spider_dungeon, c:is_sparse, c:mesa, farmersdelight:wild_potatoes_whitelist, farmersdelight:has_wild_beetroots, creeperoverhaul:has_badlands_creeper, friendsandfoes:has_rascal, c:is_sandy, supplementaries:has_way_signs, structory:has_structure/ruins, candlelight:spawns_tomatoes, betterstrongholds:has_structure/better_stronghold, betterstrongholds:has_structure/stronghold, naturalist:has_vulture, c:is_mountain, structory_towers:badlands, loot_n_explore:has_structure/wizards_fire_monolith, naturalist:has_rattlesnake, vinery:spawns_savanna_grape, betterdungeons:has_structure/zombie_dungeon, c:climate_dry, endermanoverhaul:cave_spawns, c:is_dry/overworld, minecraft:has_structure/ruined_portal_mountain, endermanoverhaul:badlands_spawns, c:in_overworld, minecraft:is_badlands, explorify:has_structure/ruins, farmersdelight:wild_carrots_whitelist, vinery:spawns_jungle_grape, minecraft:spawns_warm_variant_frogs, minecraft:has_structure/trial_chambers, bettermineshafts:has_structure/better_mineshaft_red_desert, supplementaries:has_cave_urns, minecraft:spawns_warm_variant_farm_animals, minecraft:snow_golem_melts, bettermineshafts:has_structure/better_mineshaft_mesa, c:is_slope, endermanoverhaul:all_spawns, towns_and_towers:has_structure/pillager_outpost_wooded_badlands, c:climate_hot, ae2:has_meteorites, moremobvariants:additional_wolf_spawns, bettermineshafts:has_structure/mineshaft, structory_towers:has_structure/towers, galosphere:has_structure/forgotten_ruins, minecraft:has_structure/mineshaft_mesa, supplementaries:has_wild_flax, waystones:has_structure/waystone, c:badlands, minecraft:stronghold_biased_to, betterdungeons:has_structure/skeleton_dungeon, friendsandfoes:has_badlands_mauler, minecraft:is_overworld, minecraft:has_structure/mineshaft, minecraft:has_structure/stronghold, farmersdelight:wild_onions_whitelist, moremobvariants:wolf_striped_spawns, towns_and_towers:has_structure/village_wooded_badlands_tipi, farm_and_charm:spawns_wild_tomatoes_and_corn, betterdungeons:has_structure/small_dungeon, c:is_sparse/overworld, c:is_plateau, sereneseasons:tropical_biomes, c:is_dry"
230,"still_life:wooded_highlands","farmersdelight:wild_potatoes_whitelist, underground_bunkers:has_structure/underground_bunker_biomes, vinery:spawns_grape, minecraft:stronghold_biased_to, meadow:spawns_rocky_sheep, betterstrongholds:has_structure/better_stronghold, structory:has_structure/ruins, bettermineshafts:has_structure/mineshaft, betterstrongholds:has_structure/stronghold, supplementaries:has_wild_flax, friendsandfoes:has_rascal, still_life:is_still_life, farmersdelight:wild_carrots_whitelist, minecraft:is_overworld, betterdungeons:has_structure/zombie_dungeon, supplementaries:has_cave_urns, betterdungeons:has_structure/small_dungeon, supplementaries:has_way_signs, c:mountain, naturalist:has_snail, betterdungeons:has_structure/skeleton_dungeon, naturalist:has_robin, naturalist:has_bear, minecraft:has_structure/ruined_portal_mountain, minecraft:has_structure/pillager_outpost, vinery:spawns_taiga_grape, ae2:has_meteorites, naturalist:has_canary, minecraft:has_structure/mineshaft, farmersdelight:wild_onions_whitelist, structory_towers:has_structure/towers, explorify:has_structure/ruins, minecraft:is_mountain, c:in_overworld, herbalbrews:mountain_biomes, betterdungeons:has_structure/spider_dungeon, galosphere:has_structure/forgotten_ruins, minecraft:has_structure/stronghold"
231,"still_life:wooded_mediterranean_steppe","naturalist:has_butterfly, minecraft:has_structure/mineshaft, minecraft:has_structure/village_plains, naturalist:has_firefly, betterstrongholds:has_structure/better_stronghold, wildernature:spawns_bison, bettermineshafts:has_structure/better_mineshaft_oak, explorify:has_structure/tavern, supplementaries:has_cave_urns, naturalist:has_snail, naturalist:has_robin, still_life:is_still_life, c:in_overworld, minecraft:has_structure/stronghold, structory_towers:has_structure/towers, explorify:has_structure/farmstead, towns_and_towers:has_structure/exclusives/pillager_outpost_iberian, c:plains, farmersdelight:wild_onions_whitelist, loot_n_explore:has_structure/wizards_plains_structures, minecraft:is_overworld, betterdungeons:has_structure/skeleton_dungeon, farmersdelight:wild_potatoes_whitelist, galosphere:has_structure/forgotten_ruins, explorify:has_structure/watchtower_plains, untitledduckmod:goose_spawn, t_and_t:has_structure/village_mediterranean, vinery:spawns_grape, supplementaries:has_wild_flax, minecraft:stronghold_biased_to, farmersdelight:wild_carrots_whitelist, explorify:has_structure/ruins, supplementaries:has_way_signs, betterdungeons:has_structure/zombie_dungeon, friendsandfoes:has_rascal, naturalist:has_deer, betterdungeons:has_structure/spider_dungeon, betterdungeons:has_structure/small_dungeon, betterstrongholds:has_structure/stronghold, towns_and_towers:has_structure/exclusives/village_iberian, naturalist:has_sparrow, structory:has_structure/ruins, bettermineshafts:has_structure/mineshaft, naturalist:has_snake, ae2:has_meteorites, structory:has_structure/northern_ruin"
232,"still_life:wooded_savanna","structory:has_structure/chapel, explorify:has_structure/ruins, candlelight:spawns_tomatoes, bettermineshafts:has_structure/better_mineshaft_acacia, naturalist:has_vulture, minecraft:has_structure/village_savanna, supplementaries:has_way_signs, c:tree_savanna, c:in_overworld, naturalist:has_finch, c:climate_dry, endermanoverhaul:all_spawns, farm_and_charm:spawns_wild_barley, farm_and_charm:spawns_wild_tomatoes_and_corn, herbalbrews:savanna_biomes, loot_n_explore:has_structure/wizards_fire_monolith, c:savanna, endermanoverhaul:cave_spawns, betterstrongholds:has_structure/better_stronghold, supplementaries:has_wild_flax, minecraft:spawns_warm_variant_farm_animals, naturalist:has_zebra, naturalist:has_lion, minecraft:snow_golem_melts, friendsandfoes:has_savanna_mauler, minecraft:spawns_warm_variant_frogs, supplementaries:has_cave_urns, minecraft:stronghold_biased_to, bettermineshafts:has_structure/mineshaft, t_and_t:has_structure/village_savanna, naturalist:has_boar, c:climate_hot, still_life:is_still_life, minecraft:is_overworld, wildernature:spawns_cassowary, naturalist:has_lizard, c:vegetation_sparse, vinery:spawns_savanna_grape, minecraft:has_structure/stronghold, meadow:spawns_sunset_cow, naturalist:has_snail, betterdungeons:has_structure/spider_dungeon, wildernature:spawns_bison, farmersdelight:wild_onions_whitelist, farmersdelight:wild_potatoes_whitelist, structory_towers:has_structure/towers, creeperoverhaul:has_savanna_creeper, naturalist:has_giraffe, betterdungeons:has_structure/small_dungeon, farm_and_charm:spawns_wild_strawberries, betterstrongholds:has_structure/stronghold, structory:has_structure/ruins, bakery:spawns_strawberries, naturalist:has_elephant, farmersdelight:wild_carrots_whitelist, minecraft:has_structure/pillager_outpost, naturalist:has_cardinal, betterdungeons:has_structure/zombie_dungeon, galosphere:has_structure/forgotten_ruins, minecraft:is_savanna, explorify:has_structure/watchtower_savanna, naturalist:has_rhino, endermanoverhaul:savanna_spawns, naturalist:has_rattlesnake, farmersdelight:has_wild_beetroots, wildernature:spawns_boar, naturalist:has_hippo, c:savana, friendsandfoes:has_rascal, naturalist:has_snake, ae2:has_meteorites, betterdungeons:has_structure/skeleton_dungeon, minecraft:is_hot, minecraft:has_structure/mineshaft"
233,"still_life:wooded_semiarid_desert","farmersdelight:wild_onions_whitelist, structory:has_structure/ruins, farmersdelight:wild_carrots_whitelist, minecraft:has_structure/village_desert, naturalist:has_vulture, minecraft:has_structure/stronghold, ecologics:has_camel, yungsextras:has_structure/desert_decorations, endermanoverhaul:desert_spawns, endermanoverhaul:cave_spawns, betterdungeons:has_structure/skeleton_dungeon, minecraft:spawns_warm_variant_farm_animals, friendsandfoes:has_desert_mauler, farmersdelight:wild_potatoes_whitelist, c:vegetation_sparse, naturalist:has_cardinal, explorify:has_structure/ruins, farmersdelight:has_wild_beetroots, naturalist:has_rattlesnake, betterstrongholds:has_structure/better_stronghold, minecraft:spawns_gold_rabbits, explorify:has_structure/desert_shrine, friendsandfoes:has_rascal, minecraft:snow_golem_melts, c:climate_hot, bettermineshafts:has_structure/better_mineshaft_desert, supplementaries:has_way_signs, yungsextras:has_structure/vanilla_desert_well, loot_n_explore:has_structure/wizards_desert_structures, structory_towers:has_structure/towers, still_life:is_still_life, minecraft:is_overworld, naturalist:has_lizard, minecraft:stronghold_biased_to, c:in_overworld, minecraft:has_structure/mineshaft, bettermineshafts:has_structure/mineshaft, betterdeserttemples:has_structure/desert_temple, naturalist:has_tortoise, minecraft:spawns_warm_variant_frogs, c:climate_dry, betterdungeons:has_structure/small_dungeon, endermanoverhaul:all_spawns, ae2:has_meteorites, t_and_t:has_structure/village_desert, supplementaries:has_wild_flax, betterdungeons:has_structure/spider_dungeon, galosphere:has_structure/forgotten_ruins, creeperoverhaul:has_desert_creeper, minecraft:has_structure/desert_pyramid, naturalist:has_snake, minecraft:has_structure/ruined_portal_desert, c:desert, explorify:has_structure/supply_cache/desert, betterdeserttemples:has_structure/better_desert_temple, minecraft:is_hot, betterstrongholds:has_structure/stronghold, betterdungeons:has_structure/zombie_dungeon, supplementaries:has_cave_urns"
234,"still_life:wooded_tundra","friendsandfoes:has_structure/illusioner_training_grounds, friendsandfoes:has_illusioner, naturalist:has_bluejay, supplementaries:has_cave_urns, friendsandfoes:has_rascal, naturalist:has_bear, minecraft:spawns_cold_variant_frogs, structory:has_structure/ruins, t_and_t:has_structure/village_snowy, bettermineshafts:has_structure/mineshaft, endermanoverhaul:snowy_spawns, still_life:is_still_life, minecraft:is_overworld, vinery:spawns_taiga_grape, c:in_overworld, minecraft:is_cold, endermanoverhaul:cave_spawns, friendsandfoes:has_structure/illusioner_shack, farmersdelight:wild_onions_whitelist, minecraft:spawns_cold_variant_farm_animals, farmersdelight:wild_potatoes_whitelist, supplementaries:has_way_signs, betterstrongholds:has_structure/stronghold, minecraft:has_structure/village_snowy, ae2:has_meteorites, ecologics:has_penguin, minecraft:has_structure/stronghold, supplementaries:has_wild_flax, betterdungeons:has_structure/spider_dungeon, minecraft:has_structure/mineshaft, c:tree_coniferous, minecraft:spawns_white_rabbits, endermanoverhaul:all_spawns, betterdungeons:has_structure/small_dungeon, c:taiga, betterdungeons:has_structure/skeleton_dungeon, structory_towers:has_structure/towers, farmersdelight:wild_carrots_whitelist, structory:has_structure/ruin_taiga, friendsandfoes:collections/taigas, galosphere:has_structure/forgotten_ruins, minecraft:stronghold_biased_to, creeperoverhaul:has_snowy_creeper, c:climate_cold, betterdungeons:has_structure/zombie_dungeon, minecraft:spawns_snow_foxes, explorify:has_structure/ruins"
235,"still_life:xeric_shrubland","c:badlands, minecraft:is_overworld, c:in_overworld, naturalist:has_rattlesnake, minecraft:has_structure/mineshaft, still_life:is_still_life, minecraft:spawns_warm_variant_farm_animals, farmersdelight:wild_potatoes_whitelist, farm_and_charm:spawns_wild_tomatoes_and_corn, bettermineshafts:has_structure/mineshaft, structory_towers:has_structure/towers, endermanoverhaul:all_spawns, friendsandfoes:has_rascal, minecraft:has_structure/mineshaft_mesa, loot_n_explore:has_structure/wizards_fire_monolith, friendsandfoes:has_badlands_mauler, bettermineshafts:has_structure/mineshaft_mesa, explorify:has_structure/ruins, supplementaries:has_cave_urns, structory:has_structure/ruins, endermanoverhaul:badlands_spawns, t_and_t:has_structure/village_badlands, minecraft:spawns_gold_rabbits, betterdungeons:has_structure/skeleton_dungeon, bettermineshafts:has_structure/better_mineshaft_red_desert, endermanoverhaul:cave_spawns, supplementaries:has_wild_flax, minecraft:spawns_warm_variant_frogs, minecraft:has_structure/ruined_portal_mountain, c:climate_hot, betterdungeons:has_structure/spider_dungeon, ctov:has_structure/village_mesa, minecraft:has_structure/stronghold, farmersdelight:wild_onions_whitelist, supplementaries:has_way_signs, minecraft:is_hot, ae2:has_meteorites, creeperoverhaul:has_badlands_creeper, t_and_t:has_structure/village_desert, betterstrongholds:has_structure/better_stronghold, betterstrongholds:has_structure/stronghold, naturalist:has_vulture, candlelight:spawns_tomatoes, bettermineshafts:has_structure/better_mineshaft_mesa, betterdungeons:has_structure/small_dungeon, minecraft:has_structure/ruined_portal_desert, betterdungeons:has_structure/zombie_dungeon, farmersdelight:wild_carrots_whitelist, c:climate_dry, minecraft:stronghold_biased_to, galosphere:has_structure/forgotten_ruins, minecraft:is_badlands, farmersdelight:has_wild_beetroots, minecraft:snow_golem_melts"
