"ID","Registry name","Spawns"
0,"still_life:alpine_heathlands","{ creeperoverhaul:cave_creeper [weight: 75, min: 2, max: 2] }; { creeperoverhaul:cave_creeper [weight: 75, min: 2, max: 2] }; { creeperoverhaul:hills_creeper [weight: 75, min: 2, max: 2] }; { creeperoverhaul:hills_creeper [weight: 75, min: 2, max: 2] }; { minecraft:enderman [weight: 10, min: 1, max: 4] }; { minecraft:skeleton [weight: 100, min: 4, max: 4] }; { minecraft:slime [weight: 100, min: 4, max: 4] }; { minecraft:spider [weight: 100, min: 4, max: 4] }; { minecraft:witch [weight: 5, min: 1, max: 1] }; { minecraft:zombie [weight: 95, min: 4, max: 4] }; { minecraft:zombie_villager [weight: 5, min: 1, max: 1] }; { meadow:wooly_sheep [weight: 10, min: 2, max: 3] }; { minecraft:chicken [weight: 1, min: 4, max: 4] }; { minecraft:donkey [weight: 2, min: 1, max: 1] }; { minecraft:goat [weight: 10, min: 4, max: 4] }; { minecraft:horse [weight: 1, min: 2, max: 6] }; { minecraft:pig [weight: 1, min: 4, max: 4] }; { minecraft:sheep [weight: 22, min: 4, max: 4] }; { naturalist:bear [weight: 10, min: 1, max: 2] }; { naturalist:bluejay [weight: 10, min: 1, max: 4] }; { naturalist:canary [weight: 10, min: 1, max: 4] }; { naturalist:robin [weight: 10, min: 1, max: 4] }; { naturalist:snail [weight: 10, min: 1, max: 3] }; { minecraft:bat [weight: 10, min: 8, max: 8] }; { minecraft:glow_squid [weight: 10, min: 4, max: 6] }; { friendsandfoes:rascal [weight: 4, min: 1, max: 1] }"
1,"still_life:alpine_plains","{ creeperoverhaul:cave_creeper [weight: 75, min: 2, max: 2] }; { creeperoverhaul:hills_creeper [weight: 75, min: 2, max: 2] }; { minecraft:enderman [weight: 10, min: 1, max: 4] }; { minecraft:skeleton [weight: 100, min: 4, max: 4] }; { minecraft:slime [weight: 100, min: 4, max: 4] }; { minecraft:spider [weight: 100, min: 4, max: 4] }; { minecraft:witch [weight: 5, min: 1, max: 1] }; { minecraft:zombie [weight: 95, min: 4, max: 4] }; { minecraft:zombie_villager [weight: 5, min: 1, max: 1] }; { crittersandcompanions:ferret [weight: 4, min: 2, max: 3] }; { meadow:wooly_sheep [weight: 10, min: 2, max: 3] }; { minecraft:chicken [weight: 1, min: 4, max: 4] }; { minecraft:donkey [weight: 2, min: 1, max: 1] }; { minecraft:goat [weight: 10, min: 4, max: 4] }; { minecraft:horse [weight: 1, min: 2, max: 6] }; { minecraft:pig [weight: 1, min: 4, max: 4] }; { minecraft:sheep [weight: 22, min: 4, max: 4] }; { naturalist:bear [weight: 10, min: 1, max: 2] }; { naturalist:canary [weight: 10, min: 1, max: 4] }; { naturalist:deer [weight: 10, min: 1, max: 3] }; { naturalist:robin [weight: 10, min: 1, max: 4] }; { naturalist:snail [weight: 10, min: 1, max: 3] }; { naturalist:snake [weight: 10, min: 1, max: 1] }; { naturalist:sparrow [weight: 10, min: 1, max: 4] }; { wildernature:bison [weight: 14, min: 3, max: 6] }; { minecraft:bat [weight: 10, min: 8, max: 8] }; { naturalist:butterfly [weight: 10, min: 3, max: 5] }; { naturalist:firefly [weight: 10, min: 2, max: 3] }; { minecraft:glow_squid [weight: 10, min: 4, max: 6] }; { friendsandfoes:rascal [weight: 4, min: 1, max: 1] }; { untitledduckmod:goose [weight: 4, min: 2, max: 4] }"
2,"still_life:alpine_tundra","{ creeperoverhaul:cave_creeper [weight: 75, min: 2, max: 2] }; { creeperoverhaul:hills_creeper [weight: 75, min: 2, max: 2] }; { endermanoverhaul:cave_enderman [weight: 2, min: 1, max: 2] }; { endermanoverhaul:snowy_enderman [weight: 10, min: 1, max: 4] }; { minecraft:skeleton [weight: 120, min: 4, max: 4] }; { minecraft:slime [weight: 100, min: 4, max: 4] }; { minecraft:spider [weight: 50, min: 4, max: 4] }; { minecraft:witch [weight: 2, min: 1, max: 1] }; { minecraft:zombie [weight: 95, min: 4, max: 4] }; { minecraft:zombie_villager [weight: 5, min: 1, max: 1] }; { meadow:wooly_sheep [weight: 10, min: 2, max: 3] }; { minecraft:goat [weight: 10, min: 2, max: 3] }; { minecraft:sheep [weight: 6, min: 2, max: 3] }; { naturalist:bear [weight: 10, min: 1, max: 2] }; { naturalist:canary [weight: 10, min: 1, max: 4] }; { naturalist:robin [weight: 10, min: 1, max: 4] }; { naturalist:snail [weight: 10, min: 1, max: 3] }; { minecraft:bat [weight: 10, min: 8, max: 8] }; { minecraft:glow_squid [weight: 10, min: 4, max: 6] }; { friendsandfoes:rascal [weight: 4, min: 1, max: 1] }"
3,"betterend:amber_land","{ betterend:end_slime [weight: 30, min: 1, max: 2] }; { endermanoverhaul:end_enderman [weight: 2, min: 1, max: 2] }; { endermanoverhaul:end_islands_enderman [weight: 1, min: 1, max: 1] }; { minecraft:enderman [weight: 50, min: 1, max: 4] }"
4,"still_life:arctic_beach","{ creeperoverhaul:beach_creeper [weight: 75, min: 2, max: 2] }; { creeperoverhaul:cave_creeper [weight: 75, min: 2, max: 2] }; { minecraft:enderman [weight: 10, min: 1, max: 4] }; { minecraft:skeleton [weight: 10, min: 4, max: 4] }; { minecraft:slime [weight: 100, min: 4, max: 4] }; { minecraft:spider [weight: 100, min: 4, max: 4] }; { minecraft:stray [weight: 90, min: 4, max: 4] }; { minecraft:witch [weight: 5, min: 1, max: 1] }; { minecraft:zombie [weight: 80, min: 4, max: 4] }; { minecraft:zombie_villager [weight: 5, min: 1, max: 1] }; { minecraft:polar_bear [weight: 2, min: 1, max: 2] }; { naturalist:coral_snake [weight: 10, min: 1, max: 1] }; { wildernature:pelican [weight: 7, min: 3, max: 5] }; { minecraft:bat [weight: 10, min: 8, max: 8] }; { minecraft:glow_squid [weight: 10, min: 4, max: 6] }; { friendsandfoes:rascal [weight: 4, min: 1, max: 1] }"
5,"still_life:arctic_deep_ocean","{ minecraft:creeper [weight: 100, min: 4, max: 4] }; { minecraft:enderman [weight: 10, min: 1, max: 4] }; { minecraft:skeleton [weight: 10, min: 4, max: 4] }; { minecraft:slime [weight: 100, min: 4, max: 4] }; { minecraft:spider [weight: 100, min: 4, max: 4] }; { minecraft:stray [weight: 90, min: 4, max: 4] }; { minecraft:witch [weight: 5, min: 1, max: 1] }; { minecraft:zombie [weight: 80, min: 4, max: 4] }; { minecraft:zombie_villager [weight: 5, min: 1, max: 1] }; { minecraft:polar_bear [weight: 1, min: 1, max: 2] }; { minecraft:bat [weight: 10, min: 8, max: 8] }; { minecraft:glow_squid [weight: 10, min: 4, max: 6] }; { minecraft:squid [weight: 10, min: 1, max: 4] }; { minecraft:cod [weight: 25, min: 8, max: 8] }; { friendsandfoes:rascal [weight: 4, min: 1, max: 1] }; { hybrid-aquatic:anglerfish [weight: 3, min: 1, max: 2] }; { hybrid-aquatic:ratfish [weight: 5, min: 1, max: 3] }; { hybrid-aquatic:sea_angel [weight: 1, min: 1, max: 2] }; { hybrid-aquatic:snailfish [weight: 5, min: 1, max: 3] }; { hybrid-aquatic:arrow_squid [weight: 3, min: 1, max: 2] }; { hybrid-aquatic:big_red_jellyfish [weight: 1, min: 1, max: 1] }; { hybrid-aquatic:cosmic_jellyfish [weight: 1, min: 1, max: 1] }; { hybrid-aquatic:crown_jellyfish [weight: 1, min: 1, max: 1] }; { hybrid-aquatic:firework_jellyfish [weight: 1, min: 1, max: 1] }; { hybrid-aquatic:lions_mane_jellyfish [weight: 1, min: 1, max: 1] }; { hybrid-aquatic:mauve_stinger [weight: 2, min: 1, max: 3] }; { hybrid-aquatic:nomura_jellyfish [weight: 1, min: 1, max: 1] }; { hybrid-aquatic:basking_shark [weight: 1, min: 1, max: 1] }; { hybrid-aquatic:yeti_crab [weight: 2, min: 1, max: 2] }; { hybrid-aquatic:sea_cucumber [weight: 3, min: 1, max: 2] }; { hybrid-aquatic:sea_cucumber [weight: 3, min: 1, max: 2] }; { hybrid-aquatic:sea_urchin [weight: 3, min: 0, max: 2] }; { hybrid-aquatic:sea_urchin [weight: 3, min: 0, max: 2] }; { hybrid-aquatic:starfish [weight: 2, min: 0, max: 2] }; { hybrid-aquatic:starfish [weight: 2, min: 0, max: 2] }"
6,"still_life:arctic_desert","{ creeperoverhaul:cave_creeper [weight: 75, min: 2, max: 2] }; { creeperoverhaul:snowy_creeper [weight: 75, min: 2, max: 2] }; { minecraft:enderman [weight: 10, min: 1, max: 4] }; { minecraft:skeleton [weight: 10, min: 4, max: 4] }; { minecraft:slime [weight: 100, min: 4, max: 4] }; { minecraft:spider [weight: 100, min: 4, max: 4] }; { minecraft:stray [weight: 90, min: 4, max: 4] }; { minecraft:witch [weight: 5, min: 1, max: 1] }; { minecraft:zombie [weight: 80, min: 4, max: 4] }; { minecraft:zombie_villager [weight: 5, min: 1, max: 1] }; { minecraft:polar_bear [weight: 2, min: 1, max: 2] }; { minecraft:bat [weight: 10, min: 8, max: 8] }; { minecraft:glow_squid [weight: 10, min: 4, max: 6] }; { friendsandfoes:rascal [weight: 4, min: 1, max: 1] }"
7,"still_life:arctic_desert_basin","{ minecraft:creeper [weight: 100, min: 4, max: 4] }; { minecraft:enderman [weight: 10, min: 1, max: 4] }; { minecraft:skeleton [weight: 10, min: 4, max: 4] }; { minecraft:slime [weight: 100, min: 4, max: 4] }; { minecraft:spider [weight: 100, min: 4, max: 4] }; { minecraft:stray [weight: 90, min: 4, max: 4] }; { minecraft:witch [weight: 5, min: 1, max: 1] }; { minecraft:zombie [weight: 80, min: 4, max: 4] }; { minecraft:zombie_villager [weight: 5, min: 1, max: 1] }; { minecraft:cow [weight: 6, min: 4, max: 4] }; { minecraft:polar_bear [weight: 2, min: 1, max: 2] }; { minecraft:bat [weight: 10, min: 8, max: 8] }; { minecraft:glow_squid [weight: 10, min: 4, max: 6] }; { friendsandfoes:rascal [weight: 4, min: 1, max: 1] }"
8,"still_life:arctic_glacier","{ minecraft:enderman [weight: 10, min: 1, max: 4] }; { minecraft:skeleton [weight: 10, min: 4, max: 4] }; { minecraft:slime [weight: 100, min: 4, max: 4] }; { minecraft:spider [weight: 100, min: 4, max: 4] }; { minecraft:stray [weight: 90, min: 4, max: 4] }; { minecraft:witch [weight: 5, min: 1, max: 1] }; { minecraft:zombie [weight: 80, min: 4, max: 4] }; { minecraft:zombie_villager [weight: 5, min: 1, max: 1] }; { minecraft:polar_bear [weight: 1, min: 1, max: 2] }; { minecraft:bat [weight: 10, min: 8, max: 8] }; { minecraft:glow_squid [weight: 10, min: 4, max: 6] }; { friendsandfoes:rascal [weight: 4, min: 1, max: 1] }"
9,"still_life:arctic_river","{ minecraft:creeper [weight: 100, min: 4, max: 4] }; { minecraft:enderman [weight: 10, min: 1, max: 4] }; { minecraft:skeleton [weight: 10, min: 4, max: 4] }; { minecraft:slime [weight: 100, min: 4, max: 4] }; { minecraft:spider [weight: 100, min: 4, max: 4] }; { minecraft:stray [weight: 90, min: 4, max: 4] }; { minecraft:witch [weight: 5, min: 1, max: 1] }; { minecraft:zombie [weight: 80, min: 4, max: 4] }; { minecraft:zombie_villager [weight: 5, min: 1, max: 1] }; { meadow:water_buffalo [weight: 3, min: 2, max: 3] }; { naturalist:coral_snake [weight: 10, min: 1, max: 1] }; { naturalist:duck [weight: 10, min: 1, max: 3] }; { naturalist:snail [weight: 10, min: 1, max: 3] }; { wildernature:pelican [weight: 7, min: 3, max: 5] }; { crittersandcompanions:dragonfly [weight: 7, min: 1, max: 1] }; { minecraft:bat [weight: 10, min: 8, max: 8] }; { minecraft:glow_squid [weight: 10, min: 4, max: 6] }; { crittersandcompanions:otter [weight: 1, min: 3, max: 5] }; { crittersandcompanions:koi_fish [weight: 4, min: 2, max: 5] }; { fetzisasiandeco:koi [weight: 5, min: 2, max: 5] }; { naturalist:bass [weight: 10, min: 4, max: 4] }; { friendsandfoes:rascal [weight: 4, min: 1, max: 1] }; { untitledduckmod:duck [weight: 6, min: 2, max: 4] }; { untitledduckmod:goose [weight: 4, min: 2, max: 4] }"
10,"still_life:arctic_shallow_ocean","{ creeperoverhaul:cave_creeper [weight: 75, min: 2, max: 2] }; { creeperoverhaul:snowy_creeper [weight: 75, min: 2, max: 2] }; { minecraft:enderman [weight: 10, min: 1, max: 4] }; { minecraft:skeleton [weight: 10, min: 4, max: 4] }; { minecraft:slime [weight: 100, min: 4, max: 4] }; { minecraft:spider [weight: 100, min: 4, max: 4] }; { minecraft:stray [weight: 90, min: 4, max: 4] }; { minecraft:witch [weight: 5, min: 1, max: 1] }; { minecraft:zombie [weight: 80, min: 4, max: 4] }; { minecraft:zombie_villager [weight: 5, min: 1, max: 1] }; { minecraft:polar_bear [weight: 1, min: 1, max: 2] }; { minecraft:bat [weight: 10, min: 8, max: 8] }; { minecraft:glow_squid [weight: 10, min: 4, max: 6] }; { minecraft:squid [weight: 2, min: 1, max: 4] }; { minecraft:cod [weight: 25, min: 8, max: 8] }; { friendsandfoes:rascal [weight: 4, min: 1, max: 1] }; { hybrid-aquatic:sea_angel [weight: 1, min: 1, max: 2] }; { hybrid-aquatic:arrow_squid [weight: 3, min: 1, max: 2] }; { hybrid-aquatic:lions_mane_jellyfish [weight: 1, min: 1, max: 1] }; { hybrid-aquatic:nomura_jellyfish [weight: 1, min: 1, max: 1] }; { hybrid-aquatic:basking_shark [weight: 1, min: 1, max: 1] }; { hybrid-aquatic:sea_cucumber [weight: 3, min: 1, max: 2] }; { hybrid-aquatic:sea_urchin [weight: 3, min: 0, max: 2] }; { hybrid-aquatic:starfish [weight: 2, min: 0, max: 2] }"
11,"still_life:arctic_tundra","{ endermanoverhaul:cave_enderman [weight: 2, min: 1, max: 2] }; { endermanoverhaul:snowy_enderman [weight: 10, min: 1, max: 4] }; { minecraft:creeper [weight: 100, min: 4, max: 4] }; { minecraft:skeleton [weight: 100, min: 4, max: 4] }; { minecraft:slime [weight: 100, min: 4, max: 4] }; { minecraft:spider [weight: 100, min: 4, max: 4] }; { minecraft:witch [weight: 5, min: 1, max: 1] }; { minecraft:zombie [weight: 95, min: 4, max: 4] }; { minecraft:zombie_villager [weight: 5, min: 1, max: 1] }; { minecraft:fox [weight: 2, min: 1, max: 2] }; { minecraft:rabbit [weight: 8, min: 2, max: 3] }; { minecraft:sheep [weight: 1, min: 4, max: 4] }; { minecraft:bat [weight: 10, min: 8, max: 8] }; { minecraft:glow_squid [weight: 10, min: 4, max: 6] }"
12,"still_life:arctic_wetlands","{ creeperoverhaul:cave_creeper [weight: 75, min: 2, max: 2] }; { creeperoverhaul:swamp_creeper [weight: 75, min: 2, max: 2] }; { minecraft:enderman [weight: 10, min: 1, max: 4] }; { minecraft:skeleton [weight: 10, min: 4, max: 4] }; { minecraft:slime [weight: 100, min: 4, max: 4] }; { minecraft:spider [weight: 100, min: 4, max: 4] }; { minecraft:stray [weight: 90, min: 4, max: 4] }; { minecraft:witch [weight: 5, min: 1, max: 1] }; { minecraft:zombie [weight: 80, min: 4, max: 4] }; { minecraft:zombie_villager [weight: 5, min: 1, max: 1] }; { minecraft:chicken [weight: 0, min: 4, max: 4] }; { minecraft:cow [weight: 0, min: 4, max: 4] }; { minecraft:donkey [weight: 0, min: 1, max: 1] }; { minecraft:fox [weight: 2, min: 1, max: 2] }; { minecraft:horse [weight: 0, min: 2, max: 6] }; { minecraft:pig [weight: 1, min: 4, max: 4] }; { minecraft:polar_bear [weight: 2, min: 1, max: 2] }; { minecraft:bat [weight: 10, min: 8, max: 8] }; { minecraft:glow_squid [weight: 10, min: 4, max: 6] }; { friendsandfoes:rascal [weight: 4, min: 1, max: 1] }"
13,"still_life:arid_beach","{ creeperoverhaul:beach_creeper [weight: 75, min: 2, max: 2] }; { creeperoverhaul:cave_creeper [weight: 75, min: 2, max: 2] }; { minecraft:enderman [weight: 10, min: 1, max: 4] }; { minecraft:husk [weight: 120, min: 4, max: 5] }; { minecraft:skeleton [weight: 100, min: 4, max: 4] }; { minecraft:slime [weight: 100, min: 4, max: 4] }; { minecraft:spider [weight: 10, min: 4, max: 4] }; { minecraft:witch [weight: 5, min: 1, max: 1] }; { minecraft:zombie [weight: 10, min: 4, max: 4] }; { minecraft:zombie_villager [weight: 1, min: 1, max: 1] }; { naturalist:coral_snake [weight: 10, min: 1, max: 1] }; { wildernature:pelican [weight: 7, min: 3, max: 5] }; { minecraft:bat [weight: 10, min: 8, max: 8] }; { minecraft:glow_squid [weight: 10, min: 4, max: 6] }; { friendsandfoes:rascal [weight: 4, min: 1, max: 1] }"
14,"still_life:arid_desert","{ creeperoverhaul:cave_creeper [weight: 75, min: 2, max: 2] }; { creeperoverhaul:desert_creeper [weight: 75, min: 2, max: 2] }; { endermanoverhaul:cave_enderman [weight: 2, min: 1, max: 2] }; { endermanoverhaul:desert_enderman [weight: 10, min: 1, max: 4] }; { minecraft:husk [weight: 120, min: 4, max: 5] }; { minecraft:skeleton [weight: 100, min: 4, max: 4] }; { minecraft:slime [weight: 100, min: 4, max: 4] }; { minecraft:spider [weight: 10, min: 4, max: 4] }; { minecraft:witch [weight: 5, min: 1, max: 1] }; { minecraft:zombie [weight: 10, min: 4, max: 4] }; { minecraft:zombie_villager [weight: 1, min: 1, max: 1] }; { friendsandfoes:mauler [weight: 8, min: 1, max: 1] }; { naturalist:cardinal [weight: 10, min: 1, max: 4] }; { naturalist:lizard [weight: 10, min: 1, max: 2] }; { naturalist:rattlesnake [weight: 10, min: 1, max: 1] }; { naturalist:snake [weight: 10, min: 1, max: 1] }; { naturalist:tortoise [weight: 10, min: 1, max: 3] }; { naturalist:vulture [weight: 3, min: 2, max: 4] }; { minecraft:bat [weight: 10, min: 8, max: 8] }; { minecraft:glow_squid [weight: 10, min: 4, max: 6] }; { friendsandfoes:rascal [weight: 4, min: 1, max: 1] }"
15,"still_life:arid_highlands","{ creeperoverhaul:badlands_creeper [weight: 75, min: 2, max: 2] }; { creeperoverhaul:cave_creeper [weight: 75, min: 2, max: 2] }; { creeperoverhaul:cave_creeper [weight: 75, min: 2, max: 2] }; { creeperoverhaul:hills_creeper [weight: 75, min: 2, max: 2] }; { endermanoverhaul:badlands_enderman [weight: 10, min: 1, max: 4] }; { endermanoverhaul:cave_enderman [weight: 2, min: 1, max: 2] }; { minecraft:husk [weight: 120, min: 4, max: 5] }; { minecraft:skeleton [weight: 100, min: 4, max: 4] }; { minecraft:slime [weight: 100, min: 4, max: 4] }; { minecraft:spider [weight: 10, min: 4, max: 4] }; { minecraft:witch [weight: 5, min: 1, max: 1] }; { minecraft:zombie [weight: 10, min: 4, max: 4] }; { minecraft:zombie_villager [weight: 1, min: 1, max: 1] }; { friendsandfoes:mauler [weight: 16, min: 1, max: 1] }; { meadow:wooly_sheep [weight: 10, min: 2, max: 3] }; { minecraft:rabbit [weight: 12, min: 2, max: 3] }; { minecraft:sheep [weight: 6, min: 2, max: 3] }; { naturalist:bear [weight: 10, min: 1, max: 2] }; { naturalist:canary [weight: 10, min: 1, max: 4] }; { naturalist:rattlesnake [weight: 10, min: 1, max: 1] }; { naturalist:robin [weight: 10, min: 1, max: 4] }; { naturalist:snail [weight: 10, min: 1, max: 3] }; { naturalist:vulture [weight: 3, min: 2, max: 4] }; { minecraft:bat [weight: 10, min: 8, max: 8] }; { minecraft:glow_squid [weight: 10, min: 4, max: 6] }; { friendsandfoes:rascal [weight: 4, min: 1, max: 1] }; { hybrid-aquatic:pupfish [weight: 1, min: 0, max: 1] }"
16,"incendium:ash_barrens","{ betternether:naga [weight: 8, min: 3, max: 5] }; { minecraft:ghast [weight: 20, min: 1, max: 1] }; { minecraft:magma_cube [weight: 100, min: 2, max: 7] }; { minecraft:piglin [weight: 100, min: 1, max: 1] }; { minecraft:strider [weight: 60, min: 1, max: 2] }; { betternether:firefly [weight: 5, min: 1, max: 3] }; { betternether:hydrogen_jellyfish [weight: 5, min: 2, max: 6] }"
17,"minecraft:badlands","{ creeperoverhaul:badlands_creeper [weight: 75, min: 2, max: 2] }; { creeperoverhaul:cave_creeper [weight: 75, min: 2, max: 2] }; { endermanoverhaul:badlands_enderman [weight: 10, min: 1, max: 4] }; { endermanoverhaul:cave_enderman [weight: 2, min: 1, max: 2] }; { minecraft:skeleton [weight: 100, min: 4, max: 4] }; { minecraft:slime [weight: 100, min: 4, max: 4] }; { minecraft:spider [weight: 100, min: 4, max: 4] }; { minecraft:witch [weight: 5, min: 1, max: 1] }; { minecraft:zombie [weight: 95, min: 4, max: 4] }; { minecraft:zombie_villager [weight: 5, min: 1, max: 1] }; { friendsandfoes:mauler [weight: 16, min: 1, max: 1] }; { naturalist:rattlesnake [weight: 10, min: 1, max: 1] }; { naturalist:vulture [weight: 3, min: 2, max: 4] }; { minecraft:bat [weight: 10, min: 8, max: 8] }; { minecraft:glow_squid [weight: 10, min: 4, max: 6] }; { friendsandfoes:rascal [weight: 4, min: 1, max: 1] }; { hybrid-aquatic:pupfish [weight: 1, min: 0, max: 1] }"
18,"minecraft:bamboo_jungle","{ creeperoverhaul:bamboo_creeper [weight: 75, min: 2, max: 2] }; { creeperoverhaul:cave_creeper [weight: 75, min: 2, max: 2] }; { creeperoverhaul:jungle_creeper [weight: 75, min: 2, max: 2] }; { minecraft:enderman [weight: 10, min: 1, max: 4] }; { minecraft:ocelot [weight: 2, min: 1, max: 1] }; { minecraft:skeleton [weight: 100, min: 4, max: 4] }; { minecraft:slime [weight: 100, min: 4, max: 4] }; { minecraft:spider [weight: 100, min: 4, max: 4] }; { minecraft:witch [weight: 5, min: 1, max: 1] }; { minecraft:zombie [weight: 95, min: 4, max: 4] }; { minecraft:zombie_villager [weight: 5, min: 1, max: 1] }; { crittersandcompanions:jumping_spider [weight: 2, min: 1, max: 1] }; { crittersandcompanions:red_panda [weight: 8, min: 1, max: 2] }; { hybrid-birds:peacock [weight: 2, min: 1, max: 2] }; { minecraft:frog [weight: 8, min: 3, max: 4] }; { minecraft:panda [weight: 80, min: 1, max: 2] }; { minecraft:parrot [weight: 40, min: 1, max: 2] }; { minecraft:sheep [weight: 12, min: 4, max: 4] }; { naturalist:coral_snake [weight: 10, min: 1, max: 1] }; { naturalist:elephant [weight: 5, min: 2, max: 3] }; { naturalist:hippo [weight: 10, min: 3, max: 4] }; { naturalist:lizard [weight: 10, min: 1, max: 2] }; { naturalist:snail [weight: 10, min: 1, max: 3] }; { naturalist:snake [weight: 10, min: 1, max: 1] }; { naturalist:tortoise [weight: 10, min: 1, max: 3] }; { wildernature:cassowary [weight: 7, min: 3, max: 5] }; { crittersandcompanions:leaf_insect [weight: 14, min: 1, max: 1] }; { minecraft:bat [weight: 10, min: 8, max: 8] }; { minecraft:glow_squid [weight: 10, min: 4, max: 6] }; { friendsandfoes:rascal [weight: 4, min: 1, max: 1] }; { hybrid-aquatic:african_butterflyfish [weight: 2, min: 1, max: 1] }; { hybrid-aquatic:danio [weight: 3, min: 2, max: 3] }; { hybrid-aquatic:discus [weight: 1, min: 1, max: 1] }; { hybrid-aquatic:golden_dorado [weight: 1, min: 1, max: 1] }; { hybrid-aquatic:gourami [weight: 1, min: 1, max: 1] }; { hybrid-aquatic:oscar [weight: 1, min: 1, max: 1] }; { hybrid-aquatic:piranha [weight: 2, min: 4, max: 8] }; { hybrid-aquatic:pleco [weight: 1, min: 1, max: 2] }; { hybrid-aquatic:tetra [weight: 3, min: 2, max: 3] }; { hybrid-aquatic:tiger_barb [weight: 3, min: 2, max: 3] }; { hybrid-aquatic:vampire_crab [weight: 1, min: 1, max: 2] }"
19,"still_life:barren_arctic_desert","{ creeperoverhaul:cave_creeper [weight: 75, min: 2, max: 2] }; { creeperoverhaul:snowy_creeper [weight: 75, min: 2, max: 2] }; { endermanoverhaul:cave_enderman [weight: 2, min: 1, max: 2] }; { endermanoverhaul:snowy_enderman [weight: 10, min: 1, max: 4] }; { minecraft:skeleton [weight: 10, min: 4, max: 4] }; { minecraft:slime [weight: 100, min: 4, max: 4] }; { minecraft:spider [weight: 100, min: 4, max: 4] }; { minecraft:stray [weight: 90, min: 4, max: 4] }; { minecraft:witch [weight: 5, min: 1, max: 1] }; { minecraft:zombie [weight: 80, min: 4, max: 4] }; { minecraft:zombie_villager [weight: 5, min: 1, max: 1] }; { minecraft:fox [weight: 1, min: 1, max: 1] }; { minecraft:polar_bear [weight: 1, min: 1, max: 2] }; { minecraft:bat [weight: 10, min: 8, max: 8] }; { minecraft:glow_squid [weight: 10, min: 4, max: 6] }; { friendsandfoes:rascal [weight: 4, min: 1, max: 1] }"
20,"still_life:barren_caves","{ minecraft:creeper [weight: 100, min: 4, max: 4] }; { minecraft:enderman [weight: 10, min: 1, max: 4] }; { minecraft:skeleton [weight: 100, min: 4, max: 4] }; { minecraft:slime [weight: 100, min: 4, max: 4] }; { minecraft:spider [weight: 100, min: 4, max: 4] }; { minecraft:witch [weight: 5, min: 1, max: 1] }; { minecraft:zombie [weight: 95, min: 4, max: 4] }; { minecraft:zombie_villager [weight: 5, min: 1, max: 1] }; { minecraft:chicken [weight: 10, min: 4, max: 4] }; { minecraft:cow [weight: 8, min: 4, max: 4] }; { minecraft:donkey [weight: 1, min: 1, max: 1] }; { minecraft:horse [weight: 1, min: 2, max: 6] }; { minecraft:pig [weight: 10, min: 4, max: 4] }; { minecraft:sheep [weight: 12, min: 4, max: 4] }; { minecraft:bat [weight: 10, min: 8, max: 8] }; { minecraft:glow_squid [weight: 10, min: 4, max: 6] }; { friendsandfoes:rascal [weight: 4, min: 1, max: 1] }; { hybrid-aquatic:tetra [weight: 3, min: 2, max: 3] }"
21,"still_life:barren_mediterranean_highlands","{ creeperoverhaul:cave_creeper [weight: 75, min: 2, max: 2] }; { creeperoverhaul:hills_creeper [weight: 75, min: 2, max: 2] }; { minecraft:enderman [weight: 10, min: 1, max: 4] }; { minecraft:skeleton [weight: 100, min: 4, max: 4] }; { minecraft:slime [weight: 100, min: 4, max: 4] }; { minecraft:spider [weight: 100, min: 4, max: 4] }; { minecraft:witch [weight: 5, min: 1, max: 1] }; { minecraft:zombie [weight: 95, min: 4, max: 4] }; { minecraft:zombie_villager [weight: 5, min: 1, max: 1] }; { meadow:wooly_sheep [weight: 10, min: 2, max: 3] }; { minecraft:chicken [weight: 1, min: 4, max: 4] }; { minecraft:cow [weight: 0, min: 4, max: 4] }; { minecraft:donkey [weight: 0, min: 1, max: 1] }; { minecraft:horse [weight: 0, min: 2, max: 6] }; { minecraft:pig [weight: 3, min: 4, max: 4] }; { minecraft:sheep [weight: 7, min: 4, max: 4] }; { naturalist:bear [weight: 10, min: 1, max: 2] }; { naturalist:canary [weight: 10, min: 1, max: 4] }; { naturalist:robin [weight: 10, min: 1, max: 4] }; { naturalist:snail [weight: 10, min: 1, max: 3] }; { minecraft:bat [weight: 10, min: 8, max: 8] }; { minecraft:glow_squid [weight: 10, min: 4, max: 6] }; { friendsandfoes:rascal [weight: 4, min: 1, max: 1] }"
22,"still_life:barren_peaks","{ creeperoverhaul:cave_creeper [weight: 75, min: 2, max: 2] }; { creeperoverhaul:hills_creeper [weight: 75, min: 2, max: 2] }; { minecraft:enderman [weight: 10, min: 1, max: 4] }; { minecraft:skeleton [weight: 100, min: 4, max: 4] }; { minecraft:slime [weight: 100, min: 4, max: 4] }; { minecraft:spider [weight: 100, min: 4, max: 4] }; { minecraft:witch [weight: 5, min: 1, max: 1] }; { minecraft:zombie [weight: 95, min: 4, max: 4] }; { minecraft:zombie_villager [weight: 5, min: 1, max: 1] }; { meadow:wooly_sheep [weight: 10, min: 2, max: 3] }; { minecraft:sheep [weight: 6, min: 2, max: 3] }; { naturalist:bear [weight: 10, min: 1, max: 2] }; { naturalist:canary [weight: 10, min: 1, max: 4] }; { naturalist:robin [weight: 10, min: 1, max: 4] }; { naturalist:snail [weight: 10, min: 1, max: 3] }; { minecraft:bat [weight: 10, min: 8, max: 8] }; { minecraft:glow_squid [weight: 10, min: 4, max: 6] }; { friendsandfoes:rascal [weight: 4, min: 1, max: 1] }"
23,"still_life:barren_tundra","{ endermanoverhaul:cave_enderman [weight: 2, min: 1, max: 2] }; { endermanoverhaul:snowy_enderman [weight: 10, min: 1, max: 4] }; { minecraft:creeper [weight: 100, min: 4, max: 4] }; { minecraft:skeleton [weight: 100, min: 4, max: 4] }; { minecraft:slime [weight: 100, min: 4, max: 4] }; { minecraft:spider [weight: 100, min: 4, max: 4] }; { minecraft:witch [weight: 5, min: 1, max: 1] }; { minecraft:zombie [weight: 95, min: 4, max: 4] }; { minecraft:zombie_villager [weight: 5, min: 1, max: 1] }; { minecraft:chicken [weight: 0, min: 4, max: 4] }; { minecraft:cow [weight: 1, min: 4, max: 4] }; { minecraft:fox [weight: 2, min: 1, max: 2] }; { minecraft:pig [weight: 0, min: 4, max: 4] }; { minecraft:rabbit [weight: 1, min: 1, max: 3] }; { minecraft:sheep [weight: 0, min: 4, max: 4] }; { minecraft:bat [weight: 10, min: 8, max: 8] }; { minecraft:glow_squid [weight: 10, min: 4, max: 6] }; { friendsandfoes:rascal [weight: 4, min: 1, max: 1] }"
24,"minecraft:basalt_deltas","{ betternether:naga [weight: 8, min: 3, max: 5] }; { minecraft:ghast [weight: 40, min: 1, max: 1] }; { minecraft:magma_cube [weight: 100, min: 2, max: 5] }; { minecraft:strider [weight: 60, min: 1, max: 2] }; { betternether:firefly [weight: 5, min: 1, max: 3] }; { betternether:hydrogen_jellyfish [weight: 5, min: 2, max: 6] }"
25,"minecraft:beach","{ creeperoverhaul:beach_creeper [weight: 75, min: 2, max: 2] }; { creeperoverhaul:cave_creeper [weight: 75, min: 2, max: 2] }; { minecraft:enderman [weight: 10, min: 1, max: 4] }; { minecraft:skeleton [weight: 100, min: 4, max: 4] }; { minecraft:slime [weight: 100, min: 4, max: 4] }; { minecraft:spider [weight: 100, min: 4, max: 4] }; { minecraft:witch [weight: 5, min: 1, max: 1] }; { minecraft:zombie [weight: 95, min: 4, max: 4] }; { minecraft:zombie_villager [weight: 5, min: 1, max: 1] }; { friendsandfoes:crab [weight: 14, min: 2, max: 4] }; { minecraft:turtle [weight: 5, min: 2, max: 5] }; { naturalist:coral_snake [weight: 10, min: 1, max: 1] }; { wildernature:flamingo [weight: 9, min: 3, max: 6] }; { wildernature:pelican [weight: 7, min: 3, max: 5] }; { minecraft:bat [weight: 10, min: 8, max: 8] }; { minecraft:glow_squid [weight: 10, min: 4, max: 6] }; { friendsandfoes:rascal [weight: 4, min: 1, max: 1] }; { hybrid-aquatic:box_jellyfish [weight: 1, min: 1, max: 1] }; { hybrid-aquatic:moon_jellyfish [weight: 5, min: 2, max: 5] }; { hybrid-aquatic:coconut_crab [weight: 2, min: 1, max: 2] }; { hybrid-aquatic:dungeness_crab [weight: 3, min: 1, max: 2] }; { hybrid-aquatic:ghost_crab [weight: 3, min: 1, max: 2] }; { hybrid-aquatic:hermit_crab [weight: 1, min: 1, max: 2] }; { hybrid-aquatic:horseshoe_crab [weight: 3, min: 1, max: 2] }; { hybrid-aquatic:starfish [weight: 2, min: 0, max: 2] }; { hybrid-aquatic:otter [weight: 1, min: 0, max: 2] }"
26,"minecraft:birch_forest","{ minecraft:creeper [weight: 100, min: 4, max: 4] }; { minecraft:enderman [weight: 10, min: 1, max: 4] }; { minecraft:skeleton [weight: 100, min: 4, max: 4] }; { minecraft:slime [weight: 100, min: 4, max: 4] }; { minecraft:spider [weight: 100, min: 4, max: 4] }; { minecraft:witch [weight: 5, min: 1, max: 1] }; { minecraft:zombie [weight: 95, min: 4, max: 4] }; { minecraft:zombie_villager [weight: 5, min: 1, max: 1] }; { crittersandcompanions:ferret [weight: 4, min: 2, max: 3] }; { crittersandcompanions:jumping_spider [weight: 2, min: 1, max: 1] }; { hybrid-birds:rooster [weight: 5, min: 1, max: 2] }; { meadow:wooly_sheep [weight: 10, min: 2, max: 3] }; { minecraft:cow [weight: 8, min: 4, max: 4] }; { minecraft:fox [weight: 10, min: 2, max: 4] }; { minecraft:rabbit [weight: 10, min: 2, max: 3] }; { minecraft:sheep [weight: 12, min: 4, max: 4] }; { naturalist:bear [weight: 10, min: 1, max: 2] }; { naturalist:boar [weight: 10, min: 4, max: 4] }; { naturalist:cardinal [weight: 10, min: 1, max: 4] }; { naturalist:deer [weight: 10, min: 1, max: 3] }; { naturalist:finch [weight: 10, min: 1, max: 4] }; { naturalist:lizard [weight: 10, min: 1, max: 2] }; { naturalist:robin [weight: 10, min: 1, max: 4] }; { naturalist:snail [weight: 10, min: 1, max: 3] }; { naturalist:snake [weight: 10, min: 1, max: 1] }; { wildernature:boar [weight: 14, min: 4, max: 5] }; { wildernature:deer [weight: 13, min: 2, max: 4] }; { wildernature:hedgehog [weight: 13, min: 1, max: 3] }; { wildernature:owl [weight: 12, min: 2, max: 3] }; { wildernature:turkey [weight: 12, min: 3, max: 5] }; { crittersandcompanions:leaf_insect [weight: 14, min: 1, max: 1] }; { minecraft:bat [weight: 10, min: 8, max: 8] }; { naturalist:butterfly [weight: 10, min: 3, max: 5] }; { naturalist:firefly [weight: 10, min: 2, max: 3] }; { minecraft:glow_squid [weight: 10, min: 4, max: 6] }; { friendsandfoes:rascal [weight: 4, min: 1, max: 1] }"
27,"still_life:birch_forest","{ minecraft:creeper [weight: 100, min: 4, max: 4] }; { minecraft:enderman [weight: 10, min: 1, max: 4] }; { minecraft:skeleton [weight: 100, min: 4, max: 4] }; { minecraft:slime [weight: 100, min: 4, max: 4] }; { minecraft:spider [weight: 100, min: 4, max: 4] }; { minecraft:witch [weight: 5, min: 1, max: 1] }; { minecraft:zombie [weight: 95, min: 4, max: 4] }; { minecraft:zombie_villager [weight: 5, min: 1, max: 1] }; { crittersandcompanions:ferret [weight: 4, min: 2, max: 3] }; { crittersandcompanions:jumping_spider [weight: 2, min: 1, max: 1] }; { meadow:wooly_sheep [weight: 10, min: 2, max: 3] }; { minecraft:cow [weight: 0, min: 4, max: 4] }; { minecraft:fox [weight: 10, min: 2, max: 4] }; { minecraft:fox [weight: 2, min: 1, max: 2] }; { minecraft:rabbit [weight: 10, min: 2, max: 3] }; { minecraft:sheep [weight: 0, min: 4, max: 4] }; { minecraft:wolf [weight: 1, min: 3, max: 5] }; { naturalist:bear [weight: 10, min: 1, max: 2] }; { naturalist:boar [weight: 10, min: 4, max: 4] }; { naturalist:cardinal [weight: 10, min: 1, max: 4] }; { naturalist:deer [weight: 10, min: 1, max: 3] }; { naturalist:finch [weight: 10, min: 1, max: 4] }; { naturalist:lizard [weight: 10, min: 1, max: 2] }; { naturalist:robin [weight: 10, min: 1, max: 4] }; { naturalist:snail [weight: 10, min: 1, max: 3] }; { naturalist:snake [weight: 10, min: 1, max: 1] }; { wildernature:boar [weight: 14, min: 4, max: 5] }; { wildernature:deer [weight: 13, min: 2, max: 4] }; { wildernature:hedgehog [weight: 13, min: 1, max: 3] }; { wildernature:owl [weight: 12, min: 2, max: 3] }; { wildernature:turkey [weight: 12, min: 3, max: 5] }; { crittersandcompanions:leaf_insect [weight: 14, min: 1, max: 1] }; { minecraft:bat [weight: 10, min: 8, max: 8] }; { naturalist:butterfly [weight: 10, min: 3, max: 5] }; { naturalist:firefly [weight: 10, min: 2, max: 3] }; { minecraft:glow_squid [weight: 10, min: 4, max: 6] }; { friendsandfoes:rascal [weight: 4, min: 1, max: 1] }"
28,"betterend:blossoming_spires","{ endermanoverhaul:end_enderman [weight: 2, min: 1, max: 2] }; { endermanoverhaul:end_islands_enderman [weight: 1, min: 1, max: 1] }; { minecraft:enderman [weight: 50, min: 1, max: 4] }; { betterend:silk_moth [weight: 5, min: 1, max: 2] }"
29,"still_life:bog","{ creeperoverhaul:cave_creeper [weight: 75, min: 2, max: 2] }; { creeperoverhaul:swamp_creeper [weight: 75, min: 2, max: 2] }; { endermanoverhaul:cave_enderman [weight: 2, min: 1, max: 2] }; { endermanoverhaul:swamp_enderman [weight: 10, min: 1, max: 4] }; { minecraft:skeleton [weight: 100, min: 4, max: 4] }; { minecraft:slime [weight: 100, min: 4, max: 4] }; { minecraft:spider [weight: 100, min: 4, max: 4] }; { minecraft:witch [weight: 5, min: 1, max: 1] }; { minecraft:zombie [weight: 95, min: 4, max: 4] }; { minecraft:zombie_villager [weight: 5, min: 1, max: 1] }; { minecraft:frog [weight: 3, min: 1, max: 4] }; { naturalist:alligator [weight: 10, min: 1, max: 2] }; { naturalist:cardinal [weight: 10, min: 1, max: 4] }; { naturalist:duck [weight: 10, min: 1, max: 3] }; { naturalist:lizard [weight: 10, min: 1, max: 2] }; { naturalist:snail [weight: 10, min: 1, max: 3] }; { naturalist:snake [weight: 10, min: 1, max: 1] }; { naturalist:tortoise [weight: 10, min: 1, max: 3] }; { minecraft:bat [weight: 10, min: 8, max: 8] }; { naturalist:butterfly [weight: 10, min: 3, max: 5] }; { naturalist:dragonfly [weight: 10, min: 2, max: 3] }; { naturalist:firefly [weight: 10, min: 2, max: 3] }; { minecraft:glow_squid [weight: 10, min: 4, max: 6] }; { naturalist:bass [weight: 10, min: 4, max: 4] }; { naturalist:catfish [weight: 10, min: 1, max: 1] }; { friendsandfoes:rascal [weight: 4, min: 1, max: 1] }; { untitledduckmod:duck [weight: 6, min: 2, max: 4] }"
30,"betternether:bone_reef","{ betternether:jungle_skeleton [weight: 0, min: 2, max: 4] }; { betternether:naga [weight: 8, min: 3, max: 5] }; { betternether:skull [weight: 2, min: 2, max: 4] }; { minecraft:enderman [weight: 1, min: 4, max: 4] }; { minecraft:ghast [weight: 50, min: 4, max: 4] }; { minecraft:hoglin [weight: 0, min: 1, max: 2] }; { minecraft:magma_cube [weight: 2, min: 4, max: 4] }; { minecraft:piglin [weight: 15, min: 4, max: 4] }; { minecraft:piglin_brute [weight: 0, min: 1, max: 1] }; { minecraft:zombified_piglin [weight: 100, min: 4, max: 4] }; { minecraft:strider [weight: 60, min: 1, max: 2] }; { betternether:firefly [weight: 5, min: 1, max: 3] }; { betternether:flying_pig [weight: 0, min: 2, max: 4] }; { betternether:hydrogen_jellyfish [weight: 5, min: 2, max: 6] }"
31,"still_life:boreal_alpine_tundra","{ creeperoverhaul:cave_creeper [weight: 75, min: 2, max: 2] }; { creeperoverhaul:hills_creeper [weight: 75, min: 2, max: 2] }; { minecraft:enderman [weight: 10, min: 1, max: 4] }; { minecraft:skeleton [weight: 100, min: 4, max: 4] }; { minecraft:slime [weight: 100, min: 4, max: 4] }; { minecraft:spider [weight: 100, min: 4, max: 4] }; { minecraft:witch [weight: 5, min: 1, max: 1] }; { minecraft:zombie [weight: 95, min: 4, max: 4] }; { minecraft:zombie_villager [weight: 5, min: 1, max: 1] }; { meadow:wooly_sheep [weight: 10, min: 2, max: 3] }; { minecraft:chicken [weight: 0, min: 4, max: 4] }; { minecraft:cow [weight: 1, min: 4, max: 4] }; { minecraft:goat [weight: 1, min: 2, max: 4] }; { minecraft:sheep [weight: 7, min: 4, max: 4] }; { naturalist:bear [weight: 10, min: 1, max: 2] }; { naturalist:canary [weight: 10, min: 1, max: 4] }; { naturalist:robin [weight: 10, min: 1, max: 4] }; { naturalist:snail [weight: 10, min: 1, max: 3] }; { minecraft:bat [weight: 10, min: 8, max: 8] }; { minecraft:glow_squid [weight: 10, min: 4, max: 6] }; { friendsandfoes:rascal [weight: 4, min: 1, max: 1] }"
32,"still_life:boreal_river","{ minecraft:creeper [weight: 100, min: 4, max: 4] }; { minecraft:enderman [weight: 10, min: 1, max: 4] }; { minecraft:skeleton [weight: 100, min: 4, max: 4] }; { minecraft:slime [weight: 100, min: 4, max: 4] }; { minecraft:spider [weight: 100, min: 4, max: 4] }; { minecraft:witch [weight: 5, min: 1, max: 1] }; { minecraft:zombie [weight: 95, min: 4, max: 4] }; { minecraft:zombie_villager [weight: 5, min: 1, max: 1] }; { meadow:water_buffalo [weight: 3, min: 2, max: 3] }; { minecraft:chicken [weight: 10, min: 4, max: 4] }; { minecraft:cow [weight: 8, min: 4, max: 4] }; { minecraft:donkey [weight: 1, min: 1, max: 1] }; { minecraft:horse [weight: 1, min: 2, max: 6] }; { minecraft:pig [weight: 10, min: 4, max: 4] }; { minecraft:sheep [weight: 12, min: 4, max: 4] }; { naturalist:coral_snake [weight: 10, min: 1, max: 1] }; { naturalist:duck [weight: 10, min: 1, max: 3] }; { naturalist:snail [weight: 10, min: 1, max: 3] }; { wildernature:pelican [weight: 7, min: 3, max: 5] }; { crittersandcompanions:dragonfly [weight: 7, min: 1, max: 1] }; { minecraft:bat [weight: 10, min: 8, max: 8] }; { minecraft:glow_squid [weight: 10, min: 4, max: 6] }; { crittersandcompanions:otter [weight: 1, min: 3, max: 5] }; { crittersandcompanions:koi_fish [weight: 4, min: 2, max: 5] }; { fetzisasiandeco:koi [weight: 5, min: 2, max: 5] }; { minecraft:salmon [weight: 5, min: 1, max: 5] }; { naturalist:bass [weight: 10, min: 4, max: 4] }; { friendsandfoes:rascal [weight: 4, min: 1, max: 1] }; { hybrid-aquatic:carp [weight: 3, min: 0, max: 2] }; { hybrid-aquatic:golden_dorado [weight: 1, min: 1, max: 1] }; { hybrid-aquatic:shiner [weight: 3, min: 1, max: 2] }; { hybrid-aquatic:sunfish [weight: 3, min: 1, max: 2] }; { hybrid-aquatic:trout [weight: 2, min: 0, max: 1] }; { hybrid-aquatic:crayfish [weight: 2, min: 1, max: 2] }; { hybrid-aquatic:otter [weight: 1, min: 0, max: 2] }; { untitledduckmod:duck [weight: 6, min: 2, max: 4] }; { untitledduckmod:goose [weight: 4, min: 2, max: 4] }"
33,"minecraft:cherry_grove","{ creeperoverhaul:cave_creeper [weight: 75, min: 2, max: 2] }; { creeperoverhaul:hills_creeper [weight: 75, min: 2, max: 2] }; { endermanoverhaul:cave_enderman [weight: 2, min: 1, max: 2] }; { endermanoverhaul:flower_fields_enderman [weight: 5, min: 1, max: 2] }; { minecraft:skeleton [weight: 100, min: 4, max: 4] }; { minecraft:slime [weight: 100, min: 4, max: 4] }; { minecraft:spider [weight: 100, min: 4, max: 4] }; { minecraft:witch [weight: 5, min: 1, max: 1] }; { minecraft:zombie [weight: 95, min: 4, max: 4] }; { minecraft:zombie_villager [weight: 5, min: 1, max: 1] }; { friendsandfoes:moobloom [weight: 4, min: 2, max: 4] }; { hybrid-birds:swan [weight: 1, min: 1, max: 2] }; { meadow:wooly_sheep [weight: 10, min: 2, max: 3] }; { minecraft:pig [weight: 1, min: 1, max: 2] }; { minecraft:rabbit [weight: 2, min: 2, max: 6] }; { minecraft:sheep [weight: 2, min: 2, max: 4] }; { naturalist:bear [weight: 10, min: 1, max: 2] }; { naturalist:canary [weight: 10, min: 1, max: 4] }; { naturalist:deer [weight: 10, min: 1, max: 3] }; { naturalist:robin [weight: 10, min: 1, max: 4] }; { naturalist:snail [weight: 10, min: 1, max: 3] }; { naturalist:sparrow [weight: 10, min: 1, max: 4] }; { wildernature:minisheep [weight: 13, min: 3, max: 6] }; { minecraft:bat [weight: 10, min: 8, max: 8] }; { minecraft:glow_squid [weight: 10, min: 4, max: 6] }; { friendsandfoes:rascal [weight: 4, min: 1, max: 1] }; { hybrid-aquatic:carp [weight: 3, min: 0, max: 2] }; { hybrid-aquatic:goldfish [weight: 3, min: 1, max: 2] }"
34,"betterend:chorus_forest","{ betterend:end_slime [weight: 5, min: 1, max: 2] }; { endermanoverhaul:end_enderman [weight: 2, min: 1, max: 2] }; { endermanoverhaul:end_islands_enderman [weight: 1, min: 1, max: 1] }; { minecraft:enderman [weight: 50, min: 1, max: 4] }"
35,"still_life:cold_barren_highlands","{ creeperoverhaul:cave_creeper [weight: 75, min: 2, max: 2] }; { creeperoverhaul:hills_creeper [weight: 75, min: 2, max: 2] }; { minecraft:enderman [weight: 10, min: 1, max: 4] }; { minecraft:skeleton [weight: 100, min: 4, max: 4] }; { minecraft:slime [weight: 100, min: 4, max: 4] }; { minecraft:spider [weight: 100, min: 4, max: 4] }; { minecraft:witch [weight: 5, min: 1, max: 1] }; { minecraft:zombie [weight: 95, min: 4, max: 4] }; { minecraft:zombie_villager [weight: 5, min: 1, max: 1] }; { meadow:wooly_sheep [weight: 10, min: 2, max: 3] }; { minecraft:chicken [weight: 0, min: 4, max: 4] }; { minecraft:cow [weight: 10, min: 4, max: 4] }; { minecraft:donkey [weight: 2, min: 1, max: 2] }; { minecraft:horse [weight: 0, min: 2, max: 6] }; { minecraft:pig [weight: 0, min: 4, max: 4] }; { minecraft:sheep [weight: 4, min: 4, max: 4] }; { naturalist:bear [weight: 10, min: 1, max: 2] }; { naturalist:canary [weight: 10, min: 1, max: 4] }; { naturalist:robin [weight: 10, min: 1, max: 4] }; { naturalist:snail [weight: 10, min: 1, max: 3] }; { minecraft:bat [weight: 10, min: 8, max: 8] }; { minecraft:glow_squid [weight: 10, min: 4, max: 6] }; { friendsandfoes:rascal [weight: 4, min: 1, max: 1] }"
36,"still_life:cold_deep_ocean","{ minecraft:creeper [weight: 100, min: 4, max: 4] }; { minecraft:drowned [weight: 5, min: 1, max: 1] }; { minecraft:enderman [weight: 10, min: 1, max: 4] }; { minecraft:skeleton [weight: 100, min: 4, max: 4] }; { minecraft:slime [weight: 100, min: 4, max: 4] }; { minecraft:spider [weight: 100, min: 4, max: 4] }; { minecraft:witch [weight: 5, min: 1, max: 1] }; { minecraft:zombie [weight: 95, min: 4, max: 4] }; { minecraft:zombie_villager [weight: 5, min: 1, max: 1] }; { minecraft:bat [weight: 10, min: 8, max: 8] }; { minecraft:glow_squid [weight: 10, min: 4, max: 6] }; { minecraft:cod [weight: 15, min: 3, max: 6] }; { minecraft:salmon [weight: 15, min: 1, max: 5] }; { friendsandfoes:rascal [weight: 4, min: 1, max: 1] }; { hybrid-aquatic:anglerfish [weight: 3, min: 1, max: 2] }; { hybrid-aquatic:mackerel [weight: 5, min: 4, max: 12] }; { hybrid-aquatic:ratfish [weight: 5, min: 1, max: 3] }; { hybrid-aquatic:sea_angel [weight: 1, min: 1, max: 2] }; { hybrid-aquatic:snailfish [weight: 5, min: 1, max: 3] }; { hybrid-aquatic:arrow_squid [weight: 3, min: 1, max: 2] }; { hybrid-aquatic:big_red_jellyfish [weight: 1, min: 1, max: 1] }; { hybrid-aquatic:blue_jellyfish [weight: 3, min: 1, max: 2] }; { hybrid-aquatic:cosmic_jellyfish [weight: 1, min: 1, max: 1] }; { hybrid-aquatic:crown_jellyfish [weight: 1, min: 1, max: 1] }; { hybrid-aquatic:firework_jellyfish [weight: 1, min: 1, max: 1] }; { hybrid-aquatic:lions_mane_jellyfish [weight: 1, min: 1, max: 1] }; { hybrid-aquatic:mauve_stinger [weight: 2, min: 1, max: 3] }; { hybrid-aquatic:nomura_jellyfish [weight: 1, min: 1, max: 1] }; { hybrid-aquatic:basking_shark [weight: 1, min: 1, max: 1] }; { hybrid-aquatic:giant_isopod [weight: 1, min: 1, max: 2] }; { hybrid-aquatic:spider_crab [weight: 2, min: 1, max: 2] }; { hybrid-aquatic:yeti_crab [weight: 2, min: 1, max: 2] }; { hybrid-aquatic:sea_cucumber [weight: 3, min: 1, max: 2] }; { hybrid-aquatic:sea_cucumber [weight: 3, min: 1, max: 2] }; { hybrid-aquatic:sea_urchin [weight: 3, min: 0, max: 2] }; { hybrid-aquatic:sea_urchin [weight: 3, min: 0, max: 2] }; { hybrid-aquatic:starfish [weight: 2, min: 0, max: 2] }; { hybrid-aquatic:starfish [weight: 2, min: 0, max: 2] }"
37,"still_life:cold_desert","{ endermanoverhaul:cave_enderman [weight: 2, min: 1, max: 2] }; { endermanoverhaul:snowy_enderman [weight: 10, min: 1, max: 4] }; { minecraft:creeper [weight: 100, min: 4, max: 4] }; { minecraft:skeleton [weight: 100, min: 4, max: 4] }; { minecraft:slime [weight: 100, min: 4, max: 4] }; { minecraft:spider [weight: 100, min: 4, max: 4] }; { minecraft:witch [weight: 5, min: 1, max: 1] }; { minecraft:zombie [weight: 95, min: 4, max: 4] }; { minecraft:zombie_villager [weight: 5, min: 1, max: 1] }; { minecraft:chicken [weight: 0, min: 4, max: 4] }; { minecraft:cow [weight: 0, min: 4, max: 4] }; { minecraft:donkey [weight: 0, min: 1, max: 1] }; { minecraft:horse [weight: 1, min: 2, max: 6] }; { minecraft:pig [weight: 0, min: 4, max: 4] }; { minecraft:sheep [weight: 0, min: 4, max: 4] }; { minecraft:bat [weight: 10, min: 8, max: 8] }; { minecraft:glow_squid [weight: 10, min: 4, max: 6] }; { friendsandfoes:rascal [weight: 4, min: 1, max: 1] }"
38,"minecraft:cold_ocean","{ minecraft:creeper [weight: 100, min: 4, max: 4] }; { minecraft:drowned [weight: 5, min: 1, max: 1] }; { minecraft:enderman [weight: 10, min: 1, max: 4] }; { minecraft:skeleton [weight: 100, min: 4, max: 4] }; { minecraft:slime [weight: 100, min: 4, max: 4] }; { minecraft:spider [weight: 100, min: 4, max: 4] }; { minecraft:witch [weight: 5, min: 1, max: 1] }; { minecraft:zombie [weight: 95, min: 4, max: 4] }; { minecraft:zombie_villager [weight: 5, min: 1, max: 1] }; { minecraft:bat [weight: 10, min: 8, max: 8] }; { minecraft:glow_squid [weight: 10, min: 4, max: 6] }; { minecraft:squid [weight: 3, min: 1, max: 4] }; { minecraft:cod [weight: 15, min: 3, max: 6] }; { minecraft:salmon [weight: 15, min: 1, max: 5] }; { friendsandfoes:rascal [weight: 4, min: 1, max: 1] }; { hybrid-aquatic:herring [weight: 5, min: 4, max: 12] }; { hybrid-aquatic:mackerel [weight: 5, min: 4, max: 12] }; { hybrid-aquatic:arrow_squid [weight: 3, min: 1, max: 2] }; { hybrid-aquatic:blue_jellyfish [weight: 3, min: 1, max: 2] }; { hybrid-aquatic:lions_mane_jellyfish [weight: 1, min: 1, max: 1] }; { hybrid-aquatic:nomura_jellyfish [weight: 1, min: 1, max: 1] }; { hybrid-aquatic:basking_shark [weight: 1, min: 1, max: 1] }; { hybrid-aquatic:giant_isopod [weight: 1, min: 1, max: 2] }; { hybrid-aquatic:spider_crab [weight: 2, min: 1, max: 2] }; { hybrid-aquatic:sea_cucumber [weight: 3, min: 1, max: 2] }; { hybrid-aquatic:sea_slug [weight: 1, min: 0, max: 2] }; { hybrid-aquatic:sea_urchin [weight: 3, min: 0, max: 2] }; { hybrid-aquatic:starfish [weight: 2, min: 0, max: 2] }"
39,"still_life:cold_semi_desert","{ endermanoverhaul:cave_enderman [weight: 2, min: 1, max: 2] }; { endermanoverhaul:snowy_enderman [weight: 10, min: 1, max: 4] }; { minecraft:creeper [weight: 100, min: 4, max: 4] }; { minecraft:skeleton [weight: 100, min: 4, max: 4] }; { minecraft:slime [weight: 100, min: 4, max: 4] }; { minecraft:spider [weight: 100, min: 4, max: 4] }; { minecraft:witch [weight: 5, min: 1, max: 1] }; { minecraft:zombie [weight: 95, min: 4, max: 4] }; { minecraft:zombie_villager [weight: 5, min: 1, max: 1] }; { minecraft:chicken [weight: 0, min: 4, max: 4] }; { minecraft:cow [weight: 5, min: 4, max: 4] }; { minecraft:donkey [weight: 1, min: 1, max: 1] }; { minecraft:horse [weight: 2, min: 2, max: 6] }; { minecraft:pig [weight: 0, min: 4, max: 4] }; { minecraft:sheep [weight: 0, min: 4, max: 4] }; { minecraft:bat [weight: 10, min: 8, max: 8] }; { minecraft:glow_squid [weight: 10, min: 4, max: 6] }; { friendsandfoes:rascal [weight: 4, min: 1, max: 1] }"
40,"still_life:cold_shallow_ocean","{ minecraft:creeper [weight: 100, min: 4, max: 4] }; { minecraft:drowned [weight: 5, min: 1, max: 1] }; { minecraft:enderman [weight: 10, min: 1, max: 4] }; { minecraft:skeleton [weight: 100, min: 4, max: 4] }; { minecraft:slime [weight: 100, min: 4, max: 4] }; { minecraft:spider [weight: 100, min: 4, max: 4] }; { minecraft:witch [weight: 5, min: 1, max: 1] }; { minecraft:zombie [weight: 95, min: 4, max: 4] }; { minecraft:zombie_villager [weight: 5, min: 1, max: 1] }; { minecraft:bat [weight: 10, min: 8, max: 8] }; { minecraft:glow_squid [weight: 10, min: 4, max: 6] }; { minecraft:squid [weight: 1, min: 1, max: 1] }; { minecraft:cod [weight: 15, min: 3, max: 6] }; { minecraft:salmon [weight: 15, min: 1, max: 5] }; { friendsandfoes:rascal [weight: 4, min: 1, max: 1] }; { hybrid-aquatic:herring [weight: 5, min: 4, max: 12] }; { hybrid-aquatic:mackerel [weight: 5, min: 4, max: 12] }; { hybrid-aquatic:arrow_squid [weight: 3, min: 1, max: 2] }; { hybrid-aquatic:blue_jellyfish [weight: 3, min: 1, max: 2] }; { hybrid-aquatic:lions_mane_jellyfish [weight: 1, min: 1, max: 1] }; { hybrid-aquatic:nomura_jellyfish [weight: 1, min: 1, max: 1] }; { hybrid-aquatic:basking_shark [weight: 1, min: 1, max: 1] }; { hybrid-aquatic:giant_isopod [weight: 1, min: 1, max: 2] }; { hybrid-aquatic:spider_crab [weight: 2, min: 1, max: 2] }; { hybrid-aquatic:sea_cucumber [weight: 3, min: 1, max: 2] }; { hybrid-aquatic:sea_slug [weight: 1, min: 0, max: 2] }; { hybrid-aquatic:sea_urchin [weight: 3, min: 0, max: 2] }; { hybrid-aquatic:starfish [weight: 2, min: 0, max: 2] }"
41,"still_life:cold_steppe","{ endermanoverhaul:cave_enderman [weight: 2, min: 1, max: 2] }; { endermanoverhaul:snowy_enderman [weight: 10, min: 1, max: 4] }; { minecraft:creeper [weight: 100, min: 4, max: 4] }; { minecraft:skeleton [weight: 100, min: 4, max: 4] }; { minecraft:slime [weight: 100, min: 4, max: 4] }; { minecraft:spider [weight: 100, min: 4, max: 4] }; { minecraft:witch [weight: 5, min: 1, max: 1] }; { minecraft:zombie [weight: 95, min: 4, max: 4] }; { minecraft:zombie_villager [weight: 5, min: 1, max: 1] }; { minecraft:chicken [weight: 0, min: 4, max: 4] }; { minecraft:cow [weight: 8, min: 4, max: 4] }; { minecraft:donkey [weight: 1, min: 1, max: 1] }; { minecraft:horse [weight: 2, min: 2, max: 6] }; { minecraft:pig [weight: 0, min: 4, max: 4] }; { minecraft:sheep [weight: 1, min: 4, max: 4] }; { wildernature:bison [weight: 14, min: 3, max: 6] }; { minecraft:bat [weight: 10, min: 8, max: 8] }; { minecraft:glow_squid [weight: 10, min: 4, max: 6] }; { friendsandfoes:rascal [weight: 4, min: 1, max: 1] }"
42,"still_life:cold_taiga","{ creeperoverhaul:cave_creeper [weight: 75, min: 2, max: 2] }; { creeperoverhaul:spruce_creeper [weight: 75, min: 2, max: 2] }; { endermanoverhaul:cave_enderman [weight: 2, min: 1, max: 2] }; { endermanoverhaul:snowy_enderman [weight: 10, min: 1, max: 4] }; { minecraft:skeleton [weight: 100, min: 4, max: 4] }; { minecraft:slime [weight: 100, min: 4, max: 4] }; { minecraft:spider [weight: 100, min: 4, max: 4] }; { minecraft:witch [weight: 5, min: 1, max: 1] }; { minecraft:zombie [weight: 95, min: 4, max: 4] }; { minecraft:zombie_villager [weight: 5, min: 1, max: 1] }; { minecraft:chicken [weight: 2, min: 4, max: 4] }; { minecraft:cow [weight: 0, min: 4, max: 4] }; { minecraft:fox [weight: 1, min: 1, max: 2] }; { minecraft:pig [weight: 15, min: 4, max: 4] }; { minecraft:sheep [weight: 0, min: 4, max: 4] }; { minecraft:wolf [weight: 3, min: 2, max: 4] }; { naturalist:bear [weight: 10, min: 1, max: 2] }; { naturalist:bluejay [weight: 10, min: 1, max: 4] }; { minecraft:bat [weight: 10, min: 8, max: 8] }; { minecraft:glow_squid [weight: 10, min: 4, max: 6] }; { friendsandfoes:rascal [weight: 4, min: 1, max: 1] }"
43,"still_life:cold_taiga_clearings","{ creeperoverhaul:cave_creeper [weight: 75, min: 2, max: 2] }; { creeperoverhaul:spruce_creeper [weight: 75, min: 2, max: 2] }; { endermanoverhaul:cave_enderman [weight: 2, min: 1, max: 2] }; { endermanoverhaul:snowy_enderman [weight: 10, min: 1, max: 4] }; { minecraft:skeleton [weight: 100, min: 4, max: 4] }; { minecraft:slime [weight: 100, min: 4, max: 4] }; { minecraft:spider [weight: 100, min: 4, max: 4] }; { minecraft:witch [weight: 5, min: 1, max: 1] }; { minecraft:zombie [weight: 95, min: 4, max: 4] }; { minecraft:zombie_villager [weight: 5, min: 1, max: 1] }; { minecraft:chicken [weight: 2, min: 4, max: 4] }; { minecraft:cow [weight: 0, min: 4, max: 4] }; { minecraft:fox [weight: 1, min: 1, max: 2] }; { minecraft:pig [weight: 17, min: 4, max: 4] }; { minecraft:sheep [weight: 1, min: 4, max: 4] }; { minecraft:wolf [weight: 3, min: 2, max: 4] }; { naturalist:bear [weight: 10, min: 1, max: 2] }; { naturalist:bluejay [weight: 10, min: 1, max: 4] }; { minecraft:bat [weight: 10, min: 8, max: 8] }; { minecraft:glow_squid [weight: 10, min: 4, max: 6] }; { friendsandfoes:rascal [weight: 4, min: 1, max: 1] }"
44,"still_life:cold_tundra_beach","{ creeperoverhaul:beach_creeper [weight: 75, min: 2, max: 2] }; { creeperoverhaul:cave_creeper [weight: 75, min: 2, max: 2] }; { minecraft:enderman [weight: 10, min: 1, max: 4] }; { minecraft:skeleton [weight: 100, min: 4, max: 4] }; { minecraft:slime [weight: 100, min: 4, max: 4] }; { minecraft:spider [weight: 100, min: 4, max: 4] }; { minecraft:witch [weight: 5, min: 1, max: 1] }; { minecraft:zombie [weight: 95, min: 4, max: 4] }; { minecraft:zombie_villager [weight: 5, min: 1, max: 1] }; { naturalist:coral_snake [weight: 10, min: 1, max: 1] }; { wildernature:pelican [weight: 7, min: 3, max: 5] }; { minecraft:bat [weight: 10, min: 8, max: 8] }; { minecraft:glow_squid [weight: 10, min: 4, max: 6] }; { friendsandfoes:rascal [weight: 4, min: 1, max: 1] }"
45,"minecraft:crimson_forest","{ betternether:naga [weight: 0, min: 3, max: 5] }; { endermanoverhaul:crimson_forest_enderman [weight: 2, min: 1, max: 2] }; { minecraft:hoglin [weight: 9, min: 3, max: 4] }; { minecraft:piglin [weight: 5, min: 3, max: 4] }; { minecraft:zombified_piglin [weight: 1, min: 2, max: 4] }; { minecraft:strider [weight: 60, min: 1, max: 2] }; { betternether:firefly [weight: 15, min: 1, max: 3] }; { betternether:hydrogen_jellyfish [weight: 5, min: 2, max: 6] }"
46,"betternether:crimson_glowing_woods","{ betternether:jungle_skeleton [weight: 0, min: 2, max: 4] }; { betternether:naga [weight: 0, min: 3, max: 5] }; { betternether:skull [weight: 2, min: 2, max: 4] }; { minecraft:enderman [weight: 1, min: 4, max: 4] }; { minecraft:ghast [weight: 50, min: 4, max: 4] }; { minecraft:hoglin [weight: 9, min: 1, max: 2] }; { minecraft:magma_cube [weight: 2, min: 4, max: 4] }; { minecraft:piglin [weight: 15, min: 4, max: 4] }; { minecraft:piglin_brute [weight: 0, min: 1, max: 1] }; { minecraft:zombified_piglin [weight: 100, min: 4, max: 4] }; { minecraft:strider [weight: 60, min: 1, max: 2] }; { betternether:firefly [weight: 5, min: 1, max: 3] }; { betternether:flying_pig [weight: 20, min: 2, max: 4] }; { betternether:hydrogen_jellyfish [weight: 5, min: 2, max: 6] }"
47,"betternether:crimson_pinewood","{ betternether:jungle_skeleton [weight: 0, min: 2, max: 4] }; { betternether:naga [weight: 0, min: 3, max: 5] }; { betternether:skull [weight: 2, min: 2, max: 4] }; { minecraft:enderman [weight: 1, min: 4, max: 4] }; { minecraft:ghast [weight: 50, min: 4, max: 4] }; { minecraft:hoglin [weight: 9, min: 1, max: 2] }; { minecraft:magma_cube [weight: 2, min: 4, max: 4] }; { minecraft:piglin [weight: 15, min: 4, max: 4] }; { minecraft:piglin_brute [weight: 0, min: 1, max: 1] }; { minecraft:zombified_piglin [weight: 100, min: 4, max: 4] }; { minecraft:strider [weight: 60, min: 1, max: 2] }; { betternether:firefly [weight: 5, min: 1, max: 3] }; { betternether:flying_pig [weight: 20, min: 2, max: 4] }; { betternether:hydrogen_jellyfish [weight: 5, min: 2, max: 6] }"
48,"galosphere:crystal_canyons","{ minecraft:creeper [weight: 100, min: 4, max: 4] }; { minecraft:enderman [weight: 10, min: 1, max: 4] }; { minecraft:skeleton [weight: 100, min: 4, max: 4] }; { minecraft:slime [weight: 100, min: 4, max: 4] }; { minecraft:spider [weight: 100, min: 4, max: 4] }; { minecraft:witch [weight: 5, min: 1, max: 1] }; { minecraft:zombie [weight: 95, min: 4, max: 4] }; { minecraft:zombie_villager [weight: 5, min: 1, max: 1] }; { minecraft:bat [weight: 10, min: 8, max: 8] }; { galosphere:sparkle [weight: 10, min: 4, max: 6] }; { minecraft:glow_squid [weight: 10, min: 4, max: 6] }; { minecraft:glow_squid [weight: 10, min: 4, max: 6] }; { friendsandfoes:rascal [weight: 4, min: 1, max: 1] }"
49,"betterend:crystal_mountains","{ endermanoverhaul:end_enderman [weight: 2, min: 1, max: 2] }; { endermanoverhaul:end_islands_enderman [weight: 1, min: 1, max: 1] }; { minecraft:enderman [weight: 50, min: 1, max: 2] }"
50,"nullscape:crystal_peaks","{ endermanoverhaul:end_enderman [weight: 2, min: 1, max: 2] }; { endermanoverhaul:end_islands_enderman [weight: 1, min: 1, max: 1] }; { minecraft:enderman [weight: 10, min: 4, max: 4] }"
51,"minecraft:dark_forest","{ creeperoverhaul:cave_creeper [weight: 75, min: 2, max: 2] }; { creeperoverhaul:dark_oak_creeper [weight: 75, min: 2, max: 2] }; { endermanoverhaul:cave_enderman [weight: 2, min: 1, max: 2] }; { endermanoverhaul:dark_oak_enderman [weight: 10, min: 1, max: 4] }; { minecraft:skeleton [weight: 100, min: 4, max: 4] }; { minecraft:slime [weight: 100, min: 4, max: 4] }; { minecraft:spider [weight: 100, min: 4, max: 4] }; { minecraft:witch [weight: 5, min: 1, max: 1] }; { minecraft:zombie [weight: 95, min: 4, max: 4] }; { minecraft:zombie_villager [weight: 5, min: 1, max: 1] }; { crittersandcompanions:ferret [weight: 4, min: 2, max: 3] }; { crittersandcompanions:jumping_spider [weight: 2, min: 1, max: 1] }; { hybrid-birds:turkey [weight: 3, min: 1, max: 3] }; { meadow:wooly_sheep [weight: 10, min: 2, max: 3] }; { minecraft:cow [weight: 8, min: 4, max: 4] }; { minecraft:fox [weight: 10, min: 2, max: 4] }; { minecraft:rabbit [weight: 10, min: 2, max: 3] }; { minecraft:sheep [weight: 12, min: 4, max: 4] }; { naturalist:bear [weight: 10, min: 1, max: 2] }; { naturalist:boar [weight: 10, min: 4, max: 4] }; { naturalist:cardinal [weight: 10, min: 1, max: 4] }; { naturalist:deer [weight: 10, min: 1, max: 3] }; { naturalist:finch [weight: 10, min: 1, max: 4] }; { naturalist:lizard [weight: 10, min: 1, max: 2] }; { naturalist:robin [weight: 10, min: 1, max: 4] }; { naturalist:snail [weight: 10, min: 1, max: 3] }; { naturalist:snake [weight: 10, min: 1, max: 1] }; { wildernature:boar [weight: 14, min: 4, max: 5] }; { wildernature:deer [weight: 13, min: 2, max: 4] }; { wildernature:hedgehog [weight: 13, min: 1, max: 3] }; { wildernature:owl [weight: 12, min: 2, max: 3] }; { wildernature:turkey [weight: 12, min: 3, max: 5] }; { crittersandcompanions:leaf_insect [weight: 14, min: 1, max: 1] }; { minecraft:bat [weight: 10, min: 8, max: 8] }; { naturalist:butterfly [weight: 10, min: 3, max: 5] }; { naturalist:firefly [weight: 10, min: 2, max: 3] }; { minecraft:glow_squid [weight: 10, min: 4, max: 6] }; { friendsandfoes:rascal [weight: 4, min: 1, max: 1] }"
52,"minecraft:deep_cold_ocean","{ minecraft:creeper [weight: 100, min: 4, max: 4] }; { minecraft:drowned [weight: 5, min: 1, max: 1] }; { minecraft:enderman [weight: 10, min: 1, max: 4] }; { minecraft:skeleton [weight: 100, min: 4, max: 4] }; { minecraft:slime [weight: 100, min: 4, max: 4] }; { minecraft:spider [weight: 100, min: 4, max: 4] }; { minecraft:witch [weight: 5, min: 1, max: 1] }; { minecraft:zombie [weight: 95, min: 4, max: 4] }; { minecraft:zombie_villager [weight: 5, min: 1, max: 1] }; { minecraft:bat [weight: 10, min: 8, max: 8] }; { minecraft:glow_squid [weight: 10, min: 4, max: 6] }; { minecraft:squid [weight: 3, min: 1, max: 4] }; { minecraft:cod [weight: 15, min: 3, max: 6] }; { minecraft:salmon [weight: 15, min: 1, max: 5] }; { friendsandfoes:rascal [weight: 4, min: 1, max: 1] }; { hybrid-aquatic:anglerfish [weight: 3, min: 1, max: 2] }; { hybrid-aquatic:mackerel [weight: 5, min: 4, max: 12] }; { hybrid-aquatic:ratfish [weight: 5, min: 1, max: 3] }; { hybrid-aquatic:sea_angel [weight: 1, min: 1, max: 2] }; { hybrid-aquatic:snailfish [weight: 5, min: 1, max: 3] }; { hybrid-aquatic:arrow_squid [weight: 3, min: 1, max: 2] }; { hybrid-aquatic:big_red_jellyfish [weight: 1, min: 1, max: 1] }; { hybrid-aquatic:blue_jellyfish [weight: 3, min: 1, max: 2] }; { hybrid-aquatic:cosmic_jellyfish [weight: 1, min: 1, max: 1] }; { hybrid-aquatic:crown_jellyfish [weight: 1, min: 1, max: 1] }; { hybrid-aquatic:firework_jellyfish [weight: 1, min: 1, max: 1] }; { hybrid-aquatic:lions_mane_jellyfish [weight: 1, min: 1, max: 1] }; { hybrid-aquatic:mauve_stinger [weight: 2, min: 1, max: 3] }; { hybrid-aquatic:nomura_jellyfish [weight: 1, min: 1, max: 1] }; { hybrid-aquatic:basking_shark [weight: 1, min: 1, max: 1] }; { hybrid-aquatic:giant_isopod [weight: 1, min: 1, max: 2] }; { hybrid-aquatic:spider_crab [weight: 2, min: 1, max: 2] }; { hybrid-aquatic:yeti_crab [weight: 2, min: 1, max: 2] }; { hybrid-aquatic:sea_cucumber [weight: 3, min: 1, max: 2] }; { hybrid-aquatic:sea_cucumber [weight: 3, min: 1, max: 2] }; { hybrid-aquatic:sea_urchin [weight: 3, min: 0, max: 2] }; { hybrid-aquatic:sea_urchin [weight: 3, min: 0, max: 2] }; { hybrid-aquatic:starfish [weight: 2, min: 0, max: 2] }; { hybrid-aquatic:starfish [weight: 2, min: 0, max: 2] }"
53,"minecraft:deep_dark","{ naturalist:snail [weight: 10, min: 1, max: 3] }; { friendsandfoes:rascal [weight: 4, min: 1, max: 1] }; { hybrid-aquatic:tetra [weight: 3, min: 2, max: 3] }"
54,"minecraft:deep_frozen_ocean","{ minecraft:creeper [weight: 100, min: 4, max: 4] }; { minecraft:drowned [weight: 5, min: 1, max: 1] }; { minecraft:enderman [weight: 10, min: 1, max: 4] }; { minecraft:skeleton [weight: 100, min: 4, max: 4] }; { minecraft:slime [weight: 100, min: 4, max: 4] }; { minecraft:spider [weight: 100, min: 4, max: 4] }; { minecraft:witch [weight: 5, min: 1, max: 1] }; { minecraft:zombie [weight: 95, min: 4, max: 4] }; { minecraft:zombie_villager [weight: 5, min: 1, max: 1] }; { minecraft:polar_bear [weight: 1, min: 1, max: 2] }; { wildernature:penguin [weight: 11, min: 4, max: 6] }; { minecraft:bat [weight: 10, min: 8, max: 8] }; { minecraft:glow_squid [weight: 10, min: 4, max: 6] }; { minecraft:squid [weight: 1, min: 1, max: 4] }; { minecraft:salmon [weight: 15, min: 1, max: 5] }; { friendsandfoes:rascal [weight: 4, min: 1, max: 1] }; { hybrid-aquatic:anglerfish [weight: 3, min: 1, max: 2] }; { hybrid-aquatic:ratfish [weight: 5, min: 1, max: 3] }; { hybrid-aquatic:sea_angel [weight: 1, min: 1, max: 2] }; { hybrid-aquatic:snailfish [weight: 5, min: 1, max: 3] }; { hybrid-aquatic:arrow_squid [weight: 3, min: 1, max: 2] }; { hybrid-aquatic:big_red_jellyfish [weight: 1, min: 1, max: 1] }; { hybrid-aquatic:cosmic_jellyfish [weight: 1, min: 1, max: 1] }; { hybrid-aquatic:crown_jellyfish [weight: 1, min: 1, max: 1] }; { hybrid-aquatic:firework_jellyfish [weight: 1, min: 1, max: 1] }; { hybrid-aquatic:lions_mane_jellyfish [weight: 1, min: 1, max: 1] }; { hybrid-aquatic:mauve_stinger [weight: 2, min: 1, max: 3] }; { hybrid-aquatic:nomura_jellyfish [weight: 1, min: 1, max: 1] }; { hybrid-aquatic:basking_shark [weight: 1, min: 1, max: 1] }; { hybrid-aquatic:yeti_crab [weight: 2, min: 1, max: 2] }; { hybrid-aquatic:sea_cucumber [weight: 3, min: 1, max: 2] }; { hybrid-aquatic:sea_cucumber [weight: 3, min: 1, max: 2] }; { hybrid-aquatic:sea_urchin [weight: 3, min: 0, max: 2] }; { hybrid-aquatic:sea_urchin [weight: 3, min: 0, max: 2] }; { hybrid-aquatic:starfish [weight: 2, min: 0, max: 2] }; { hybrid-aquatic:starfish [weight: 2, min: 0, max: 2] }"
55,"minecraft:deep_lukewarm_ocean","{ creeperoverhaul:cave_creeper [weight: 75, min: 2, max: 2] }; { creeperoverhaul:ocean_creeper [weight: 2, min: 1, max: 1] }; { minecraft:drowned [weight: 5, min: 1, max: 1] }; { minecraft:enderman [weight: 10, min: 1, max: 4] }; { minecraft:skeleton [weight: 100, min: 4, max: 4] }; { minecraft:slime [weight: 100, min: 4, max: 4] }; { minecraft:spider [weight: 100, min: 4, max: 4] }; { minecraft:witch [weight: 5, min: 1, max: 1] }; { minecraft:zombie [weight: 95, min: 4, max: 4] }; { minecraft:zombie_villager [weight: 5, min: 1, max: 1] }; { minecraft:bat [weight: 10, min: 8, max: 8] }; { minecraft:glow_squid [weight: 10, min: 4, max: 6] }; { minecraft:dolphin [weight: 2, min: 1, max: 2] }; { minecraft:squid [weight: 8, min: 1, max: 4] }; { crittersandcompanions:dumbo_octopus [weight: 6, min: 1, max: 1] }; { crittersandcompanions:sea_bunny [weight: 16, min: 1, max: 4] }; { minecraft:cod [weight: 8, min: 3, max: 6] }; { minecraft:pufferfish [weight: 5, min: 1, max: 3] }; { minecraft:tropical_fish [weight: 25, min: 8, max: 8] }; { friendsandfoes:rascal [weight: 4, min: 1, max: 1] }; { hybrid-aquatic:anglerfish [weight: 3, min: 1, max: 2] }; { hybrid-aquatic:barracuda [weight: 3, min: 1, max: 1] }; { hybrid-aquatic:barreleye [weight: 1, min: 1, max: 2] }; { hybrid-aquatic:coelacanth [weight: 1, min: 1, max: 1] }; { hybrid-aquatic:damselfish [weight: 5, min: 4, max: 12] }; { hybrid-aquatic:dragonfish [weight: 2, min: 1, max: 2] }; { hybrid-aquatic:flashlight_fish [weight: 5, min: 4, max: 12] }; { hybrid-aquatic:flying_fish [weight: 5, min: 4, max: 12] }; { hybrid-aquatic:john_dory [weight: 4, min: 1, max: 2] }; { hybrid-aquatic:mahi [weight: 3, min: 1, max: 4] }; { hybrid-aquatic:manta_ray [weight: 1, min: 1, max: 2] }; { hybrid-aquatic:needlefish [weight: 4, min: 1, max: 4] }; { hybrid-aquatic:oarfish [weight: 1, min: 1, max: 2] }; { hybrid-aquatic:ocean_sunfish [weight: 1, min: 1, max: 2] }; { hybrid-aquatic:opah [weight: 2, min: 1, max: 2] }; { hybrid-aquatic:ratfish [weight: 5, min: 1, max: 3] }; { hybrid-aquatic:rockfish [weight: 3, min: 1, max: 4] }; { hybrid-aquatic:sea_bass [weight: 3, min: 1, max: 3] }; { hybrid-aquatic:seadragon [weight: 1, min: 1, max: 2] }; { hybrid-aquatic:snailfish [weight: 5, min: 1, max: 3] }; { hybrid-aquatic:squirrelfish [weight: 5, min: 4, max: 12] }; { hybrid-aquatic:tuna [weight: 3, min: 1, max: 4] }; { hybrid-aquatic:firefly_squid [weight: 3, min: 1, max: 2] }; { hybrid-aquatic:nautilus [weight: 3, min: 1, max: 1] }; { hybrid-aquatic:umbrella_octopus [weight: 3, min: 1, max: 1] }; { hybrid-aquatic:vampire_squid [weight: 3, min: 1, max: 1] }; { hybrid-aquatic:vampire_squid [weight: 3, min: 1, max: 1] }; { hybrid-aquatic:barrel_jellyfish [weight: 3, min: 1, max: 2] }; { hybrid-aquatic:big_red_jellyfish [weight: 1, min: 1, max: 1] }; { hybrid-aquatic:box_jellyfish [weight: 1, min: 1, max: 1] }; { hybrid-aquatic:cepheidae_jellyfish [weight: 3, min: 1, max: 2] }; { hybrid-aquatic:cosmic_jellyfish [weight: 1, min: 1, max: 1] }; { hybrid-aquatic:crown_jellyfish [weight: 1, min: 1, max: 1] }; { hybrid-aquatic:firework_jellyfish [weight: 1, min: 1, max: 1] }; { hybrid-aquatic:mauve_stinger [weight: 2, min: 1, max: 3] }; { hybrid-aquatic:sea_nettle [weight: 3, min: 1, max: 4] }; { hybrid-aquatic:bull_shark [weight: 2, min: 1, max: 2] }; { hybrid-aquatic:frilled_shark [weight: 1, min: 1, max: 1] }; { hybrid-aquatic:great_white_shark [weight: 1, min: 1, max: 1] }; { hybrid-aquatic:lantern_shark [weight: 2, min: 1, max: 2] }; { hybrid-aquatic:thresher_shark [weight: 2, min: 1, max: 1] }; { hybrid-aquatic:whale_shark [weight: 1, min: 1, max: 1] }; { hybrid-aquatic:sea_cucumber [weight: 3, min: 1, max: 2] }; { hybrid-aquatic:sea_cucumber [weight: 3, min: 1, max: 2] }; { hybrid-aquatic:sea_slug [weight: 1, min: 0, max: 2] }; { hybrid-aquatic:sea_urchin [weight: 3, min: 0, max: 2] }; { hybrid-aquatic:sea_urchin [weight: 3, min: 0, max: 2] }; { hybrid-aquatic:starfish [weight: 2, min: 0, max: 2] }; { hybrid-aquatic:starfish [weight: 2, min: 0, max: 2] }"
56,"minecraft:deep_ocean","{ minecraft:creeper [weight: 100, min: 4, max: 4] }; { minecraft:drowned [weight: 5, min: 1, max: 1] }; { minecraft:enderman [weight: 10, min: 1, max: 4] }; { minecraft:skeleton [weight: 100, min: 4, max: 4] }; { minecraft:slime [weight: 100, min: 4, max: 4] }; { minecraft:spider [weight: 100, min: 4, max: 4] }; { minecraft:witch [weight: 5, min: 1, max: 1] }; { minecraft:zombie [weight: 95, min: 4, max: 4] }; { minecraft:zombie_villager [weight: 5, min: 1, max: 1] }; { minecraft:bat [weight: 10, min: 8, max: 8] }; { minecraft:glow_squid [weight: 10, min: 4, max: 6] }; { minecraft:dolphin [weight: 1, min: 1, max: 2] }; { minecraft:squid [weight: 1, min: 1, max: 4] }; { crittersandcompanions:dumbo_octopus [weight: 6, min: 1, max: 1] }; { crittersandcompanions:sea_bunny [weight: 16, min: 1, max: 4] }; { minecraft:cod [weight: 10, min: 3, max: 6] }; { friendsandfoes:rascal [weight: 4, min: 1, max: 1] }; { hybrid-aquatic:anglerfish [weight: 3, min: 1, max: 2] }; { hybrid-aquatic:barreleye [weight: 1, min: 1, max: 2] }; { hybrid-aquatic:coelacanth [weight: 1, min: 1, max: 1] }; { hybrid-aquatic:dragonfish [weight: 2, min: 1, max: 2] }; { hybrid-aquatic:john_dory [weight: 4, min: 1, max: 2] }; { hybrid-aquatic:mackerel [weight: 5, min: 4, max: 12] }; { hybrid-aquatic:manta_ray [weight: 1, min: 1, max: 2] }; { hybrid-aquatic:oarfish [weight: 1, min: 1, max: 2] }; { hybrid-aquatic:ocean_sunfish [weight: 1, min: 1, max: 2] }; { hybrid-aquatic:opah [weight: 2, min: 1, max: 2] }; { hybrid-aquatic:ratfish [weight: 5, min: 1, max: 3] }; { hybrid-aquatic:sea_angel [weight: 1, min: 1, max: 2] }; { hybrid-aquatic:snailfish [weight: 5, min: 1, max: 3] }; { hybrid-aquatic:tuna [weight: 3, min: 1, max: 4] }; { hybrid-aquatic:big_red_jellyfish [weight: 1, min: 1, max: 1] }; { hybrid-aquatic:blue_jellyfish [weight: 3, min: 1, max: 2] }; { hybrid-aquatic:cosmic_jellyfish [weight: 1, min: 1, max: 1] }; { hybrid-aquatic:crown_jellyfish [weight: 1, min: 1, max: 1] }; { hybrid-aquatic:firework_jellyfish [weight: 1, min: 1, max: 1] }; { hybrid-aquatic:mauve_stinger [weight: 2, min: 1, max: 3] }; { hybrid-aquatic:sea_nettle [weight: 3, min: 1, max: 4] }; { hybrid-aquatic:basking_shark [weight: 1, min: 1, max: 1] }; { hybrid-aquatic:great_white_shark [weight: 1, min: 1, max: 1] }; { hybrid-aquatic:hammerhead_shark [weight: 3, min: 1, max: 2] }; { hybrid-aquatic:lantern_shark [weight: 2, min: 1, max: 2] }; { hybrid-aquatic:thresher_shark [weight: 2, min: 1, max: 1] }; { hybrid-aquatic:giant_isopod [weight: 1, min: 1, max: 2] }; { hybrid-aquatic:spider_crab [weight: 2, min: 1, max: 2] }; { hybrid-aquatic:sea_cucumber [weight: 3, min: 1, max: 2] }; { hybrid-aquatic:sea_cucumber [weight: 3, min: 1, max: 2] }; { hybrid-aquatic:sea_urchin [weight: 3, min: 0, max: 2] }; { hybrid-aquatic:sea_urchin [weight: 3, min: 0, max: 2] }; { hybrid-aquatic:starfish [weight: 2, min: 0, max: 2] }; { hybrid-aquatic:starfish [weight: 2, min: 0, max: 2] }"
57,"terrablender:deferred_placeholder",""
58,"minecraft:desert","{ creeperoverhaul:cave_creeper [weight: 75, min: 2, max: 2] }; { creeperoverhaul:desert_creeper [weight: 75, min: 2, max: 2] }; { endermanoverhaul:cave_enderman [weight: 2, min: 1, max: 2] }; { endermanoverhaul:desert_enderman [weight: 10, min: 1, max: 4] }; { minecraft:husk [weight: 80, min: 4, max: 4] }; { minecraft:skeleton [weight: 100, min: 4, max: 4] }; { minecraft:slime [weight: 100, min: 4, max: 4] }; { minecraft:spider [weight: 100, min: 4, max: 4] }; { minecraft:witch [weight: 5, min: 1, max: 1] }; { minecraft:zombie [weight: 19, min: 4, max: 4] }; { minecraft:zombie_villager [weight: 1, min: 1, max: 1] }; { friendsandfoes:mauler [weight: 8, min: 1, max: 1] }; { minecraft:rabbit [weight: 4, min: 2, max: 3] }; { naturalist:cardinal [weight: 10, min: 1, max: 4] }; { naturalist:lizard [weight: 10, min: 1, max: 2] }; { naturalist:rattlesnake [weight: 10, min: 1, max: 1] }; { naturalist:snake [weight: 10, min: 1, max: 1] }; { naturalist:tortoise [weight: 10, min: 1, max: 3] }; { naturalist:vulture [weight: 3, min: 2, max: 4] }; { minecraft:bat [weight: 10, min: 8, max: 8] }; { minecraft:glow_squid [weight: 10, min: 4, max: 6] }; { friendsandfoes:rascal [weight: 4, min: 1, max: 1] }"
59,"still_life:desert_river","{ minecraft:creeper [weight: 100, min: 4, max: 4] }; { minecraft:enderman [weight: 10, min: 1, max: 4] }; { minecraft:skeleton [weight: 100, min: 4, max: 4] }; { minecraft:slime [weight: 100, min: 4, max: 4] }; { minecraft:spider [weight: 100, min: 4, max: 4] }; { minecraft:witch [weight: 5, min: 1, max: 1] }; { minecraft:zombie [weight: 95, min: 4, max: 4] }; { minecraft:zombie_villager [weight: 5, min: 1, max: 1] }; { meadow:water_buffalo [weight: 3, min: 2, max: 3] }; { naturalist:coral_snake [weight: 10, min: 1, max: 1] }; { naturalist:duck [weight: 10, min: 1, max: 3] }; { naturalist:snail [weight: 10, min: 1, max: 3] }; { wildernature:pelican [weight: 7, min: 3, max: 5] }; { crittersandcompanions:dragonfly [weight: 7, min: 1, max: 1] }; { minecraft:bat [weight: 10, min: 8, max: 8] }; { minecraft:glow_squid [weight: 10, min: 4, max: 6] }; { crittersandcompanions:otter [weight: 1, min: 3, max: 5] }; { crittersandcompanions:koi_fish [weight: 4, min: 2, max: 5] }; { fetzisasiandeco:koi [weight: 5, min: 2, max: 5] }; { naturalist:bass [weight: 10, min: 4, max: 4] }; { friendsandfoes:rascal [weight: 4, min: 1, max: 1] }; { hybrid-aquatic:carp [weight: 3, min: 0, max: 2] }; { hybrid-aquatic:danio [weight: 3, min: 2, max: 3] }; { hybrid-aquatic:discus [weight: 1, min: 1, max: 1] }; { hybrid-aquatic:golden_dorado [weight: 1, min: 1, max: 1] }; { hybrid-aquatic:golden_dorado [weight: 1, min: 1, max: 1] }; { hybrid-aquatic:gourami [weight: 1, min: 1, max: 1] }; { hybrid-aquatic:oscar [weight: 1, min: 1, max: 1] }; { hybrid-aquatic:piranha [weight: 2, min: 4, max: 8] }; { hybrid-aquatic:shiner [weight: 3, min: 1, max: 2] }; { hybrid-aquatic:sunfish [weight: 3, min: 1, max: 2] }; { hybrid-aquatic:tetra [weight: 3, min: 2, max: 3] }; { hybrid-aquatic:tiger_barb [weight: 3, min: 2, max: 3] }; { hybrid-aquatic:trout [weight: 2, min: 0, max: 1] }; { hybrid-aquatic:crayfish [weight: 2, min: 1, max: 2] }; { hybrid-aquatic:vampire_crab [weight: 1, min: 1, max: 2] }; { hybrid-aquatic:otter [weight: 1, min: 0, max: 2] }; { untitledduckmod:duck [weight: 6, min: 2, max: 4] }; { untitledduckmod:goose [weight: 4, min: 2, max: 4] }"
60,"still_life:desert_wetlands","{ creeperoverhaul:cave_creeper [weight: 75, min: 2, max: 2] }; { creeperoverhaul:swamp_creeper [weight: 75, min: 2, max: 2] }; { endermanoverhaul:cave_enderman [weight: 2, min: 1, max: 2] }; { endermanoverhaul:swamp_enderman [weight: 10, min: 1, max: 4] }; { minecraft:skeleton [weight: 100, min: 4, max: 4] }; { minecraft:slime [weight: 100, min: 4, max: 4] }; { minecraft:spider [weight: 100, min: 4, max: 4] }; { minecraft:witch [weight: 5, min: 1, max: 1] }; { minecraft:zombie [weight: 95, min: 4, max: 4] }; { minecraft:zombie_villager [weight: 5, min: 1, max: 1] }; { minecraft:chicken [weight: 3, min: 4, max: 4] }; { minecraft:cow [weight: 2, min: 4, max: 4] }; { minecraft:donkey [weight: 0, min: 1, max: 1] }; { minecraft:horse [weight: 1, min: 2, max: 6] }; { minecraft:pig [weight: 2, min: 4, max: 4] }; { minecraft:rabbit [weight: 3, min: 1, max: 2] }; { minecraft:sheep [weight: 0, min: 4, max: 4] }; { minecraft:bat [weight: 10, min: 8, max: 8] }; { minecraft:glow_squid [weight: 10, min: 4, max: 6] }; { friendsandfoes:rascal [weight: 4, min: 1, max: 1] }"
61,"betterend:dragon_graveyards","{ endermanoverhaul:end_enderman [weight: 2, min: 1, max: 2] }; { endermanoverhaul:end_islands_enderman [weight: 1, min: 1, max: 1] }; { minecraft:enderman [weight: 50, min: 1, max: 2] }"
62,"minecraft:dripstone_caves","{ creeperoverhaul:cave_creeper [weight: 75, min: 2, max: 2] }; { creeperoverhaul:dripstone_creeper [weight: 75, min: 2, max: 2] }; { endermanoverhaul:cave_enderman [weight: 2, min: 1, max: 2] }; { minecraft:drowned [weight: 95, min: 4, max: 4] }; { minecraft:skeleton [weight: 100, min: 4, max: 4] }; { minecraft:slime [weight: 100, min: 4, max: 4] }; { minecraft:spider [weight: 100, min: 4, max: 4] }; { minecraft:witch [weight: 5, min: 1, max: 1] }; { minecraft:zombie [weight: 95, min: 4, max: 4] }; { minecraft:zombie_villager [weight: 5, min: 1, max: 1] }; { naturalist:snail [weight: 10, min: 1, max: 3] }; { minecraft:bat [weight: 10, min: 8, max: 8] }; { minecraft:glow_squid [weight: 10, min: 4, max: 6] }; { friendsandfoes:rascal [weight: 4, min: 1, max: 1] }; { hybrid-aquatic:tetra [weight: 3, min: 2, max: 3] }"
63,"still_life:dry_cold_steppe","{ endermanoverhaul:cave_enderman [weight: 2, min: 1, max: 2] }; { endermanoverhaul:snowy_enderman [weight: 10, min: 1, max: 4] }; { minecraft:creeper [weight: 100, min: 4, max: 4] }; { minecraft:skeleton [weight: 100, min: 4, max: 4] }; { minecraft:slime [weight: 100, min: 4, max: 4] }; { minecraft:spider [weight: 100, min: 4, max: 4] }; { minecraft:witch [weight: 5, min: 1, max: 1] }; { minecraft:zombie [weight: 95, min: 4, max: 4] }; { minecraft:zombie_villager [weight: 5, min: 1, max: 1] }; { minecraft:chicken [weight: 0, min: 4, max: 4] }; { minecraft:cow [weight: 10, min: 4, max: 4] }; { minecraft:donkey [weight: 1, min: 1, max: 1] }; { minecraft:horse [weight: 3, min: 2, max: 5] }; { minecraft:pig [weight: 0, min: 4, max: 4] }; { minecraft:sheep [weight: 0, min: 4, max: 4] }; { minecraft:bat [weight: 10, min: 8, max: 8] }; { minecraft:glow_squid [weight: 10, min: 4, max: 6] }; { friendsandfoes:rascal [weight: 4, min: 1, max: 1] }"
64,"betterend:dry_shrubland","{ endermanoverhaul:end_enderman [weight: 2, min: 1, max: 2] }; { endermanoverhaul:end_islands_enderman [weight: 1, min: 1, max: 1] }; { minecraft:enderman [weight: 50, min: 1, max: 2] }"
65,"still_life:dry_tropical_highlands","{ creeperoverhaul:cave_creeper [weight: 75, min: 2, max: 2] }; { creeperoverhaul:hills_creeper [weight: 75, min: 2, max: 2] }; { minecraft:enderman [weight: 10, min: 1, max: 4] }; { minecraft:skeleton [weight: 100, min: 4, max: 4] }; { minecraft:slime [weight: 100, min: 4, max: 4] }; { minecraft:spider [weight: 100, min: 4, max: 4] }; { minecraft:witch [weight: 5, min: 1, max: 1] }; { minecraft:zombie [weight: 95, min: 4, max: 4] }; { minecraft:zombie_villager [weight: 5, min: 1, max: 1] }; { meadow:wooly_sheep [weight: 10, min: 2, max: 3] }; { minecraft:chicken [weight: 10, min: 4, max: 4] }; { minecraft:cow [weight: 1, min: 4, max: 4] }; { minecraft:pig [weight: 4, min: 4, max: 4] }; { minecraft:sheep [weight: 0, min: 4, max: 4] }; { naturalist:bear [weight: 10, min: 1, max: 2] }; { naturalist:canary [weight: 10, min: 1, max: 4] }; { naturalist:robin [weight: 10, min: 1, max: 4] }; { naturalist:snail [weight: 10, min: 1, max: 3] }; { minecraft:bat [weight: 10, min: 8, max: 8] }; { minecraft:glow_squid [weight: 10, min: 4, max: 6] }; { friendsandfoes:rascal [weight: 4, min: 1, max: 1] }"
66,"betterend:dust_wastelands","{ endermanoverhaul:end_enderman [weight: 2, min: 1, max: 2] }; { endermanoverhaul:end_islands_enderman [weight: 1, min: 1, max: 1] }; { minecraft:enderman [weight: 50, min: 1, max: 2] }"
67,"betterend:empty_aurora_cave","{ endermanoverhaul:end_enderman [weight: 2, min: 1, max: 2] }"
68,"betterend:empty_end_cave","{ endermanoverhaul:end_enderman [weight: 2, min: 1, max: 2] }"
69,"betterend:empty_smaragdant_cave","{ endermanoverhaul:end_enderman [weight: 2, min: 1, max: 2] }"
70,"minecraft:end_barrens","{ endermanoverhaul:end_enderman [weight: 2, min: 1, max: 2] }; { minecraft:enderman [weight: 10, min: 4, max: 4] }"
71,"minecraft:end_highlands","{ endermanoverhaul:end_enderman [weight: 2, min: 1, max: 2] }; { endermanoverhaul:end_islands_enderman [weight: 1, min: 1, max: 1] }; { minecraft:enderman [weight: 10, min: 4, max: 4] }"
72,"minecraft:end_midlands","{ endermanoverhaul:end_enderman [weight: 2, min: 1, max: 2] }; { endermanoverhaul:end_islands_enderman [weight: 1, min: 1, max: 1] }; { minecraft:enderman [weight: 10, min: 4, max: 4] }"
73,"minecraft:eroded_badlands","{ creeperoverhaul:badlands_creeper [weight: 75, min: 2, max: 2] }; { creeperoverhaul:cave_creeper [weight: 75, min: 2, max: 2] }; { endermanoverhaul:badlands_enderman [weight: 10, min: 1, max: 4] }; { endermanoverhaul:cave_enderman [weight: 2, min: 1, max: 2] }; { minecraft:skeleton [weight: 100, min: 4, max: 4] }; { minecraft:slime [weight: 100, min: 4, max: 4] }; { minecraft:spider [weight: 100, min: 4, max: 4] }; { minecraft:witch [weight: 5, min: 1, max: 1] }; { minecraft:zombie [weight: 95, min: 4, max: 4] }; { minecraft:zombie_villager [weight: 5, min: 1, max: 1] }; { friendsandfoes:mauler [weight: 16, min: 1, max: 1] }; { naturalist:rattlesnake [weight: 10, min: 1, max: 1] }; { naturalist:vulture [weight: 3, min: 2, max: 4] }; { minecraft:bat [weight: 10, min: 8, max: 8] }; { minecraft:glow_squid [weight: 10, min: 4, max: 6] }; { friendsandfoes:rascal [weight: 4, min: 1, max: 1] }; { hybrid-aquatic:pupfish [weight: 1, min: 0, max: 1] }"
74,"still_life:evergreen_taiga","{ creeperoverhaul:cave_creeper [weight: 75, min: 2, max: 2] }; { creeperoverhaul:spruce_creeper [weight: 75, min: 2, max: 2] }; { minecraft:enderman [weight: 10, min: 1, max: 4] }; { minecraft:skeleton [weight: 100, min: 4, max: 4] }; { minecraft:slime [weight: 100, min: 4, max: 4] }; { minecraft:spider [weight: 100, min: 4, max: 4] }; { minecraft:witch [weight: 5, min: 1, max: 1] }; { minecraft:zombie [weight: 95, min: 4, max: 4] }; { minecraft:zombie_villager [weight: 5, min: 1, max: 1] }; { minecraft:chicken [weight: 2, min: 4, max: 4] }; { minecraft:cow [weight: 0, min: 4, max: 4] }; { minecraft:fox [weight: 3, min: 1, max: 3] }; { minecraft:pig [weight: 10, min: 4, max: 4] }; { minecraft:sheep [weight: 0, min: 4, max: 4] }; { minecraft:wolf [weight: 8, min: 2, max: 4] }; { naturalist:bear [weight: 10, min: 1, max: 2] }; { naturalist:bluejay [weight: 10, min: 1, max: 4] }; { minecraft:bat [weight: 10, min: 8, max: 8] }; { minecraft:glow_squid [weight: 10, min: 4, max: 6] }; { friendsandfoes:rascal [weight: 4, min: 1, max: 1] }"
75,"still_life:fen","{ creeperoverhaul:cave_creeper [weight: 75, min: 2, max: 2] }; { creeperoverhaul:swamp_creeper [weight: 75, min: 2, max: 2] }; { endermanoverhaul:cave_enderman [weight: 2, min: 1, max: 2] }; { endermanoverhaul:swamp_enderman [weight: 10, min: 1, max: 4] }; { minecraft:skeleton [weight: 100, min: 4, max: 4] }; { minecraft:slime [weight: 100, min: 4, max: 4] }; { minecraft:spider [weight: 120, min: 4, max: 4] }; { minecraft:witch [weight: 5, min: 1, max: 1] }; { minecraft:zombie [weight: 95, min: 4, max: 4] }; { minecraft:zombie_villager [weight: 5, min: 1, max: 1] }; { minecraft:frog [weight: 6, min: 2, max: 3] }; { naturalist:alligator [weight: 10, min: 1, max: 2] }; { naturalist:cardinal [weight: 10, min: 1, max: 4] }; { naturalist:duck [weight: 10, min: 1, max: 3] }; { naturalist:lizard [weight: 10, min: 1, max: 2] }; { naturalist:snail [weight: 10, min: 1, max: 3] }; { naturalist:snake [weight: 10, min: 1, max: 1] }; { naturalist:tortoise [weight: 10, min: 1, max: 3] }; { minecraft:bat [weight: 10, min: 8, max: 8] }; { naturalist:butterfly [weight: 10, min: 3, max: 5] }; { naturalist:dragonfly [weight: 10, min: 2, max: 3] }; { naturalist:firefly [weight: 10, min: 2, max: 3] }; { minecraft:glow_squid [weight: 10, min: 4, max: 6] }; { naturalist:bass [weight: 10, min: 4, max: 4] }; { naturalist:catfish [weight: 10, min: 1, max: 1] }; { friendsandfoes:rascal [weight: 4, min: 1, max: 1] }; { untitledduckmod:duck [weight: 6, min: 2, max: 4] }"
76,"betternether:flooded_deltas","{ betternether:jungle_skeleton [weight: 0, min: 2, max: 4] }; { betternether:naga [weight: 8, min: 3, max: 5] }; { betternether:skull [weight: 2, min: 2, max: 4] }; { minecraft:enderman [weight: 1, min: 4, max: 4] }; { minecraft:ghast [weight: 50, min: 4, max: 4] }; { minecraft:hoglin [weight: 0, min: 1, max: 2] }; { minecraft:magma_cube [weight: 2, min: 4, max: 4] }; { minecraft:piglin [weight: 15, min: 4, max: 4] }; { minecraft:piglin_brute [weight: 0, min: 1, max: 1] }; { minecraft:zombified_piglin [weight: 100, min: 4, max: 4] }; { minecraft:strider [weight: 60, min: 1, max: 2] }; { betternether:firefly [weight: 5, min: 1, max: 3] }; { betternether:flying_pig [weight: 0, min: 2, max: 4] }; { betternether:hydrogen_jellyfish [weight: 5, min: 2, max: 6] }"
77,"still_life:flooded_grasslands","{ creeperoverhaul:cave_creeper [weight: 75, min: 2, max: 2] }; { creeperoverhaul:swamp_creeper [weight: 75, min: 2, max: 2] }; { minecraft:enderman [weight: 10, min: 1, max: 4] }; { minecraft:skeleton [weight: 100, min: 4, max: 4] }; { minecraft:slime [weight: 100, min: 4, max: 4] }; { minecraft:spider [weight: 100, min: 4, max: 4] }; { minecraft:witch [weight: 5, min: 1, max: 1] }; { minecraft:zombie [weight: 95, min: 4, max: 4] }; { minecraft:zombie_villager [weight: 5, min: 1, max: 1] }; { crittersandcompanions:ferret [weight: 4, min: 2, max: 3] }; { minecraft:cow [weight: 6, min: 4, max: 4] }; { minecraft:donkey [weight: 1, min: 1, max: 2] }; { minecraft:frog [weight: 6, min: 2, max: 3] }; { minecraft:horse [weight: 1, min: 2, max: 6] }; { minecraft:pig [weight: 0, min: 4, max: 4] }; { minecraft:sheep [weight: 1, min: 4, max: 4] }; { naturalist:deer [weight: 10, min: 1, max: 3] }; { naturalist:robin [weight: 10, min: 1, max: 4] }; { naturalist:snail [weight: 10, min: 1, max: 3] }; { naturalist:snake [weight: 10, min: 1, max: 1] }; { naturalist:sparrow [weight: 10, min: 1, max: 4] }; { wildernature:bison [weight: 14, min: 3, max: 6] }; { minecraft:bat [weight: 10, min: 8, max: 8] }; { naturalist:butterfly [weight: 10, min: 3, max: 5] }; { naturalist:firefly [weight: 10, min: 2, max: 3] }; { minecraft:glow_squid [weight: 10, min: 4, max: 6] }; { friendsandfoes:rascal [weight: 4, min: 1, max: 1] }; { untitledduckmod:goose [weight: 4, min: 2, max: 4] }"
78,"still_life:flooded_savanna","{ creeperoverhaul:cave_creeper [weight: 75, min: 2, max: 2] }; { creeperoverhaul:cave_creeper [weight: 75, min: 2, max: 2] }; { creeperoverhaul:savannah_creeper [weight: 75, min: 2, max: 2] }; { creeperoverhaul:swamp_creeper [weight: 75, min: 2, max: 2] }; { endermanoverhaul:cave_enderman [weight: 2, min: 1, max: 2] }; { endermanoverhaul:savanna_enderman [weight: 10, min: 1, max: 4] }; { minecraft:skeleton [weight: 100, min: 4, max: 4] }; { minecraft:slime [weight: 100, min: 4, max: 4] }; { minecraft:spider [weight: 100, min: 4, max: 4] }; { minecraft:witch [weight: 5, min: 1, max: 1] }; { minecraft:zombie [weight: 95, min: 4, max: 4] }; { minecraft:zombie_villager [weight: 5, min: 1, max: 1] }; { friendsandfoes:mauler [weight: 32, min: 1, max: 1] }; { hybrid-birds:guinea_fowl [weight: 3, min: 1, max: 3] }; { meadow:water_buffalo [weight: 3, min: 2, max: 3] }; { minecraft:donkey [weight: 0, min: 1, max: 1] }; { minecraft:frog [weight: 8, min: 2, max: 3] }; { minecraft:horse [weight: 0, min: 2, max: 6] }; { naturalist:boar [weight: 10, min: 4, max: 4] }; { naturalist:cardinal [weight: 10, min: 1, max: 4] }; { naturalist:elephant [weight: 5, min: 2, max: 3] }; { naturalist:finch [weight: 10, min: 1, max: 4] }; { naturalist:giraffe [weight: 5, min: 2, max: 4] }; { naturalist:hippo [weight: 10, min: 3, max: 4] }; { naturalist:lion [weight: 3, min: 3, max: 5] }; { naturalist:lizard [weight: 10, min: 1, max: 2] }; { naturalist:rattlesnake [weight: 10, min: 1, max: 1] }; { naturalist:rhino [weight: 1, min: 1, max: 3] }; { naturalist:snail [weight: 10, min: 1, max: 3] }; { naturalist:snake [weight: 10, min: 1, max: 1] }; { naturalist:vulture [weight: 3, min: 2, max: 4] }; { naturalist:zebra [weight: 1, min: 2, max: 3] }; { wildernature:bison [weight: 14, min: 3, max: 6] }; { wildernature:boar [weight: 14, min: 4, max: 5] }; { wildernature:cassowary [weight: 7, min: 3, max: 5] }; { minecraft:bat [weight: 10, min: 8, max: 8] }; { minecraft:glow_squid [weight: 10, min: 4, max: 6] }; { friendsandfoes:rascal [weight: 4, min: 1, max: 1] }"
79,"minecraft:flower_forest","{ endermanoverhaul:cave_enderman [weight: 2, min: 1, max: 2] }; { endermanoverhaul:flower_fields_enderman [weight: 5, min: 1, max: 2] }; { minecraft:creeper [weight: 100, min: 4, max: 4] }; { minecraft:skeleton [weight: 100, min: 4, max: 4] }; { minecraft:slime [weight: 100, min: 4, max: 4] }; { minecraft:spider [weight: 100, min: 4, max: 4] }; { minecraft:witch [weight: 5, min: 1, max: 1] }; { minecraft:zombie [weight: 95, min: 4, max: 4] }; { minecraft:zombie_villager [weight: 5, min: 1, max: 1] }; { crittersandcompanions:ferret [weight: 4, min: 2, max: 3] }; { crittersandcompanions:jumping_spider [weight: 2, min: 1, max: 1] }; { friendsandfoes:moobloom [weight: 4, min: 2, max: 4] }; { hybrid-birds:rooster [weight: 5, min: 1, max: 2] }; { meadow:wooly_sheep [weight: 10, min: 2, max: 3] }; { minecraft:cow [weight: 8, min: 4, max: 4] }; { minecraft:fox [weight: 10, min: 2, max: 4] }; { minecraft:rabbit [weight: 10, min: 2, max: 3] }; { minecraft:rabbit [weight: 4, min: 2, max: 3] }; { minecraft:sheep [weight: 12, min: 4, max: 4] }; { naturalist:bear [weight: 10, min: 1, max: 2] }; { naturalist:boar [weight: 10, min: 4, max: 4] }; { naturalist:cardinal [weight: 10, min: 1, max: 4] }; { naturalist:deer [weight: 10, min: 1, max: 3] }; { naturalist:finch [weight: 10, min: 1, max: 4] }; { naturalist:lizard [weight: 10, min: 1, max: 2] }; { naturalist:robin [weight: 10, min: 1, max: 4] }; { naturalist:snail [weight: 10, min: 1, max: 3] }; { naturalist:snake [weight: 10, min: 1, max: 1] }; { wildernature:boar [weight: 14, min: 4, max: 5] }; { wildernature:deer [weight: 13, min: 2, max: 4] }; { wildernature:hedgehog [weight: 13, min: 1, max: 3] }; { wildernature:owl [weight: 12, min: 2, max: 3] }; { wildernature:squirrel [weight: 10, min: 2, max: 2] }; { wildernature:turkey [weight: 12, min: 3, max: 5] }; { crittersandcompanions:leaf_insect [weight: 14, min: 1, max: 1] }; { minecraft:bat [weight: 10, min: 8, max: 8] }; { naturalist:butterfly [weight: 10, min: 3, max: 5] }; { naturalist:firefly [weight: 10, min: 2, max: 3] }; { minecraft:glow_squid [weight: 10, min: 4, max: 6] }; { friendsandfoes:rascal [weight: 4, min: 1, max: 1] }"
80,"betterend:foggy_mushroomland","{ betterend:end_slime [weight: 10, min: 1, max: 2] }; { endermanoverhaul:end_enderman [weight: 2, min: 1, max: 2] }; { endermanoverhaul:end_islands_enderman [weight: 1, min: 1, max: 1] }; { minecraft:enderman [weight: 10, min: 1, max: 2] }; { betterend:dragonfly [weight: 80, min: 2, max: 5] }; { betterend:cubozoa [weight: 10, min: 3, max: 8] }; { betterend:end_fish [weight: 20, min: 2, max: 5] }"
81,"minecraft:forest","{ minecraft:creeper [weight: 100, min: 4, max: 4] }; { minecraft:enderman [weight: 10, min: 1, max: 4] }; { minecraft:skeleton [weight: 100, min: 4, max: 4] }; { minecraft:slime [weight: 100, min: 4, max: 4] }; { minecraft:spider [weight: 100, min: 4, max: 4] }; { minecraft:witch [weight: 5, min: 1, max: 1] }; { minecraft:zombie [weight: 95, min: 4, max: 4] }; { minecraft:zombie_villager [weight: 5, min: 1, max: 1] }; { crittersandcompanions:ferret [weight: 4, min: 2, max: 3] }; { crittersandcompanions:jumping_spider [weight: 2, min: 1, max: 1] }; { hybrid-birds:rooster [weight: 5, min: 1, max: 2] }; { hybrid-birds:turkey [weight: 3, min: 1, max: 3] }; { meadow:wooly_sheep [weight: 10, min: 2, max: 3] }; { minecraft:cow [weight: 8, min: 4, max: 4] }; { minecraft:fox [weight: 10, min: 2, max: 4] }; { minecraft:rabbit [weight: 10, min: 2, max: 3] }; { minecraft:sheep [weight: 12, min: 4, max: 4] }; { minecraft:wolf [weight: 5, min: 4, max: 4] }; { naturalist:bear [weight: 10, min: 1, max: 2] }; { naturalist:boar [weight: 10, min: 4, max: 4] }; { naturalist:cardinal [weight: 10, min: 1, max: 4] }; { naturalist:deer [weight: 10, min: 1, max: 3] }; { naturalist:finch [weight: 10, min: 1, max: 4] }; { naturalist:lizard [weight: 10, min: 1, max: 2] }; { naturalist:robin [weight: 10, min: 1, max: 4] }; { naturalist:snail [weight: 10, min: 1, max: 3] }; { naturalist:snake [weight: 10, min: 1, max: 1] }; { wildernature:boar [weight: 14, min: 4, max: 5] }; { wildernature:deer [weight: 13, min: 2, max: 4] }; { wildernature:hedgehog [weight: 13, min: 1, max: 3] }; { wildernature:owl [weight: 12, min: 2, max: 3] }; { wildernature:squirrel [weight: 10, min: 2, max: 2] }; { wildernature:turkey [weight: 12, min: 3, max: 5] }; { crittersandcompanions:leaf_insect [weight: 14, min: 1, max: 1] }; { minecraft:bat [weight: 10, min: 8, max: 8] }; { naturalist:butterfly [weight: 10, min: 3, max: 5] }; { naturalist:firefly [weight: 10, min: 2, max: 3] }; { minecraft:glow_squid [weight: 10, min: 4, max: 6] }; { friendsandfoes:rascal [weight: 4, min: 1, max: 1] }"
82,"still_life:frozen_caves","{ creeperoverhaul:cave_creeper [weight: 75, min: 2, max: 2] }; { creeperoverhaul:snowy_creeper [weight: 75, min: 2, max: 2] }; { minecraft:enderman [weight: 10, min: 1, max: 4] }; { minecraft:skeleton [weight: 10, min: 4, max: 4] }; { minecraft:slime [weight: 100, min: 4, max: 4] }; { minecraft:spider [weight: 100, min: 4, max: 4] }; { minecraft:stray [weight: 90, min: 4, max: 4] }; { minecraft:witch [weight: 5, min: 1, max: 1] }; { minecraft:zombie [weight: 80, min: 4, max: 4] }; { minecraft:zombie_villager [weight: 5, min: 1, max: 1] }; { minecraft:chicken [weight: 10, min: 4, max: 4] }; { minecraft:cow [weight: 8, min: 4, max: 4] }; { minecraft:donkey [weight: 1, min: 1, max: 1] }; { minecraft:horse [weight: 1, min: 2, max: 6] }; { minecraft:pig [weight: 10, min: 4, max: 4] }; { minecraft:sheep [weight: 12, min: 4, max: 4] }; { minecraft:bat [weight: 10, min: 8, max: 8] }; { minecraft:glow_squid [weight: 10, min: 4, max: 6] }; { friendsandfoes:rascal [weight: 4, min: 1, max: 1] }"
83,"minecraft:frozen_ocean","{ creeperoverhaul:cave_creeper [weight: 75, min: 2, max: 2] }; { creeperoverhaul:snowy_creeper [weight: 75, min: 2, max: 2] }; { minecraft:drowned [weight: 5, min: 1, max: 1] }; { minecraft:enderman [weight: 10, min: 1, max: 4] }; { minecraft:skeleton [weight: 100, min: 4, max: 4] }; { minecraft:slime [weight: 100, min: 4, max: 4] }; { minecraft:spider [weight: 100, min: 4, max: 4] }; { minecraft:witch [weight: 5, min: 1, max: 1] }; { minecraft:zombie [weight: 95, min: 4, max: 4] }; { minecraft:zombie_villager [weight: 5, min: 1, max: 1] }; { ecologics:penguin [weight: 2, min: 4, max: 5] }; { minecraft:polar_bear [weight: 1, min: 1, max: 2] }; { wildernature:penguin [weight: 11, min: 4, max: 6] }; { minecraft:bat [weight: 10, min: 8, max: 8] }; { minecraft:glow_squid [weight: 10, min: 4, max: 6] }; { minecraft:squid [weight: 1, min: 1, max: 4] }; { minecraft:salmon [weight: 15, min: 1, max: 5] }; { friendsandfoes:rascal [weight: 4, min: 1, max: 1] }; { hybrid-aquatic:sea_angel [weight: 1, min: 1, max: 2] }; { hybrid-aquatic:arrow_squid [weight: 3, min: 1, max: 2] }; { hybrid-aquatic:lions_mane_jellyfish [weight: 1, min: 1, max: 1] }; { hybrid-aquatic:nomura_jellyfish [weight: 1, min: 1, max: 1] }; { hybrid-aquatic:basking_shark [weight: 1, min: 1, max: 1] }; { hybrid-aquatic:sea_cucumber [weight: 3, min: 1, max: 2] }; { hybrid-aquatic:sea_urchin [weight: 3, min: 0, max: 2] }; { hybrid-aquatic:starfish [weight: 2, min: 0, max: 2] }"
84,"minecraft:frozen_peaks","{ creeperoverhaul:cave_creeper [weight: 75, min: 2, max: 2] }; { creeperoverhaul:cave_creeper [weight: 75, min: 2, max: 2] }; { creeperoverhaul:snowy_creeper [weight: 75, min: 2, max: 2] }; { minecraft:enderman [weight: 10, min: 1, max: 4] }; { minecraft:skeleton [weight: 100, min: 4, max: 4] }; { minecraft:slime [weight: 100, min: 4, max: 4] }; { minecraft:spider [weight: 100, min: 4, max: 4] }; { minecraft:witch [weight: 5, min: 1, max: 1] }; { minecraft:zombie [weight: 95, min: 4, max: 4] }; { minecraft:zombie_villager [weight: 5, min: 1, max: 1] }; { meadow:wooly_sheep [weight: 10, min: 2, max: 3] }; { minecraft:goat [weight: 5, min: 1, max: 3] }; { minecraft:sheep [weight: 6, min: 2, max: 3] }; { naturalist:bear [weight: 10, min: 1, max: 2] }; { naturalist:bluejay [weight: 10, min: 1, max: 4] }; { naturalist:canary [weight: 10, min: 1, max: 4] }; { naturalist:robin [weight: 10, min: 1, max: 4] }; { naturalist:snail [weight: 10, min: 1, max: 3] }; { wildernature:minisheep [weight: 13, min: 3, max: 6] }; { minecraft:bat [weight: 10, min: 8, max: 8] }; { minecraft:glow_squid [weight: 10, min: 4, max: 6] }; { friendsandfoes:rascal [weight: 4, min: 1, max: 1] }"
85,"minecraft:frozen_river","{ creeperoverhaul:cave_creeper [weight: 75, min: 2, max: 2] }; { creeperoverhaul:snowy_creeper [weight: 75, min: 2, max: 2] }; { minecraft:drowned [weight: 1, min: 1, max: 1] }; { minecraft:enderman [weight: 10, min: 1, max: 4] }; { minecraft:skeleton [weight: 100, min: 4, max: 4] }; { minecraft:slime [weight: 100, min: 4, max: 4] }; { minecraft:spider [weight: 100, min: 4, max: 4] }; { minecraft:witch [weight: 5, min: 1, max: 1] }; { minecraft:zombie [weight: 95, min: 4, max: 4] }; { minecraft:zombie_villager [weight: 5, min: 1, max: 1] }; { ecologics:penguin [weight: 2, min: 4, max: 5] }; { meadow:water_buffalo [weight: 3, min: 2, max: 3] }; { naturalist:coral_snake [weight: 10, min: 1, max: 1] }; { naturalist:duck [weight: 10, min: 1, max: 3] }; { naturalist:snail [weight: 10, min: 1, max: 3] }; { wildernature:pelican [weight: 7, min: 3, max: 5] }; { crittersandcompanions:dragonfly [weight: 7, min: 1, max: 1] }; { minecraft:bat [weight: 10, min: 8, max: 8] }; { minecraft:glow_squid [weight: 10, min: 4, max: 6] }; { crittersandcompanions:otter [weight: 1, min: 3, max: 5] }; { minecraft:squid [weight: 2, min: 1, max: 4] }; { crittersandcompanions:koi_fish [weight: 4, min: 2, max: 5] }; { fetzisasiandeco:koi [weight: 5, min: 2, max: 5] }; { minecraft:salmon [weight: 5, min: 1, max: 5] }; { naturalist:bass [weight: 10, min: 4, max: 4] }; { friendsandfoes:rascal [weight: 4, min: 1, max: 1] }; { untitledduckmod:duck [weight: 6, min: 2, max: 4] }; { untitledduckmod:goose [weight: 4, min: 2, max: 4] }"
86,"still_life:glacial_basin","{ minecraft:enderman [weight: 10, min: 1, max: 4] }; { minecraft:skeleton [weight: 10, min: 4, max: 4] }; { minecraft:slime [weight: 100, min: 4, max: 4] }; { minecraft:spider [weight: 100, min: 4, max: 4] }; { minecraft:stray [weight: 90, min: 4, max: 4] }; { minecraft:witch [weight: 5, min: 1, max: 1] }; { minecraft:zombie [weight: 80, min: 4, max: 4] }; { minecraft:zombie_villager [weight: 5, min: 1, max: 1] }; { minecraft:polar_bear [weight: 1, min: 1, max: 2] }; { minecraft:bat [weight: 10, min: 8, max: 8] }; { minecraft:glow_squid [weight: 10, min: 4, max: 6] }; { friendsandfoes:rascal [weight: 4, min: 1, max: 1] }"
87,"still_life:glowing_caves","{ minecraft:creeper [weight: 100, min: 4, max: 4] }; { minecraft:enderman [weight: 10, min: 1, max: 4] }; { minecraft:skeleton [weight: 100, min: 4, max: 4] }; { minecraft:slime [weight: 100, min: 4, max: 4] }; { minecraft:spider [weight: 100, min: 4, max: 4] }; { minecraft:witch [weight: 5, min: 1, max: 1] }; { minecraft:zombie [weight: 95, min: 4, max: 4] }; { minecraft:zombie_villager [weight: 5, min: 1, max: 1] }; { minecraft:chicken [weight: 10, min: 4, max: 4] }; { minecraft:cow [weight: 8, min: 4, max: 4] }; { minecraft:donkey [weight: 1, min: 1, max: 1] }; { minecraft:horse [weight: 1, min: 2, max: 6] }; { minecraft:pig [weight: 10, min: 4, max: 4] }; { minecraft:sheep [weight: 12, min: 4, max: 4] }; { minecraft:bat [weight: 10, min: 8, max: 8] }; { minecraft:glow_squid [weight: 10, min: 4, max: 6] }; { friendsandfoes:rascal [weight: 4, min: 1, max: 1] }; { hybrid-aquatic:tetra [weight: 3, min: 2, max: 3] }"
88,"betterend:glowing_grasslands","{ endermanoverhaul:end_enderman [weight: 2, min: 1, max: 2] }; { endermanoverhaul:end_islands_enderman [weight: 1, min: 1, max: 1] }; { minecraft:enderman [weight: 50, min: 1, max: 2] }"
89,"still_life:grassland_savanna","{ creeperoverhaul:cave_creeper [weight: 75, min: 2, max: 2] }; { creeperoverhaul:savannah_creeper [weight: 75, min: 2, max: 2] }; { endermanoverhaul:cave_enderman [weight: 2, min: 1, max: 2] }; { endermanoverhaul:savanna_enderman [weight: 10, min: 1, max: 4] }; { minecraft:skeleton [weight: 100, min: 4, max: 4] }; { minecraft:slime [weight: 100, min: 4, max: 4] }; { minecraft:spider [weight: 100, min: 4, max: 4] }; { minecraft:witch [weight: 5, min: 1, max: 1] }; { minecraft:zombie [weight: 95, min: 4, max: 4] }; { minecraft:zombie_villager [weight: 5, min: 1, max: 1] }; { friendsandfoes:mauler [weight: 32, min: 1, max: 1] }; { hybrid-birds:guinea_fowl [weight: 3, min: 1, max: 3] }; { meadow:water_buffalo [weight: 3, min: 2, max: 3] }; { minecraft:donkey [weight: 0, min: 1, max: 1] }; { minecraft:horse [weight: 1, min: 2, max: 6] }; { naturalist:boar [weight: 10, min: 4, max: 4] }; { naturalist:cardinal [weight: 10, min: 1, max: 4] }; { naturalist:elephant [weight: 5, min: 2, max: 3] }; { naturalist:finch [weight: 10, min: 1, max: 4] }; { naturalist:giraffe [weight: 5, min: 2, max: 4] }; { naturalist:hippo [weight: 10, min: 3, max: 4] }; { naturalist:lion [weight: 3, min: 3, max: 5] }; { naturalist:lizard [weight: 10, min: 1, max: 2] }; { naturalist:rattlesnake [weight: 10, min: 1, max: 1] }; { naturalist:rhino [weight: 1, min: 1, max: 3] }; { naturalist:snail [weight: 10, min: 1, max: 3] }; { naturalist:snake [weight: 10, min: 1, max: 1] }; { naturalist:vulture [weight: 3, min: 2, max: 4] }; { naturalist:zebra [weight: 1, min: 2, max: 3] }; { wildernature:bison [weight: 14, min: 3, max: 6] }; { wildernature:boar [weight: 14, min: 4, max: 5] }; { wildernature:cassowary [weight: 7, min: 3, max: 5] }; { minecraft:bat [weight: 10, min: 8, max: 8] }; { minecraft:glow_squid [weight: 10, min: 4, max: 6] }; { friendsandfoes:rascal [weight: 4, min: 1, max: 1] }"
90,"betternether:gravel_desert","{ betternether:jungle_skeleton [weight: 0, min: 2, max: 4] }; { betternether:naga [weight: 20, min: 3, max: 5] }; { betternether:skull [weight: 2, min: 2, max: 4] }; { minecraft:enderman [weight: 1, min: 4, max: 4] }; { minecraft:ghast [weight: 50, min: 4, max: 4] }; { minecraft:hoglin [weight: 0, min: 1, max: 2] }; { minecraft:magma_cube [weight: 2, min: 4, max: 4] }; { minecraft:piglin [weight: 15, min: 4, max: 4] }; { minecraft:piglin_brute [weight: 0, min: 1, max: 1] }; { minecraft:zombified_piglin [weight: 100, min: 4, max: 4] }; { minecraft:strider [weight: 60, min: 1, max: 2] }; { betternether:firefly [weight: 5, min: 1, max: 3] }; { betternether:flying_pig [weight: 0, min: 2, max: 4] }; { betternether:hydrogen_jellyfish [weight: 5, min: 2, max: 6] }"
91,"minecraft:grove","{ creeperoverhaul:cave_creeper [weight: 75, min: 2, max: 2] }; { creeperoverhaul:snowy_creeper [weight: 75, min: 2, max: 2] }; { minecraft:enderman [weight: 10, min: 1, max: 4] }; { minecraft:skeleton [weight: 100, min: 4, max: 4] }; { minecraft:slime [weight: 100, min: 4, max: 4] }; { minecraft:spider [weight: 100, min: 4, max: 4] }; { minecraft:witch [weight: 5, min: 1, max: 1] }; { minecraft:zombie [weight: 95, min: 4, max: 4] }; { minecraft:zombie_villager [weight: 5, min: 1, max: 1] }; { crittersandcompanions:ferret [weight: 4, min: 2, max: 3] }; { crittersandcompanions:jumping_spider [weight: 2, min: 1, max: 1] }; { meadow:wooly_sheep [weight: 10, min: 2, max: 3] }; { minecraft:cow [weight: 8, min: 4, max: 4] }; { minecraft:fox [weight: 10, min: 2, max: 4] }; { minecraft:fox [weight: 8, min: 2, max: 4] }; { minecraft:rabbit [weight: 10, min: 2, max: 3] }; { minecraft:rabbit [weight: 4, min: 2, max: 3] }; { minecraft:sheep [weight: 12, min: 4, max: 4] }; { minecraft:wolf [weight: 8, min: 4, max: 4] }; { naturalist:bear [weight: 10, min: 1, max: 2] }; { naturalist:boar [weight: 10, min: 4, max: 4] }; { naturalist:cardinal [weight: 10, min: 1, max: 4] }; { naturalist:deer [weight: 10, min: 1, max: 3] }; { naturalist:finch [weight: 10, min: 1, max: 4] }; { naturalist:lizard [weight: 10, min: 1, max: 2] }; { naturalist:robin [weight: 10, min: 1, max: 4] }; { naturalist:snail [weight: 10, min: 1, max: 3] }; { naturalist:snake [weight: 10, min: 1, max: 1] }; { wildernature:boar [weight: 14, min: 4, max: 5] }; { wildernature:deer [weight: 13, min: 2, max: 4] }; { wildernature:hedgehog [weight: 13, min: 1, max: 3] }; { wildernature:owl [weight: 12, min: 2, max: 3] }; { wildernature:turkey [weight: 12, min: 3, max: 5] }; { crittersandcompanions:leaf_insect [weight: 14, min: 1, max: 1] }; { minecraft:bat [weight: 10, min: 8, max: 8] }; { naturalist:butterfly [weight: 10, min: 3, max: 5] }; { naturalist:firefly [weight: 10, min: 2, max: 3] }; { minecraft:glow_squid [weight: 10, min: 4, max: 6] }; { friendsandfoes:rascal [weight: 4, min: 1, max: 1] }"
92,"still_life:haunted_depths","{ minecraft:enderman [weight: 20, min: 1, max: 4] }; { minecraft:skeleton [weight: 200, min: 4, max: 4] }; { minecraft:slime [weight: 100, min: 4, max: 4] }; { minecraft:witch [weight: 5, min: 1, max: 1] }; { minecraft:wither_skeleton [weight: 150, min: 4, max: 4] }; { minecraft:chicken [weight: 10, min: 4, max: 4] }; { minecraft:cow [weight: 8, min: 4, max: 4] }; { minecraft:donkey [weight: 1, min: 1, max: 1] }; { minecraft:horse [weight: 1, min: 2, max: 6] }; { minecraft:pig [weight: 10, min: 4, max: 4] }; { minecraft:sheep [weight: 12, min: 4, max: 4] }; { minecraft:bat [weight: 1, min: 8, max: 8] }; { friendsandfoes:rascal [weight: 4, min: 1, max: 1] }"
93,"still_life:humid_savanna","{ creeperoverhaul:bamboo_creeper [weight: 75, min: 2, max: 2] }; { creeperoverhaul:cave_creeper [weight: 75, min: 2, max: 2] }; { creeperoverhaul:cave_creeper [weight: 75, min: 2, max: 2] }; { creeperoverhaul:jungle_creeper [weight: 75, min: 2, max: 2] }; { creeperoverhaul:savannah_creeper [weight: 75, min: 2, max: 2] }; { endermanoverhaul:cave_enderman [weight: 2, min: 1, max: 2] }; { endermanoverhaul:savanna_enderman [weight: 10, min: 1, max: 4] }; { minecraft:skeleton [weight: 100, min: 4, max: 4] }; { minecraft:slime [weight: 100, min: 4, max: 4] }; { minecraft:spider [weight: 100, min: 4, max: 4] }; { minecraft:witch [weight: 5, min: 1, max: 1] }; { minecraft:zombie [weight: 95, min: 4, max: 4] }; { minecraft:zombie_villager [weight: 5, min: 1, max: 1] }; { crittersandcompanions:jumping_spider [weight: 2, min: 1, max: 1] }; { crittersandcompanions:red_panda [weight: 8, min: 1, max: 2] }; { friendsandfoes:mauler [weight: 32, min: 1, max: 1] }; { hybrid-birds:guinea_fowl [weight: 3, min: 1, max: 3] }; { hybrid-birds:peacock [weight: 2, min: 1, max: 2] }; { meadow:water_buffalo [weight: 3, min: 2, max: 3] }; { minecraft:frog [weight: 8, min: 3, max: 4] }; { naturalist:boar [weight: 10, min: 4, max: 4] }; { naturalist:cardinal [weight: 10, min: 1, max: 4] }; { naturalist:coral_snake [weight: 10, min: 1, max: 1] }; { naturalist:elephant [weight: 5, min: 2, max: 3] }; { naturalist:finch [weight: 10, min: 1, max: 4] }; { naturalist:giraffe [weight: 5, min: 2, max: 4] }; { naturalist:hippo [weight: 10, min: 3, max: 4] }; { naturalist:lion [weight: 3, min: 3, max: 5] }; { naturalist:lizard [weight: 10, min: 1, max: 2] }; { naturalist:rattlesnake [weight: 10, min: 1, max: 1] }; { naturalist:rhino [weight: 1, min: 1, max: 3] }; { naturalist:snail [weight: 10, min: 1, max: 3] }; { naturalist:snake [weight: 10, min: 1, max: 1] }; { naturalist:tortoise [weight: 10, min: 1, max: 3] }; { naturalist:vulture [weight: 3, min: 2, max: 4] }; { naturalist:zebra [weight: 1, min: 2, max: 3] }; { wildernature:bison [weight: 14, min: 3, max: 6] }; { wildernature:boar [weight: 14, min: 4, max: 5] }; { wildernature:cassowary [weight: 7, min: 3, max: 5] }; { crittersandcompanions:leaf_insect [weight: 14, min: 1, max: 1] }; { minecraft:bat [weight: 10, min: 8, max: 8] }; { minecraft:glow_squid [weight: 10, min: 4, max: 6] }; { friendsandfoes:rascal [weight: 4, min: 1, max: 1] }; { hybrid-aquatic:african_butterflyfish [weight: 2, min: 1, max: 1] }; { hybrid-aquatic:danio [weight: 3, min: 2, max: 3] }; { hybrid-aquatic:discus [weight: 1, min: 1, max: 1] }; { hybrid-aquatic:golden_dorado [weight: 1, min: 1, max: 1] }; { hybrid-aquatic:gourami [weight: 1, min: 1, max: 1] }; { hybrid-aquatic:oscar [weight: 1, min: 1, max: 1] }; { hybrid-aquatic:piranha [weight: 2, min: 4, max: 8] }; { hybrid-aquatic:pleco [weight: 1, min: 1, max: 2] }; { hybrid-aquatic:tetra [weight: 3, min: 2, max: 3] }; { hybrid-aquatic:tiger_barb [weight: 3, min: 2, max: 3] }; { hybrid-aquatic:vampire_crab [weight: 1, min: 1, max: 2] }"
94,"minecraft:ice_spikes","{ creeperoverhaul:cave_creeper [weight: 75, min: 2, max: 2] }; { creeperoverhaul:snowy_creeper [weight: 75, min: 2, max: 2] }; { endermanoverhaul:cave_enderman [weight: 2, min: 1, max: 2] }; { endermanoverhaul:ice_spikes_enderman [weight: 10, min: 1, max: 4] }; { minecraft:skeleton [weight: 20, min: 4, max: 4] }; { minecraft:slime [weight: 100, min: 4, max: 4] }; { minecraft:spider [weight: 100, min: 4, max: 4] }; { minecraft:stray [weight: 80, min: 4, max: 4] }; { minecraft:witch [weight: 5, min: 1, max: 1] }; { minecraft:zombie [weight: 95, min: 4, max: 4] }; { minecraft:zombie_villager [weight: 5, min: 1, max: 1] }; { minecraft:polar_bear [weight: 1, min: 1, max: 2] }; { minecraft:rabbit [weight: 10, min: 2, max: 3] }; { naturalist:bluejay [weight: 10, min: 1, max: 4] }; { wildernature:penguin [weight: 11, min: 4, max: 6] }; { minecraft:bat [weight: 10, min: 8, max: 8] }; { minecraft:glow_squid [weight: 10, min: 4, max: 6] }; { friendsandfoes:rascal [weight: 4, min: 1, max: 1] }"
95,"betterend:ice_starfield","{ endermanoverhaul:end_enderman [weight: 2, min: 1, max: 2] }; { minecraft:enderman [weight: 20, min: 1, max: 4] }"
96,"incendium:infernal_dunes","{ betternether:naga [weight: 8, min: 3, max: 5] }; { minecraft:blaze [weight: 20, min: 2, max: 5] }; { minecraft:magma_cube [weight: 5, min: 1, max: 3] }; { minecraft:strider [weight: 60, min: 1, max: 2] }; { betternether:firefly [weight: 5, min: 1, max: 3] }; { betternether:hydrogen_jellyfish [weight: 5, min: 2, max: 6] }"
97,"still_life:infested_tunnels","{ minecraft:cave_spider [weight: 100, min: 4, max: 7] }; { minecraft:creeper [weight: 10, min: 4, max: 4] }; { minecraft:enderman [weight: 10, min: 1, max: 4] }; { minecraft:skeleton [weight: 100, min: 4, max: 4] }; { minecraft:slime [weight: 100, min: 4, max: 4] }; { minecraft:spider [weight: 200, min: 4, max: 7] }; { minecraft:witch [weight: 10, min: 1, max: 1] }; { minecraft:zombie [weight: 50, min: 4, max: 4] }; { minecraft:zombie_villager [weight: 5, min: 1, max: 1] }; { minecraft:chicken [weight: 10, min: 4, max: 4] }; { minecraft:cow [weight: 8, min: 4, max: 4] }; { minecraft:donkey [weight: 1, min: 1, max: 1] }; { minecraft:horse [weight: 1, min: 2, max: 6] }; { minecraft:pig [weight: 10, min: 4, max: 4] }; { minecraft:sheep [weight: 12, min: 4, max: 4] }; { minecraft:bat [weight: 10, min: 8, max: 8] }; { minecraft:glow_squid [weight: 10, min: 4, max: 6] }; { friendsandfoes:rascal [weight: 4, min: 1, max: 1] }"
98,"incendium:inverted_forest","{ betternether:naga [weight: 8, min: 3, max: 5] }; { minecraft:enderman [weight: 1, min: 4, max: 4] }; { minecraft:strider [weight: 60, min: 1, max: 2] }; { betternether:firefly [weight: 5, min: 1, max: 3] }; { betternether:hydrogen_jellyfish [weight: 5, min: 2, max: 6] }"
99,"betterend:jade_cave","{ endermanoverhaul:end_enderman [weight: 2, min: 1, max: 2] }"
100,"minecraft:jagged_peaks","{ creeperoverhaul:cave_creeper [weight: 75, min: 2, max: 2] }; { creeperoverhaul:cave_creeper [weight: 75, min: 2, max: 2] }; { creeperoverhaul:snowy_creeper [weight: 75, min: 2, max: 2] }; { minecraft:enderman [weight: 10, min: 1, max: 4] }; { minecraft:skeleton [weight: 100, min: 4, max: 4] }; { minecraft:slime [weight: 100, min: 4, max: 4] }; { minecraft:spider [weight: 100, min: 4, max: 4] }; { minecraft:witch [weight: 5, min: 1, max: 1] }; { minecraft:zombie [weight: 95, min: 4, max: 4] }; { minecraft:zombie_villager [weight: 5, min: 1, max: 1] }; { meadow:wooly_sheep [weight: 10, min: 2, max: 3] }; { minecraft:goat [weight: 5, min: 1, max: 3] }; { minecraft:sheep [weight: 6, min: 2, max: 3] }; { naturalist:bear [weight: 10, min: 1, max: 2] }; { naturalist:canary [weight: 10, min: 1, max: 4] }; { naturalist:robin [weight: 10, min: 1, max: 4] }; { naturalist:snail [weight: 10, min: 1, max: 3] }; { wildernature:minisheep [weight: 13, min: 3, max: 6] }; { minecraft:bat [weight: 10, min: 8, max: 8] }; { minecraft:glow_squid [weight: 10, min: 4, max: 6] }; { friendsandfoes:rascal [weight: 4, min: 1, max: 1] }"
101,"minecraft:jungle","{ creeperoverhaul:bamboo_creeper [weight: 75, min: 2, max: 2] }; { creeperoverhaul:cave_creeper [weight: 75, min: 2, max: 2] }; { creeperoverhaul:jungle_creeper [weight: 75, min: 2, max: 2] }; { minecraft:enderman [weight: 10, min: 1, max: 4] }; { minecraft:ocelot [weight: 2, min: 1, max: 3] }; { minecraft:skeleton [weight: 100, min: 4, max: 4] }; { minecraft:slime [weight: 100, min: 4, max: 4] }; { minecraft:spider [weight: 100, min: 4, max: 4] }; { minecraft:witch [weight: 5, min: 1, max: 1] }; { minecraft:zombie [weight: 95, min: 4, max: 4] }; { minecraft:zombie_villager [weight: 5, min: 1, max: 1] }; { crittersandcompanions:jumping_spider [weight: 2, min: 1, max: 1] }; { crittersandcompanions:red_panda [weight: 8, min: 1, max: 2] }; { hybrid-birds:peacock [weight: 2, min: 1, max: 2] }; { minecraft:frog [weight: 8, min: 3, max: 4] }; { minecraft:panda [weight: 1, min: 1, max: 2] }; { minecraft:parrot [weight: 40, min: 1, max: 2] }; { minecraft:sheep [weight: 12, min: 4, max: 4] }; { naturalist:coral_snake [weight: 10, min: 1, max: 1] }; { naturalist:elephant [weight: 5, min: 2, max: 3] }; { naturalist:hippo [weight: 10, min: 3, max: 4] }; { naturalist:lizard [weight: 10, min: 1, max: 2] }; { naturalist:snail [weight: 10, min: 1, max: 3] }; { naturalist:snake [weight: 10, min: 1, max: 1] }; { naturalist:tortoise [weight: 10, min: 1, max: 3] }; { wildernature:cassowary [weight: 7, min: 3, max: 5] }; { crittersandcompanions:leaf_insect [weight: 14, min: 1, max: 1] }; { minecraft:bat [weight: 10, min: 8, max: 8] }; { minecraft:glow_squid [weight: 10, min: 4, max: 6] }; { friendsandfoes:rascal [weight: 4, min: 1, max: 1] }; { hybrid-aquatic:african_butterflyfish [weight: 2, min: 1, max: 1] }; { hybrid-aquatic:danio [weight: 3, min: 2, max: 3] }; { hybrid-aquatic:discus [weight: 1, min: 1, max: 1] }; { hybrid-aquatic:golden_dorado [weight: 1, min: 1, max: 1] }; { hybrid-aquatic:gourami [weight: 1, min: 1, max: 1] }; { hybrid-aquatic:oscar [weight: 1, min: 1, max: 1] }; { hybrid-aquatic:piranha [weight: 2, min: 4, max: 8] }; { hybrid-aquatic:pleco [weight: 1, min: 1, max: 2] }; { hybrid-aquatic:tetra [weight: 3, min: 2, max: 3] }; { hybrid-aquatic:tiger_barb [weight: 3, min: 2, max: 3] }; { hybrid-aquatic:vampire_crab [weight: 1, min: 1, max: 2] }"
102,"betterend:lantern_woods","{ endermanoverhaul:end_enderman [weight: 2, min: 1, max: 2] }; { endermanoverhaul:end_islands_enderman [weight: 1, min: 1, max: 1] }; { minecraft:enderman [weight: 50, min: 1, max: 2] }"
103,"still_life:larch_woodlands","{ creeperoverhaul:cave_creeper [weight: 75, min: 2, max: 2] }; { creeperoverhaul:cave_creeper [weight: 75, min: 2, max: 2] }; { creeperoverhaul:hills_creeper [weight: 75, min: 2, max: 2] }; { creeperoverhaul:spruce_creeper [weight: 75, min: 2, max: 2] }; { minecraft:enderman [weight: 10, min: 1, max: 4] }; { minecraft:skeleton [weight: 100, min: 4, max: 4] }; { minecraft:slime [weight: 100, min: 4, max: 4] }; { minecraft:spider [weight: 100, min: 4, max: 4] }; { minecraft:witch [weight: 5, min: 1, max: 1] }; { minecraft:zombie [weight: 95, min: 4, max: 4] }; { minecraft:zombie_villager [weight: 5, min: 1, max: 1] }; { crittersandcompanions:ferret [weight: 4, min: 2, max: 3] }; { crittersandcompanions:jumping_spider [weight: 2, min: 1, max: 1] }; { meadow:wooly_sheep [weight: 10, min: 2, max: 3] }; { minecraft:cow [weight: 0, min: 4, max: 4] }; { minecraft:donkey [weight: 0, min: 1, max: 1] }; { minecraft:fox [weight: 1, min: 1, max: 2] }; { minecraft:fox [weight: 10, min: 2, max: 4] }; { minecraft:horse [weight: 0, min: 2, max: 6] }; { minecraft:rabbit [weight: 10, min: 2, max: 3] }; { minecraft:sheep [weight: 0, min: 4, max: 4] }; { minecraft:wolf [weight: 1, min: 3, max: 4] }; { naturalist:bear [weight: 10, min: 1, max: 2] }; { naturalist:bluejay [weight: 10, min: 1, max: 4] }; { naturalist:boar [weight: 10, min: 4, max: 4] }; { naturalist:canary [weight: 10, min: 1, max: 4] }; { naturalist:cardinal [weight: 10, min: 1, max: 4] }; { naturalist:deer [weight: 10, min: 1, max: 3] }; { naturalist:finch [weight: 10, min: 1, max: 4] }; { naturalist:lizard [weight: 10, min: 1, max: 2] }; { naturalist:robin [weight: 10, min: 1, max: 4] }; { naturalist:snail [weight: 10, min: 1, max: 3] }; { naturalist:snake [weight: 10, min: 1, max: 1] }; { wildernature:boar [weight: 14, min: 4, max: 5] }; { wildernature:deer [weight: 13, min: 2, max: 4] }; { wildernature:hedgehog [weight: 13, min: 1, max: 3] }; { wildernature:owl [weight: 12, min: 2, max: 3] }; { wildernature:turkey [weight: 12, min: 3, max: 5] }; { crittersandcompanions:leaf_insect [weight: 14, min: 1, max: 1] }; { minecraft:bat [weight: 10, min: 8, max: 8] }; { naturalist:butterfly [weight: 10, min: 3, max: 5] }; { naturalist:firefly [weight: 10, min: 2, max: 3] }; { minecraft:glow_squid [weight: 10, min: 4, max: 6] }; { friendsandfoes:rascal [weight: 4, min: 1, max: 1] }"
104,"galosphere:lichen_caves","{ minecraft:creeper [weight: 100, min: 4, max: 4] }; { minecraft:enderman [weight: 10, min: 1, max: 4] }; { minecraft:skeleton [weight: 100, min: 4, max: 4] }; { minecraft:slime [weight: 100, min: 4, max: 4] }; { minecraft:spider [weight: 100, min: 4, max: 4] }; { minecraft:witch [weight: 5, min: 1, max: 1] }; { minecraft:zombie [weight: 95, min: 4, max: 4] }; { minecraft:zombie_villager [weight: 5, min: 1, max: 1] }; { galosphere:spectre [weight: 20, min: 8, max: 8] }; { minecraft:bat [weight: 10, min: 8, max: 8] }; { minecraft:glow_squid [weight: 10, min: 4, max: 6] }; { friendsandfoes:rascal [weight: 4, min: 1, max: 1] }"
105,"minecraft:lukewarm_ocean","{ creeperoverhaul:cave_creeper [weight: 75, min: 2, max: 2] }; { creeperoverhaul:ocean_creeper [weight: 2, min: 1, max: 1] }; { minecraft:drowned [weight: 5, min: 1, max: 1] }; { minecraft:enderman [weight: 10, min: 1, max: 4] }; { minecraft:skeleton [weight: 100, min: 4, max: 4] }; { minecraft:slime [weight: 100, min: 4, max: 4] }; { minecraft:spider [weight: 100, min: 4, max: 4] }; { minecraft:witch [weight: 5, min: 1, max: 1] }; { minecraft:zombie [weight: 95, min: 4, max: 4] }; { minecraft:zombie_villager [weight: 5, min: 1, max: 1] }; { minecraft:bat [weight: 10, min: 8, max: 8] }; { minecraft:glow_squid [weight: 10, min: 4, max: 6] }; { minecraft:dolphin [weight: 2, min: 1, max: 2] }; { minecraft:squid [weight: 10, min: 1, max: 2] }; { crittersandcompanions:dumbo_octopus [weight: 6, min: 1, max: 1] }; { crittersandcompanions:sea_bunny [weight: 16, min: 1, max: 4] }; { minecraft:cod [weight: 15, min: 3, max: 6] }; { minecraft:pufferfish [weight: 5, min: 1, max: 3] }; { minecraft:tropical_fish [weight: 25, min: 8, max: 8] }; { friendsandfoes:rascal [weight: 4, min: 1, max: 1] }; { hybrid-aquatic:barracuda [weight: 3, min: 1, max: 1] }; { hybrid-aquatic:damselfish [weight: 5, min: 4, max: 12] }; { hybrid-aquatic:flashlight_fish [weight: 5, min: 4, max: 12] }; { hybrid-aquatic:flying_fish [weight: 5, min: 4, max: 12] }; { hybrid-aquatic:needlefish [weight: 4, min: 1, max: 4] }; { hybrid-aquatic:rockfish [weight: 3, min: 1, max: 4] }; { hybrid-aquatic:sea_bass [weight: 3, min: 1, max: 3] }; { hybrid-aquatic:squirrelfish [weight: 5, min: 4, max: 12] }; { hybrid-aquatic:stingray [weight: 2, min: 1, max: 2] }; { hybrid-aquatic:firefly_squid [weight: 3, min: 1, max: 2] }; { hybrid-aquatic:nautilus [weight: 3, min: 1, max: 1] }; { hybrid-aquatic:octopus [weight: 3, min: 1, max: 1] }; { hybrid-aquatic:umbrella_octopus [weight: 3, min: 1, max: 1] }; { hybrid-aquatic:vampire_squid [weight: 3, min: 1, max: 1] }; { hybrid-aquatic:vampire_squid [weight: 3, min: 1, max: 1] }; { hybrid-aquatic:barrel_jellyfish [weight: 3, min: 1, max: 2] }; { hybrid-aquatic:box_jellyfish [weight: 1, min: 1, max: 1] }; { hybrid-aquatic:cepheidae_jellyfish [weight: 3, min: 1, max: 2] }; { hybrid-aquatic:moon_jellyfish [weight: 5, min: 2, max: 5] }; { hybrid-aquatic:sea_nettle [weight: 3, min: 1, max: 4] }; { hybrid-aquatic:hammerhead_shark [weight: 3, min: 1, max: 2] }; { hybrid-aquatic:hound_shark [weight: 3, min: 1, max: 2] }; { hybrid-aquatic:tiger_shark [weight: 2, min: 1, max: 1] }; { hybrid-aquatic:flower_crab [weight: 3, min: 1, max: 2] }; { hybrid-aquatic:hermit_crab [weight: 1, min: 1, max: 2] }; { hybrid-aquatic:horseshoe_crab [weight: 3, min: 1, max: 2] }; { hybrid-aquatic:lobster [weight: 2, min: 1, max: 2] }; { hybrid-aquatic:sea_cucumber [weight: 3, min: 1, max: 2] }; { hybrid-aquatic:sea_slug [weight: 1, min: 0, max: 2] }; { hybrid-aquatic:sea_urchin [weight: 3, min: 0, max: 2] }; { hybrid-aquatic:starfish [weight: 2, min: 0, max: 2] }"
106,"betterend:lush_aurora_cave","{ endermanoverhaul:end_enderman [weight: 2, min: 1, max: 2] }"
107,"minecraft:lush_caves","{ creeperoverhaul:cave_creeper [weight: 75, min: 2, max: 2] }; { creeperoverhaul:dripstone_creeper [weight: 75, min: 2, max: 2] }; { endermanoverhaul:cave_enderman [weight: 2, min: 1, max: 2] }; { minecraft:skeleton [weight: 100, min: 4, max: 4] }; { minecraft:slime [weight: 100, min: 4, max: 4] }; { minecraft:spider [weight: 100, min: 4, max: 4] }; { minecraft:witch [weight: 5, min: 1, max: 1] }; { minecraft:zombie [weight: 95, min: 4, max: 4] }; { minecraft:zombie_villager [weight: 5, min: 1, max: 1] }; { crittersandcompanions:jumping_spider [weight: 2, min: 1, max: 1] }; { naturalist:snail [weight: 10, min: 1, max: 3] }; { minecraft:bat [weight: 10, min: 8, max: 8] }; { minecraft:axolotl [weight: 10, min: 4, max: 6] }; { minecraft:glow_squid [weight: 10, min: 4, max: 6] }; { minecraft:tropical_fish [weight: 25, min: 8, max: 8] }; { friendsandfoes:glare [weight: 4, min: 1, max: 1] }; { friendsandfoes:rascal [weight: 4, min: 1, max: 1] }; { hybrid-aquatic:tetra [weight: 3, min: 2, max: 3] }"
108,"betterend:lush_smaragdant_cave","{ endermanoverhaul:end_enderman [weight: 2, min: 1, max: 2] }"
109,"still_life:lush_tundra","{ endermanoverhaul:cave_enderman [weight: 2, min: 1, max: 2] }; { endermanoverhaul:snowy_enderman [weight: 10, min: 1, max: 4] }; { minecraft:creeper [weight: 100, min: 4, max: 4] }; { minecraft:skeleton [weight: 100, min: 4, max: 4] }; { minecraft:slime [weight: 100, min: 4, max: 4] }; { minecraft:spider [weight: 100, min: 4, max: 4] }; { minecraft:witch [weight: 5, min: 1, max: 1] }; { minecraft:zombie [weight: 95, min: 4, max: 4] }; { minecraft:zombie_villager [weight: 5, min: 1, max: 1] }; { minecraft:chicken [weight: 0, min: 4, max: 4] }; { minecraft:cow [weight: 1, min: 2, max: 4] }; { minecraft:donkey [weight: 0, min: 1, max: 1] }; { minecraft:fox [weight: 1, min: 1, max: 1] }; { minecraft:horse [weight: 0, min: 2, max: 6] }; { minecraft:pig [weight: 0, min: 4, max: 4] }; { minecraft:rabbit [weight: 1, min: 1, max: 2] }; { minecraft:sheep [weight: 1, min: 4, max: 4] }; { minecraft:bat [weight: 10, min: 8, max: 8] }; { minecraft:glow_squid [weight: 10, min: 4, max: 6] }; { friendsandfoes:rascal [weight: 4, min: 1, max: 1] }"
110,"betternether:magma_land","{ betternether:jungle_skeleton [weight: 0, min: 2, max: 4] }; { betternether:naga [weight: 8, min: 3, max: 5] }; { betternether:skull [weight: 2, min: 2, max: 4] }; { minecraft:enderman [weight: 1, min: 4, max: 4] }; { minecraft:ghast [weight: 50, min: 4, max: 4] }; { minecraft:hoglin [weight: 0, min: 1, max: 2] }; { minecraft:magma_cube [weight: 2, min: 4, max: 4] }; { minecraft:piglin [weight: 15, min: 4, max: 4] }; { minecraft:piglin_brute [weight: 0, min: 1, max: 1] }; { minecraft:zombified_piglin [weight: 100, min: 4, max: 4] }; { minecraft:strider [weight: 60, min: 1, max: 2] }; { betternether:firefly [weight: 5, min: 1, max: 3] }; { betternether:flying_pig [weight: 0, min: 2, max: 4] }; { betternether:hydrogen_jellyfish [weight: 5, min: 2, max: 6] }"
111,"still_life:mangrove_marsh","{ creeperoverhaul:cave_creeper [weight: 75, min: 2, max: 2] }; { creeperoverhaul:swamp_creeper [weight: 75, min: 2, max: 2] }; { endermanoverhaul:cave_enderman [weight: 2, min: 1, max: 2] }; { endermanoverhaul:swamp_enderman [weight: 10, min: 1, max: 4] }; { minecraft:skeleton [weight: 100, min: 4, max: 4] }; { minecraft:slime [weight: 1, min: 1, max: 1] }; { minecraft:slime [weight: 100, min: 4, max: 4] }; { minecraft:spider [weight: 100, min: 4, max: 4] }; { minecraft:witch [weight: 5, min: 1, max: 1] }; { minecraft:zombie [weight: 95, min: 4, max: 4] }; { minecraft:zombie_villager [weight: 5, min: 1, max: 1] }; { minecraft:frog [weight: 10, min: 2, max: 5] }; { naturalist:alligator [weight: 10, min: 1, max: 2] }; { naturalist:cardinal [weight: 10, min: 1, max: 4] }; { naturalist:duck [weight: 10, min: 1, max: 3] }; { naturalist:lizard [weight: 10, min: 1, max: 2] }; { naturalist:snail [weight: 10, min: 1, max: 3] }; { naturalist:snake [weight: 10, min: 1, max: 1] }; { naturalist:tortoise [weight: 10, min: 1, max: 3] }; { minecraft:bat [weight: 10, min: 8, max: 8] }; { naturalist:butterfly [weight: 10, min: 3, max: 5] }; { naturalist:dragonfly [weight: 10, min: 2, max: 3] }; { naturalist:firefly [weight: 10, min: 2, max: 3] }; { minecraft:glow_squid [weight: 10, min: 4, max: 6] }; { minecraft:tropical_fish [weight: 25, min: 8, max: 8] }; { naturalist:bass [weight: 10, min: 4, max: 4] }; { naturalist:catfish [weight: 10, min: 1, max: 1] }; { friendsandfoes:rascal [weight: 4, min: 1, max: 1] }; { hybrid-aquatic:african_butterflyfish [weight: 2, min: 1, max: 1] }; { hybrid-aquatic:betta [weight: 1, min: 1, max: 1] }; { hybrid-aquatic:danio [weight: 3, min: 2, max: 3] }; { hybrid-aquatic:discus [weight: 1, min: 1, max: 1] }; { hybrid-aquatic:gourami [weight: 1, min: 1, max: 1] }; { hybrid-aquatic:oscar [weight: 1, min: 1, max: 1] }; { hybrid-aquatic:pleco [weight: 1, min: 1, max: 2] }; { hybrid-aquatic:tetra [weight: 3, min: 2, max: 3] }; { hybrid-aquatic:tiger_barb [weight: 3, min: 2, max: 3] }; { hybrid-aquatic:box_jellyfish [weight: 1, min: 1, max: 1] }; { hybrid-aquatic:fiddler_crab [weight: 3, min: 1, max: 2] }; { hybrid-aquatic:flower_crab [weight: 3, min: 1, max: 2] }; { untitledduckmod:duck [weight: 6, min: 2, max: 4] }"
112,"minecraft:mangrove_swamp","{ creeperoverhaul:cave_creeper [weight: 75, min: 2, max: 2] }; { creeperoverhaul:swamp_creeper [weight: 75, min: 2, max: 2] }; { endermanoverhaul:cave_enderman [weight: 2, min: 1, max: 2] }; { endermanoverhaul:swamp_enderman [weight: 10, min: 1, max: 4] }; { minecraft:skeleton [weight: 100, min: 4, max: 4] }; { minecraft:slime [weight: 1, min: 1, max: 1] }; { minecraft:slime [weight: 100, min: 4, max: 4] }; { minecraft:spider [weight: 100, min: 4, max: 4] }; { minecraft:witch [weight: 5, min: 1, max: 1] }; { minecraft:zombie [weight: 95, min: 4, max: 4] }; { minecraft:zombie_villager [weight: 5, min: 1, max: 1] }; { friendsandfoes:crab [weight: 14, min: 2, max: 4] }; { minecraft:frog [weight: 10, min: 2, max: 5] }; { naturalist:alligator [weight: 10, min: 1, max: 2] }; { naturalist:cardinal [weight: 10, min: 1, max: 4] }; { naturalist:duck [weight: 10, min: 1, max: 3] }; { naturalist:lizard [weight: 10, min: 1, max: 2] }; { naturalist:snail [weight: 10, min: 1, max: 3] }; { naturalist:snake [weight: 10, min: 1, max: 1] }; { naturalist:tortoise [weight: 10, min: 1, max: 3] }; { minecraft:bat [weight: 10, min: 8, max: 8] }; { naturalist:butterfly [weight: 10, min: 3, max: 5] }; { naturalist:dragonfly [weight: 10, min: 2, max: 3] }; { naturalist:firefly [weight: 10, min: 2, max: 3] }; { minecraft:glow_squid [weight: 10, min: 4, max: 6] }; { fetzisasiandeco:koi [weight: 5, min: 2, max: 5] }; { minecraft:tropical_fish [weight: 25, min: 8, max: 8] }; { naturalist:bass [weight: 10, min: 4, max: 4] }; { naturalist:catfish [weight: 10, min: 1, max: 1] }; { friendsandfoes:rascal [weight: 4, min: 1, max: 1] }; { hybrid-aquatic:african_butterflyfish [weight: 2, min: 1, max: 1] }; { hybrid-aquatic:betta [weight: 1, min: 1, max: 1] }; { hybrid-aquatic:danio [weight: 3, min: 2, max: 3] }; { hybrid-aquatic:discus [weight: 1, min: 1, max: 1] }; { hybrid-aquatic:gourami [weight: 1, min: 1, max: 1] }; { hybrid-aquatic:oscar [weight: 1, min: 1, max: 1] }; { hybrid-aquatic:pleco [weight: 1, min: 1, max: 2] }; { hybrid-aquatic:tetra [weight: 3, min: 2, max: 3] }; { hybrid-aquatic:tiger_barb [weight: 3, min: 2, max: 3] }; { hybrid-aquatic:box_jellyfish [weight: 1, min: 1, max: 1] }; { hybrid-aquatic:fiddler_crab [weight: 3, min: 1, max: 2] }; { hybrid-aquatic:flower_crab [weight: 3, min: 1, max: 2] }; { untitledduckmod:duck [weight: 6, min: 2, max: 4] }"
113,"minecraft:meadow","{ creeperoverhaul:cave_creeper [weight: 75, min: 2, max: 2] }; { creeperoverhaul:hills_creeper [weight: 75, min: 2, max: 2] }; { endermanoverhaul:cave_enderman [weight: 2, min: 1, max: 2] }; { endermanoverhaul:flower_fields_enderman [weight: 5, min: 1, max: 2] }; { minecraft:skeleton [weight: 100, min: 4, max: 4] }; { minecraft:slime [weight: 100, min: 4, max: 4] }; { minecraft:spider [weight: 100, min: 4, max: 4] }; { minecraft:witch [weight: 5, min: 1, max: 1] }; { minecraft:zombie [weight: 95, min: 4, max: 4] }; { minecraft:zombie_villager [weight: 5, min: 1, max: 1] }; { friendsandfoes:moobloom [weight: 4, min: 2, max: 4] }; { meadow:wooly_cow [weight: 10, min: 2, max: 3] }; { meadow:wooly_sheep [weight: 10, min: 2, max: 3] }; { minecraft:cow [weight: 6, min: 2, max: 3] }; { minecraft:donkey [weight: 1, min: 1, max: 2] }; { minecraft:rabbit [weight: 2, min: 2, max: 6] }; { minecraft:sheep [weight: 2, min: 2, max: 4] }; { naturalist:bear [weight: 10, min: 1, max: 2] }; { naturalist:canary [weight: 10, min: 1, max: 4] }; { naturalist:robin [weight: 10, min: 1, max: 4] }; { naturalist:snail [weight: 10, min: 1, max: 3] }; { wildernature:minisheep [weight: 13, min: 3, max: 6] }; { minecraft:bat [weight: 10, min: 8, max: 8] }; { minecraft:glow_squid [weight: 10, min: 4, max: 6] }; { friendsandfoes:rascal [weight: 4, min: 1, max: 1] }"
114,"still_life:mediterranean_beach","{ creeperoverhaul:beach_creeper [weight: 75, min: 2, max: 2] }; { creeperoverhaul:cave_creeper [weight: 75, min: 2, max: 2] }; { minecraft:drowned [weight: 20, min: 2, max: 4] }; { minecraft:enderman [weight: 10, min: 1, max: 4] }; { minecraft:skeleton [weight: 100, min: 4, max: 4] }; { minecraft:slime [weight: 100, min: 4, max: 4] }; { minecraft:spider [weight: 100, min: 4, max: 4] }; { minecraft:witch [weight: 5, min: 1, max: 1] }; { minecraft:zombie [weight: 95, min: 4, max: 4] }; { minecraft:zombie_villager [weight: 5, min: 1, max: 1] }; { naturalist:coral_snake [weight: 10, min: 1, max: 1] }; { wildernature:pelican [weight: 7, min: 3, max: 5] }; { minecraft:bat [weight: 10, min: 8, max: 8] }; { minecraft:glow_squid [weight: 10, min: 4, max: 6] }; { friendsandfoes:rascal [weight: 4, min: 1, max: 1] }; { hybrid-aquatic:box_jellyfish [weight: 1, min: 1, max: 1] }; { hybrid-aquatic:moon_jellyfish [weight: 5, min: 2, max: 5] }; { hybrid-aquatic:coconut_crab [weight: 2, min: 1, max: 2] }; { hybrid-aquatic:dungeness_crab [weight: 3, min: 1, max: 2] }; { hybrid-aquatic:ghost_crab [weight: 3, min: 1, max: 2] }; { hybrid-aquatic:hermit_crab [weight: 1, min: 1, max: 2] }; { hybrid-aquatic:horseshoe_crab [weight: 3, min: 1, max: 2] }; { hybrid-aquatic:starfish [weight: 2, min: 0, max: 2] }; { hybrid-aquatic:otter [weight: 1, min: 0, max: 2] }"
115,"still_life:mediterranean_forest","{ minecraft:creeper [weight: 100, min: 4, max: 4] }; { minecraft:enderman [weight: 10, min: 1, max: 4] }; { minecraft:skeleton [weight: 100, min: 4, max: 4] }; { minecraft:slime [weight: 100, min: 4, max: 4] }; { minecraft:spider [weight: 110, min: 4, max: 4] }; { minecraft:witch [weight: 5, min: 1, max: 1] }; { minecraft:zombie [weight: 80, min: 4, max: 4] }; { minecraft:zombie_villager [weight: 5, min: 1, max: 1] }; { crittersandcompanions:ferret [weight: 4, min: 2, max: 3] }; { crittersandcompanions:jumping_spider [weight: 2, min: 1, max: 1] }; { meadow:wooly_sheep [weight: 10, min: 2, max: 3] }; { minecraft:cow [weight: 0, min: 4, max: 4] }; { minecraft:fox [weight: 1, min: 1, max: 2] }; { minecraft:fox [weight: 10, min: 2, max: 4] }; { minecraft:fox [weight: 2, min: 1, max: 2] }; { minecraft:rabbit [weight: 10, min: 2, max: 3] }; { minecraft:sheep [weight: 0, min: 4, max: 4] }; { naturalist:bear [weight: 10, min: 1, max: 2] }; { naturalist:boar [weight: 10, min: 4, max: 4] }; { naturalist:cardinal [weight: 10, min: 1, max: 4] }; { naturalist:deer [weight: 10, min: 1, max: 3] }; { naturalist:finch [weight: 10, min: 1, max: 4] }; { naturalist:lizard [weight: 10, min: 1, max: 2] }; { naturalist:robin [weight: 10, min: 1, max: 4] }; { naturalist:snail [weight: 10, min: 1, max: 3] }; { naturalist:snake [weight: 10, min: 1, max: 1] }; { wildernature:boar [weight: 14, min: 4, max: 5] }; { wildernature:deer [weight: 13, min: 2, max: 4] }; { wildernature:hedgehog [weight: 13, min: 1, max: 3] }; { wildernature:owl [weight: 12, min: 2, max: 3] }; { wildernature:turkey [weight: 12, min: 3, max: 5] }; { crittersandcompanions:leaf_insect [weight: 14, min: 1, max: 1] }; { minecraft:bat [weight: 10, min: 8, max: 8] }; { naturalist:butterfly [weight: 10, min: 3, max: 5] }; { naturalist:firefly [weight: 10, min: 2, max: 3] }; { minecraft:glow_squid [weight: 10, min: 4, max: 6] }; { friendsandfoes:rascal [weight: 4, min: 1, max: 1] }"
116,"still_life:mediterranean_highlands","{ creeperoverhaul:cave_creeper [weight: 75, min: 2, max: 2] }; { creeperoverhaul:hills_creeper [weight: 75, min: 2, max: 2] }; { minecraft:enderman [weight: 10, min: 1, max: 4] }; { minecraft:skeleton [weight: 100, min: 4, max: 4] }; { minecraft:slime [weight: 100, min: 4, max: 4] }; { minecraft:spider [weight: 100, min: 4, max: 4] }; { minecraft:witch [weight: 5, min: 1, max: 1] }; { minecraft:zombie [weight: 95, min: 4, max: 4] }; { minecraft:zombie_villager [weight: 5, min: 1, max: 1] }; { meadow:wooly_sheep [weight: 10, min: 2, max: 3] }; { minecraft:chicken [weight: 0, min: 4, max: 4] }; { minecraft:cow [weight: 2, min: 4, max: 4] }; { minecraft:donkey [weight: 1, min: 1, max: 1] }; { minecraft:pig [weight: 0, min: 4, max: 4] }; { minecraft:rabbit [weight: 2, min: 2, max: 4] }; { minecraft:sheep [weight: 14, min: 4, max: 4] }; { naturalist:bear [weight: 10, min: 1, max: 2] }; { naturalist:canary [weight: 10, min: 1, max: 4] }; { naturalist:robin [weight: 10, min: 1, max: 4] }; { naturalist:snail [weight: 10, min: 1, max: 3] }; { minecraft:bat [weight: 10, min: 8, max: 8] }; { minecraft:glow_squid [weight: 10, min: 4, max: 6] }; { friendsandfoes:rascal [weight: 4, min: 1, max: 1] }"
117,"still_life:mediterranean_marsh","{ creeperoverhaul:cave_creeper [weight: 75, min: 2, max: 2] }; { creeperoverhaul:swamp_creeper [weight: 75, min: 2, max: 2] }; { endermanoverhaul:cave_enderman [weight: 2, min: 1, max: 2] }; { endermanoverhaul:swamp_enderman [weight: 10, min: 1, max: 4] }; { minecraft:skeleton [weight: 100, min: 4, max: 4] }; { minecraft:slime [weight: 100, min: 4, max: 4] }; { minecraft:spider [weight: 100, min: 4, max: 4] }; { minecraft:witch [weight: 5, min: 1, max: 1] }; { minecraft:zombie [weight: 95, min: 4, max: 4] }; { minecraft:zombie_villager [weight: 5, min: 1, max: 1] }; { minecraft:donkey [weight: 0, min: 1, max: 2] }; { minecraft:frog [weight: 6, min: 2, max: 3] }; { minecraft:horse [weight: 0, min: 2, max: 6] }; { naturalist:alligator [weight: 10, min: 1, max: 2] }; { naturalist:cardinal [weight: 10, min: 1, max: 4] }; { naturalist:duck [weight: 10, min: 1, max: 3] }; { naturalist:lizard [weight: 10, min: 1, max: 2] }; { naturalist:snail [weight: 10, min: 1, max: 3] }; { naturalist:snake [weight: 10, min: 1, max: 1] }; { naturalist:tortoise [weight: 10, min: 1, max: 3] }; { minecraft:bat [weight: 10, min: 8, max: 8] }; { naturalist:butterfly [weight: 10, min: 3, max: 5] }; { naturalist:dragonfly [weight: 10, min: 2, max: 3] }; { naturalist:firefly [weight: 10, min: 2, max: 3] }; { minecraft:glow_squid [weight: 10, min: 4, max: 6] }; { naturalist:bass [weight: 10, min: 4, max: 4] }; { naturalist:catfish [weight: 10, min: 1, max: 1] }; { friendsandfoes:rascal [weight: 4, min: 1, max: 1] }; { hybrid-aquatic:african_butterflyfish [weight: 2, min: 1, max: 1] }; { hybrid-aquatic:betta [weight: 1, min: 1, max: 1] }; { hybrid-aquatic:danio [weight: 3, min: 2, max: 3] }; { hybrid-aquatic:gourami [weight: 1, min: 1, max: 1] }; { hybrid-aquatic:pleco [weight: 1, min: 1, max: 2] }; { hybrid-aquatic:tetra [weight: 3, min: 2, max: 3] }; { hybrid-aquatic:tiger_barb [weight: 3, min: 2, max: 3] }; { hybrid-aquatic:fiddler_crab [weight: 3, min: 1, max: 2] }; { hybrid-aquatic:flower_crab [weight: 3, min: 1, max: 2] }; { untitledduckmod:duck [weight: 6, min: 2, max: 4] }"
118,"still_life:mediterranean_river","{ minecraft:creeper [weight: 100, min: 4, max: 4] }; { minecraft:drowned [weight: 10, min: 1, max: 2] }; { minecraft:enderman [weight: 10, min: 1, max: 4] }; { minecraft:skeleton [weight: 100, min: 4, max: 4] }; { minecraft:slime [weight: 100, min: 4, max: 4] }; { minecraft:spider [weight: 100, min: 4, max: 4] }; { minecraft:witch [weight: 5, min: 1, max: 1] }; { minecraft:zombie [weight: 95, min: 4, max: 4] }; { minecraft:zombie_villager [weight: 5, min: 1, max: 1] }; { meadow:water_buffalo [weight: 3, min: 2, max: 3] }; { minecraft:cow [weight: 8, min: 4, max: 4] }; { minecraft:donkey [weight: 1, min: 1, max: 1] }; { minecraft:horse [weight: 1, min: 2, max: 6] }; { minecraft:pig [weight: 10, min: 4, max: 4] }; { minecraft:sheep [weight: 12, min: 4, max: 4] }; { naturalist:coral_snake [weight: 10, min: 1, max: 1] }; { naturalist:duck [weight: 10, min: 1, max: 3] }; { naturalist:snail [weight: 10, min: 1, max: 3] }; { wildernature:pelican [weight: 7, min: 3, max: 5] }; { crittersandcompanions:dragonfly [weight: 7, min: 1, max: 1] }; { minecraft:bat [weight: 10, min: 8, max: 8] }; { minecraft:glow_squid [weight: 10, min: 4, max: 6] }; { crittersandcompanions:otter [weight: 1, min: 3, max: 5] }; { crittersandcompanions:koi_fish [weight: 4, min: 2, max: 5] }; { fetzisasiandeco:koi [weight: 5, min: 2, max: 5] }; { naturalist:bass [weight: 10, min: 4, max: 4] }; { friendsandfoes:rascal [weight: 4, min: 1, max: 1] }; { hybrid-aquatic:carp [weight: 3, min: 0, max: 2] }; { hybrid-aquatic:golden_dorado [weight: 1, min: 1, max: 1] }; { hybrid-aquatic:shiner [weight: 3, min: 1, max: 2] }; { hybrid-aquatic:sunfish [weight: 3, min: 1, max: 2] }; { hybrid-aquatic:trout [weight: 2, min: 0, max: 1] }; { hybrid-aquatic:crayfish [weight: 2, min: 1, max: 2] }; { hybrid-aquatic:otter [weight: 1, min: 0, max: 2] }; { untitledduckmod:duck [weight: 6, min: 2, max: 4] }; { untitledduckmod:goose [weight: 4, min: 2, max: 4] }"
119,"still_life:mediterranean_shrubland","{ minecraft:creeper [weight: 100, min: 4, max: 4] }; { minecraft:enderman [weight: 10, min: 1, max: 4] }; { minecraft:skeleton [weight: 100, min: 4, max: 4] }; { minecraft:slime [weight: 100, min: 4, max: 4] }; { minecraft:spider [weight: 100, min: 4, max: 4] }; { minecraft:witch [weight: 5, min: 1, max: 1] }; { minecraft:zombie [weight: 95, min: 4, max: 4] }; { minecraft:zombie_villager [weight: 5, min: 1, max: 1] }; { minecraft:chicken [weight: 2, min: 4, max: 4] }; { minecraft:cow [weight: 10, min: 4, max: 4] }; { minecraft:donkey [weight: 2, min: 1, max: 3] }; { minecraft:horse [weight: 1, min: 2, max: 6] }; { minecraft:pig [weight: 1, min: 4, max: 4] }; { minecraft:rabbit [weight: 3, min: 2, max: 4] }; { minecraft:sheep [weight: 4, min: 4, max: 4] }; { minecraft:bat [weight: 10, min: 8, max: 8] }; { minecraft:glow_squid [weight: 10, min: 4, max: 6] }; { friendsandfoes:rascal [weight: 4, min: 1, max: 1] }"
120,"still_life:mediterranean_steppe","{ minecraft:creeper [weight: 100, min: 4, max: 4] }; { minecraft:enderman [weight: 10, min: 1, max: 4] }; { minecraft:skeleton [weight: 100, min: 4, max: 4] }; { minecraft:slime [weight: 100, min: 4, max: 4] }; { minecraft:spider [weight: 100, min: 4, max: 4] }; { minecraft:witch [weight: 5, min: 1, max: 1] }; { minecraft:zombie [weight: 95, min: 4, max: 4] }; { minecraft:zombie_villager [weight: 5, min: 1, max: 1] }; { crittersandcompanions:ferret [weight: 4, min: 2, max: 3] }; { minecraft:chicken [weight: 0, min: 4, max: 4] }; { minecraft:cow [weight: 3, min: 4, max: 4] }; { minecraft:donkey [weight: 1, min: 1, max: 2] }; { minecraft:horse [weight: 1, min: 2, max: 6] }; { minecraft:pig [weight: 0, min: 4, max: 4] }; { minecraft:rabbit [weight: 3, min: 2, max: 4] }; { minecraft:sheep [weight: 0, min: 4, max: 4] }; { naturalist:deer [weight: 10, min: 1, max: 3] }; { naturalist:robin [weight: 10, min: 1, max: 4] }; { naturalist:snail [weight: 10, min: 1, max: 3] }; { naturalist:snake [weight: 10, min: 1, max: 1] }; { naturalist:sparrow [weight: 10, min: 1, max: 4] }; { wildernature:bison [weight: 14, min: 3, max: 6] }; { minecraft:bat [weight: 10, min: 8, max: 8] }; { naturalist:butterfly [weight: 10, min: 3, max: 5] }; { naturalist:firefly [weight: 10, min: 2, max: 3] }; { minecraft:glow_squid [weight: 10, min: 4, max: 6] }; { friendsandfoes:rascal [weight: 4, min: 1, max: 1] }; { untitledduckmod:goose [weight: 4, min: 2, max: 4] }"
121,"still_life:mediterranean_swamp","{ creeperoverhaul:cave_creeper [weight: 75, min: 2, max: 2] }; { creeperoverhaul:swamp_creeper [weight: 75, min: 2, max: 2] }; { endermanoverhaul:cave_enderman [weight: 2, min: 1, max: 2] }; { endermanoverhaul:swamp_enderman [weight: 10, min: 1, max: 4] }; { minecraft:skeleton [weight: 20, min: 4, max: 4] }; { minecraft:slime [weight: 1, min: 1, max: 1] }; { minecraft:slime [weight: 100, min: 4, max: 4] }; { minecraft:spider [weight: 100, min: 4, max: 4] }; { minecraft:witch [weight: 5, min: 1, max: 1] }; { minecraft:zombie [weight: 95, min: 4, max: 4] }; { minecraft:zombie_villager [weight: 5, min: 1, max: 1] }; { minecraft:frog [weight: 17, min: 2, max: 5] }; { naturalist:alligator [weight: 10, min: 1, max: 2] }; { naturalist:cardinal [weight: 10, min: 1, max: 4] }; { naturalist:duck [weight: 10, min: 1, max: 3] }; { naturalist:lizard [weight: 10, min: 1, max: 2] }; { naturalist:snail [weight: 10, min: 1, max: 3] }; { naturalist:snake [weight: 10, min: 1, max: 1] }; { naturalist:tortoise [weight: 10, min: 1, max: 3] }; { minecraft:bat [weight: 10, min: 8, max: 8] }; { naturalist:butterfly [weight: 10, min: 3, max: 5] }; { naturalist:dragonfly [weight: 10, min: 2, max: 3] }; { naturalist:firefly [weight: 10, min: 2, max: 3] }; { minecraft:glow_squid [weight: 10, min: 4, max: 6] }; { naturalist:bass [weight: 10, min: 4, max: 4] }; { naturalist:catfish [weight: 10, min: 1, max: 1] }; { friendsandfoes:rascal [weight: 4, min: 1, max: 1] }; { hybrid-aquatic:betta [weight: 1, min: 1, max: 1] }; { hybrid-aquatic:pleco [weight: 1, min: 1, max: 2] }; { hybrid-aquatic:tiger_barb [weight: 3, min: 2, max: 3] }; { hybrid-aquatic:fiddler_crab [weight: 3, min: 1, max: 2] }; { untitledduckmod:duck [weight: 6, min: 2, max: 4] }"
122,"still_life:mediterranean_wooded_highlands","{ creeperoverhaul:cave_creeper [weight: 75, min: 2, max: 2] }; { creeperoverhaul:cave_creeper [weight: 75, min: 2, max: 2] }; { creeperoverhaul:hills_creeper [weight: 75, min: 2, max: 2] }; { creeperoverhaul:hills_creeper [weight: 75, min: 2, max: 2] }; { minecraft:enderman [weight: 10, min: 1, max: 4] }; { minecraft:skeleton [weight: 100, min: 4, max: 4] }; { minecraft:slime [weight: 100, min: 4, max: 4] }; { minecraft:spider [weight: 100, min: 4, max: 4] }; { minecraft:witch [weight: 5, min: 1, max: 1] }; { minecraft:zombie [weight: 95, min: 4, max: 4] }; { minecraft:zombie_villager [weight: 5, min: 1, max: 1] }; { crittersandcompanions:ferret [weight: 4, min: 2, max: 3] }; { crittersandcompanions:jumping_spider [weight: 2, min: 1, max: 1] }; { meadow:wooly_sheep [weight: 10, min: 2, max: 3] }; { minecraft:cow [weight: 0, min: 4, max: 4] }; { minecraft:fox [weight: 10, min: 2, max: 4] }; { minecraft:fox [weight: 2, min: 1, max: 2] }; { minecraft:rabbit [weight: 10, min: 2, max: 3] }; { minecraft:sheep [weight: 6, min: 4, max: 4] }; { naturalist:bear [weight: 10, min: 1, max: 2] }; { naturalist:bluejay [weight: 10, min: 1, max: 4] }; { naturalist:boar [weight: 10, min: 4, max: 4] }; { naturalist:canary [weight: 10, min: 1, max: 4] }; { naturalist:cardinal [weight: 10, min: 1, max: 4] }; { naturalist:deer [weight: 10, min: 1, max: 3] }; { naturalist:finch [weight: 10, min: 1, max: 4] }; { naturalist:lizard [weight: 10, min: 1, max: 2] }; { naturalist:robin [weight: 10, min: 1, max: 4] }; { naturalist:snail [weight: 10, min: 1, max: 3] }; { naturalist:snake [weight: 10, min: 1, max: 1] }; { wildernature:boar [weight: 14, min: 4, max: 5] }; { wildernature:deer [weight: 13, min: 2, max: 4] }; { wildernature:hedgehog [weight: 13, min: 1, max: 3] }; { wildernature:owl [weight: 12, min: 2, max: 3] }; { wildernature:turkey [weight: 12, min: 3, max: 5] }; { crittersandcompanions:leaf_insect [weight: 14, min: 1, max: 1] }; { minecraft:bat [weight: 10, min: 8, max: 8] }; { naturalist:butterfly [weight: 10, min: 3, max: 5] }; { naturalist:firefly [weight: 10, min: 2, max: 3] }; { minecraft:glow_squid [weight: 10, min: 4, max: 6] }; { friendsandfoes:rascal [weight: 4, min: 1, max: 1] }"
123,"betterend:megalake","{ betterend:end_slime [weight: 5, min: 1, max: 2] }; { endermanoverhaul:end_enderman [weight: 2, min: 1, max: 2] }; { endermanoverhaul:end_islands_enderman [weight: 1, min: 1, max: 1] }; { minecraft:enderman [weight: 10, min: 1, max: 2] }; { betterend:dragonfly [weight: 50, min: 1, max: 3] }; { betterend:cubozoa [weight: 50, min: 3, max: 8] }; { betterend:end_fish [weight: 50, min: 3, max: 8] }"
124,"betterend:megalake_grove","{ betterend:end_slime [weight: 5, min: 1, max: 2] }; { endermanoverhaul:end_enderman [weight: 2, min: 1, max: 2] }; { endermanoverhaul:end_islands_enderman [weight: 1, min: 1, max: 1] }; { minecraft:enderman [weight: 10, min: 1, max: 2] }; { betterend:dragonfly [weight: 20, min: 1, max: 3] }; { betterend:cubozoa [weight: 50, min: 3, max: 8] }; { betterend:end_fish [weight: 20, min: 3, max: 8] }"
125,"still_life:mire","{ creeperoverhaul:cave_creeper [weight: 75, min: 2, max: 2] }; { creeperoverhaul:swamp_creeper [weight: 75, min: 2, max: 2] }; { endermanoverhaul:cave_enderman [weight: 2, min: 1, max: 2] }; { endermanoverhaul:swamp_enderman [weight: 10, min: 1, max: 4] }; { minecraft:skeleton [weight: 100, min: 4, max: 4] }; { minecraft:slime [weight: 100, min: 4, max: 4] }; { minecraft:spider [weight: 100, min: 4, max: 4] }; { minecraft:witch [weight: 10, min: 1, max: 1] }; { minecraft:zombie [weight: 95, min: 4, max: 4] }; { minecraft:zombie_villager [weight: 5, min: 1, max: 1] }; { minecraft:frog [weight: 5, min: 2, max: 5] }; { naturalist:alligator [weight: 10, min: 1, max: 2] }; { naturalist:cardinal [weight: 10, min: 1, max: 4] }; { naturalist:duck [weight: 10, min: 1, max: 3] }; { naturalist:lizard [weight: 10, min: 1, max: 2] }; { naturalist:snail [weight: 10, min: 1, max: 3] }; { naturalist:snake [weight: 10, min: 1, max: 1] }; { naturalist:tortoise [weight: 10, min: 1, max: 3] }; { minecraft:bat [weight: 10, min: 8, max: 8] }; { naturalist:butterfly [weight: 10, min: 3, max: 5] }; { naturalist:dragonfly [weight: 10, min: 2, max: 3] }; { naturalist:firefly [weight: 10, min: 2, max: 3] }; { minecraft:glow_squid [weight: 10, min: 4, max: 6] }; { naturalist:bass [weight: 10, min: 4, max: 4] }; { naturalist:catfish [weight: 10, min: 1, max: 1] }; { friendsandfoes:rascal [weight: 4, min: 1, max: 1] }; { untitledduckmod:duck [weight: 6, min: 2, max: 4] }"
126,"still_life:mixed_forest_steppe","{ minecraft:creeper [weight: 100, min: 4, max: 4] }; { minecraft:enderman [weight: 10, min: 1, max: 4] }; { minecraft:skeleton [weight: 100, min: 4, max: 4] }; { minecraft:slime [weight: 100, min: 4, max: 4] }; { minecraft:spider [weight: 100, min: 4, max: 4] }; { minecraft:witch [weight: 5, min: 1, max: 1] }; { minecraft:zombie [weight: 95, min: 4, max: 4] }; { minecraft:zombie_villager [weight: 5, min: 1, max: 1] }; { crittersandcompanions:ferret [weight: 4, min: 2, max: 3] }; { minecraft:chicken [weight: 1, min: 4, max: 4] }; { minecraft:cow [weight: 3, min: 4, max: 4] }; { minecraft:donkey [weight: 1, min: 1, max: 1] }; { minecraft:horse [weight: 1, min: 2, max: 6] }; { minecraft:pig [weight: 0, min: 4, max: 4] }; { minecraft:rabbit [weight: 4, min: 2, max: 5] }; { minecraft:sheep [weight: 5, min: 4, max: 4] }; { naturalist:deer [weight: 10, min: 1, max: 3] }; { naturalist:robin [weight: 10, min: 1, max: 4] }; { naturalist:snail [weight: 10, min: 1, max: 3] }; { naturalist:snake [weight: 10, min: 1, max: 1] }; { naturalist:sparrow [weight: 10, min: 1, max: 4] }; { wildernature:bison [weight: 14, min: 3, max: 6] }; { minecraft:bat [weight: 10, min: 8, max: 8] }; { naturalist:butterfly [weight: 10, min: 3, max: 5] }; { naturalist:firefly [weight: 10, min: 2, max: 3] }; { minecraft:glow_squid [weight: 10, min: 4, max: 6] }; { friendsandfoes:rascal [weight: 4, min: 1, max: 1] }; { untitledduckmod:goose [weight: 4, min: 2, max: 4] }"
127,"still_life:monsoon_forest","{ creeperoverhaul:bamboo_creeper [weight: 75, min: 2, max: 2] }; { creeperoverhaul:cave_creeper [weight: 75, min: 2, max: 2] }; { creeperoverhaul:jungle_creeper [weight: 75, min: 2, max: 2] }; { minecraft:enderman [weight: 10, min: 1, max: 4] }; { minecraft:skeleton [weight: 100, min: 4, max: 4] }; { minecraft:slime [weight: 100, min: 4, max: 4] }; { minecraft:spider [weight: 100, min: 4, max: 4] }; { minecraft:witch [weight: 5, min: 1, max: 1] }; { minecraft:zombie [weight: 95, min: 4, max: 4] }; { minecraft:zombie_villager [weight: 5, min: 1, max: 1] }; { crittersandcompanions:jumping_spider [weight: 2, min: 1, max: 1] }; { crittersandcompanions:red_panda [weight: 8, min: 1, max: 2] }; { hybrid-birds:peacock [weight: 2, min: 1, max: 2] }; { minecraft:frog [weight: 8, min: 3, max: 4] }; { minecraft:sheep [weight: 0, min: 4, max: 4] }; { naturalist:coral_snake [weight: 10, min: 1, max: 1] }; { naturalist:elephant [weight: 5, min: 2, max: 3] }; { naturalist:hippo [weight: 10, min: 3, max: 4] }; { naturalist:lizard [weight: 10, min: 1, max: 2] }; { naturalist:snail [weight: 10, min: 1, max: 3] }; { naturalist:snake [weight: 10, min: 1, max: 1] }; { naturalist:tortoise [weight: 10, min: 1, max: 3] }; { wildernature:cassowary [weight: 7, min: 3, max: 5] }; { crittersandcompanions:leaf_insect [weight: 14, min: 1, max: 1] }; { minecraft:bat [weight: 10, min: 8, max: 8] }; { minecraft:glow_squid [weight: 10, min: 4, max: 6] }; { friendsandfoes:rascal [weight: 4, min: 1, max: 1] }; { hybrid-aquatic:african_butterflyfish [weight: 2, min: 1, max: 1] }; { hybrid-aquatic:danio [weight: 3, min: 2, max: 3] }; { hybrid-aquatic:discus [weight: 1, min: 1, max: 1] }; { hybrid-aquatic:golden_dorado [weight: 1, min: 1, max: 1] }; { hybrid-aquatic:gourami [weight: 1, min: 1, max: 1] }; { hybrid-aquatic:oscar [weight: 1, min: 1, max: 1] }; { hybrid-aquatic:piranha [weight: 2, min: 4, max: 8] }; { hybrid-aquatic:pleco [weight: 1, min: 1, max: 2] }; { hybrid-aquatic:tetra [weight: 3, min: 2, max: 3] }; { hybrid-aquatic:tiger_barb [weight: 3, min: 2, max: 3] }; { hybrid-aquatic:vampire_crab [weight: 1, min: 1, max: 2] }"
128,"still_life:mushroom_caves","{ minecraft:creeper [weight: 100, min: 4, max: 4] }; { minecraft:enderman [weight: 10, min: 1, max: 4] }; { minecraft:mooshroom [weight: 100, min: 2, max: 8] }; { minecraft:skeleton [weight: 100, min: 4, max: 4] }; { minecraft:slime [weight: 100, min: 4, max: 4] }; { minecraft:spider [weight: 100, min: 4, max: 4] }; { minecraft:witch [weight: 5, min: 1, max: 1] }; { minecraft:zombie [weight: 95, min: 4, max: 4] }; { minecraft:zombie_villager [weight: 5, min: 1, max: 1] }; { minecraft:chicken [weight: 10, min: 4, max: 4] }; { minecraft:cow [weight: 8, min: 4, max: 4] }; { minecraft:donkey [weight: 1, min: 1, max: 1] }; { minecraft:horse [weight: 1, min: 2, max: 6] }; { minecraft:pig [weight: 10, min: 4, max: 4] }; { minecraft:sheep [weight: 12, min: 4, max: 4] }; { minecraft:bat [weight: 10, min: 8, max: 8] }; { minecraft:mooshroom [weight: 10, min: 2, max: 8] }; { minecraft:glow_squid [weight: 10, min: 4, max: 6] }; { friendsandfoes:rascal [weight: 4, min: 1, max: 1] }; { hybrid-aquatic:tetra [weight: 3, min: 2, max: 3] }"
129,"minecraft:mushroom_fields","{ creeperoverhaul:mushroom_creeper [weight: 10, min: 1, max: 2] }; { minecraft:mooshroom [weight: 8, min: 4, max: 8] }; { naturalist:snail [weight: 10, min: 1, max: 3] }; { endermanoverhaul:mushroom_fields_enderman [weight: 1, min: 1, max: 2] }; { minecraft:bat [weight: 10, min: 8, max: 8] }; { naturalist:firefly [weight: 10, min: 2, max: 3] }; { minecraft:glow_squid [weight: 10, min: 4, max: 6] }; { friendsandfoes:rascal [weight: 4, min: 1, max: 1] }"
130,"betterend:neon_oasis","{ endermanoverhaul:end_enderman [weight: 2, min: 1, max: 2] }; { endermanoverhaul:end_islands_enderman [weight: 1, min: 1, max: 1] }; { minecraft:enderman [weight: 50, min: 1, max: 2] }"
131,"betternether:nether_grasslands","{ betternether:jungle_skeleton [weight: 0, min: 2, max: 4] }; { betternether:naga [weight: 8, min: 3, max: 5] }; { betternether:skull [weight: 2, min: 2, max: 4] }; { minecraft:enderman [weight: 1, min: 4, max: 4] }; { minecraft:ghast [weight: 50, min: 4, max: 4] }; { minecraft:hoglin [weight: 0, min: 1, max: 2] }; { minecraft:magma_cube [weight: 2, min: 4, max: 4] }; { minecraft:piglin [weight: 15, min: 4, max: 4] }; { minecraft:piglin_brute [weight: 0, min: 1, max: 1] }; { minecraft:zombified_piglin [weight: 100, min: 4, max: 4] }; { minecraft:strider [weight: 60, min: 1, max: 2] }; { betternether:firefly [weight: 15, min: 1, max: 3] }; { betternether:flying_pig [weight: 0, min: 2, max: 4] }; { betternether:hydrogen_jellyfish [weight: 5, min: 2, max: 6] }"
132,"betternether:nether_jungle","{ betternether:jungle_skeleton [weight: 40, min: 2, max: 4] }; { betternether:naga [weight: 8, min: 3, max: 5] }; { betternether:skull [weight: 2, min: 2, max: 4] }; { minecraft:enderman [weight: 0, min: 4, max: 4] }; { minecraft:ghast [weight: 0, min: 4, max: 4] }; { minecraft:hoglin [weight: 0, min: 1, max: 2] }; { minecraft:magma_cube [weight: 0, min: 4, max: 4] }; { minecraft:piglin [weight: 0, min: 4, max: 4] }; { minecraft:piglin_brute [weight: 0, min: 1, max: 1] }; { minecraft:zombified_piglin [weight: 0, min: 4, max: 4] }; { minecraft:strider [weight: 0, min: 1, max: 2] }; { betternether:firefly [weight: 5, min: 1, max: 3] }; { betternether:flying_pig [weight: 0, min: 2, max: 4] }; { betternether:hydrogen_jellyfish [weight: 5, min: 2, max: 6] }"
133,"betternether:nether_mushroom_forest","{ betternether:jungle_skeleton [weight: 0, min: 2, max: 4] }; { betternether:naga [weight: 8, min: 3, max: 5] }; { betternether:skull [weight: 2, min: 2, max: 4] }; { minecraft:enderman [weight: 1, min: 4, max: 4] }; { minecraft:ghast [weight: 50, min: 4, max: 4] }; { minecraft:hoglin [weight: 0, min: 1, max: 2] }; { minecraft:magma_cube [weight: 2, min: 4, max: 4] }; { minecraft:piglin [weight: 15, min: 4, max: 4] }; { minecraft:piglin_brute [weight: 0, min: 1, max: 1] }; { minecraft:zombified_piglin [weight: 100, min: 4, max: 4] }; { minecraft:strider [weight: 60, min: 1, max: 2] }; { betternether:firefly [weight: 5, min: 1, max: 3] }; { betternether:flying_pig [weight: 0, min: 2, max: 4] }; { betternether:hydrogen_jellyfish [weight: 5, min: 2, max: 6] }"
134,"betternether:nether_mushroom_forest_edge","{ betternether:jungle_skeleton [weight: 0, min: 2, max: 4] }; { betternether:naga [weight: 8, min: 3, max: 5] }; { betternether:skull [weight: 2, min: 2, max: 4] }; { minecraft:enderman [weight: 1, min: 4, max: 4] }; { minecraft:ghast [weight: 50, min: 4, max: 4] }; { minecraft:hoglin [weight: 0, min: 1, max: 2] }; { minecraft:magma_cube [weight: 2, min: 4, max: 4] }; { minecraft:piglin [weight: 15, min: 4, max: 4] }; { minecraft:piglin_brute [weight: 0, min: 1, max: 1] }; { minecraft:zombified_piglin [weight: 100, min: 4, max: 4] }; { minecraft:strider [weight: 60, min: 1, max: 2] }; { betternether:firefly [weight: 5, min: 1, max: 3] }; { betternether:flying_pig [weight: 0, min: 2, max: 4] }; { betternether:hydrogen_jellyfish [weight: 5, min: 2, max: 6] }"
135,"betternether:nether_swampland","{ betternether:jungle_skeleton [weight: 0, min: 2, max: 4] }; { betternether:naga [weight: 8, min: 3, max: 5] }; { betternether:skull [weight: 2, min: 2, max: 4] }; { minecraft:enderman [weight: 0, min: 4, max: 4] }; { minecraft:ghast [weight: 0, min: 4, max: 4] }; { minecraft:hoglin [weight: 0, min: 1, max: 2] }; { minecraft:magma_cube [weight: 40, min: 4, max: 4] }; { minecraft:piglin [weight: 0, min: 4, max: 4] }; { minecraft:piglin_brute [weight: 0, min: 1, max: 1] }; { minecraft:zombified_piglin [weight: 0, min: 4, max: 4] }; { minecraft:strider [weight: 40, min: 1, max: 2] }; { betternether:firefly [weight: 5, min: 1, max: 3] }; { betternether:flying_pig [weight: 0, min: 2, max: 4] }; { betternether:hydrogen_jellyfish [weight: 5, min: 2, max: 6] }"
136,"betternether:nether_swampland_terraces","{ betternether:jungle_skeleton [weight: 0, min: 2, max: 4] }; { betternether:naga [weight: 8, min: 3, max: 5] }; { betternether:skull [weight: 2, min: 2, max: 4] }; { minecraft:enderman [weight: 0, min: 4, max: 4] }; { minecraft:ghast [weight: 0, min: 4, max: 4] }; { minecraft:hoglin [weight: 0, min: 1, max: 2] }; { minecraft:magma_cube [weight: 40, min: 4, max: 4] }; { minecraft:piglin [weight: 0, min: 4, max: 4] }; { minecraft:piglin_brute [weight: 0, min: 1, max: 1] }; { minecraft:zombified_piglin [weight: 0, min: 4, max: 4] }; { minecraft:strider [weight: 40, min: 1, max: 2] }; { betternether:firefly [weight: 5, min: 1, max: 3] }; { betternether:flying_pig [weight: 0, min: 2, max: 4] }; { betternether:hydrogen_jellyfish [weight: 5, min: 2, max: 6] }"
137,"minecraft:nether_wastes","{ betternether:naga [weight: 8, min: 3, max: 5] }; { endermanoverhaul:nether_wastes_enderman [weight: 1, min: 4, max: 4] }; { minecraft:ghast [weight: 50, min: 4, max: 4] }; { minecraft:magma_cube [weight: 2, min: 4, max: 4] }; { minecraft:piglin [weight: 15, min: 4, max: 4] }; { minecraft:zombified_piglin [weight: 100, min: 4, max: 4] }; { minecraft:strider [weight: 60, min: 1, max: 2] }; { betternether:firefly [weight: 5, min: 1, max: 3] }; { betternether:hydrogen_jellyfish [weight: 5, min: 2, max: 6] }"
138,"minecraft:ocean","{ minecraft:creeper [weight: 100, min: 4, max: 4] }; { minecraft:drowned [weight: 5, min: 1, max: 1] }; { minecraft:enderman [weight: 10, min: 1, max: 4] }; { minecraft:skeleton [weight: 100, min: 4, max: 4] }; { minecraft:slime [weight: 100, min: 4, max: 4] }; { minecraft:spider [weight: 100, min: 4, max: 4] }; { minecraft:witch [weight: 5, min: 1, max: 1] }; { minecraft:zombie [weight: 95, min: 4, max: 4] }; { minecraft:zombie_villager [weight: 5, min: 1, max: 1] }; { minecraft:bat [weight: 10, min: 8, max: 8] }; { minecraft:glow_squid [weight: 10, min: 4, max: 6] }; { minecraft:dolphin [weight: 1, min: 1, max: 2] }; { minecraft:squid [weight: 1, min: 1, max: 4] }; { crittersandcompanions:dumbo_octopus [weight: 6, min: 1, max: 1] }; { crittersandcompanions:sea_bunny [weight: 16, min: 1, max: 4] }; { minecraft:cod [weight: 10, min: 3, max: 6] }; { friendsandfoes:rascal [weight: 4, min: 1, max: 1] }; { hybrid-aquatic:barracuda [weight: 3, min: 1, max: 1] }; { hybrid-aquatic:herring [weight: 5, min: 4, max: 12] }; { hybrid-aquatic:mackerel [weight: 5, min: 4, max: 12] }; { hybrid-aquatic:needlefish [weight: 4, min: 1, max: 4] }; { hybrid-aquatic:rockfish [weight: 3, min: 1, max: 4] }; { hybrid-aquatic:sea_bass [weight: 3, min: 1, max: 3] }; { hybrid-aquatic:seadragon [weight: 1, min: 1, max: 2] }; { hybrid-aquatic:wrasse [weight: 3, min: 1, max: 2] }; { hybrid-aquatic:cuttlefish [weight: 3, min: 1, max: 1] }; { hybrid-aquatic:octopus [weight: 3, min: 1, max: 1] }; { hybrid-aquatic:barrel_jellyfish [weight: 3, min: 1, max: 2] }; { hybrid-aquatic:blue_jellyfish [weight: 3, min: 1, max: 2] }; { hybrid-aquatic:cepheidae_jellyfish [weight: 3, min: 1, max: 2] }; { hybrid-aquatic:moon_jellyfish [weight: 5, min: 2, max: 5] }; { hybrid-aquatic:sea_nettle [weight: 3, min: 1, max: 4] }; { hybrid-aquatic:hammerhead_shark [weight: 3, min: 1, max: 2] }; { hybrid-aquatic:hound_shark [weight: 3, min: 1, max: 2] }; { hybrid-aquatic:tiger_shark [weight: 2, min: 1, max: 1] }; { hybrid-aquatic:giant_isopod [weight: 1, min: 1, max: 2] }; { hybrid-aquatic:spider_crab [weight: 2, min: 1, max: 2] }; { hybrid-aquatic:sea_cucumber [weight: 3, min: 1, max: 2] }; { hybrid-aquatic:sea_slug [weight: 1, min: 0, max: 2] }; { hybrid-aquatic:sea_urchin [weight: 3, min: 0, max: 2] }; { hybrid-aquatic:starfish [weight: 2, min: 0, max: 2] }"
139,"betternether:old_fungiwoods","{ betternether:jungle_skeleton [weight: 0, min: 2, max: 4] }; { betternether:naga [weight: 8, min: 3, max: 5] }; { betternether:skull [weight: 2, min: 2, max: 4] }; { minecraft:enderman [weight: 1, min: 4, max: 4] }; { minecraft:ghast [weight: 50, min: 4, max: 4] }; { minecraft:hoglin [weight: 0, min: 1, max: 2] }; { minecraft:magma_cube [weight: 2, min: 4, max: 4] }; { minecraft:piglin [weight: 15, min: 4, max: 4] }; { minecraft:piglin_brute [weight: 0, min: 1, max: 1] }; { minecraft:zombified_piglin [weight: 100, min: 4, max: 4] }; { minecraft:strider [weight: 60, min: 1, max: 2] }; { betternether:firefly [weight: 5, min: 1, max: 3] }; { betternether:flying_pig [weight: 0, min: 2, max: 4] }; { betternether:hydrogen_jellyfish [weight: 5, min: 2, max: 6] }"
140,"minecraft:old_growth_birch_forest","{ minecraft:creeper [weight: 100, min: 4, max: 4] }; { minecraft:enderman [weight: 10, min: 1, max: 4] }; { minecraft:skeleton [weight: 100, min: 4, max: 4] }; { minecraft:slime [weight: 100, min: 4, max: 4] }; { minecraft:spider [weight: 100, min: 4, max: 4] }; { minecraft:witch [weight: 5, min: 1, max: 1] }; { minecraft:zombie [weight: 95, min: 4, max: 4] }; { minecraft:zombie_villager [weight: 5, min: 1, max: 1] }; { crittersandcompanions:ferret [weight: 4, min: 2, max: 3] }; { crittersandcompanions:jumping_spider [weight: 2, min: 1, max: 1] }; { meadow:wooly_sheep [weight: 10, min: 2, max: 3] }; { minecraft:cow [weight: 8, min: 4, max: 4] }; { minecraft:fox [weight: 10, min: 2, max: 4] }; { minecraft:rabbit [weight: 10, min: 2, max: 3] }; { minecraft:sheep [weight: 12, min: 4, max: 4] }; { naturalist:bear [weight: 10, min: 1, max: 2] }; { naturalist:boar [weight: 10, min: 4, max: 4] }; { naturalist:cardinal [weight: 10, min: 1, max: 4] }; { naturalist:deer [weight: 10, min: 1, max: 3] }; { naturalist:finch [weight: 10, min: 1, max: 4] }; { naturalist:lizard [weight: 10, min: 1, max: 2] }; { naturalist:robin [weight: 10, min: 1, max: 4] }; { naturalist:snail [weight: 10, min: 1, max: 3] }; { naturalist:snake [weight: 10, min: 1, max: 1] }; { wildernature:boar [weight: 14, min: 4, max: 5] }; { wildernature:deer [weight: 13, min: 2, max: 4] }; { wildernature:hedgehog [weight: 13, min: 1, max: 3] }; { wildernature:owl [weight: 12, min: 2, max: 3] }; { wildernature:turkey [weight: 12, min: 3, max: 5] }; { crittersandcompanions:leaf_insect [weight: 14, min: 1, max: 1] }; { minecraft:bat [weight: 10, min: 8, max: 8] }; { naturalist:butterfly [weight: 10, min: 3, max: 5] }; { naturalist:firefly [weight: 10, min: 2, max: 3] }; { minecraft:glow_squid [weight: 10, min: 4, max: 6] }; { friendsandfoes:rascal [weight: 4, min: 1, max: 1] }"
141,"minecraft:old_growth_pine_taiga","{ creeperoverhaul:cave_creeper [weight: 75, min: 2, max: 2] }; { creeperoverhaul:spruce_creeper [weight: 75, min: 2, max: 2] }; { minecraft:enderman [weight: 10, min: 1, max: 4] }; { minecraft:skeleton [weight: 100, min: 4, max: 4] }; { minecraft:slime [weight: 100, min: 4, max: 4] }; { minecraft:spider [weight: 100, min: 4, max: 4] }; { minecraft:witch [weight: 5, min: 1, max: 1] }; { minecraft:zombie [weight: 100, min: 4, max: 4] }; { minecraft:zombie_villager [weight: 25, min: 1, max: 1] }; { hybrid-birds:turkey [weight: 3, min: 1, max: 3] }; { minecraft:chicken [weight: 10, min: 4, max: 4] }; { minecraft:cow [weight: 8, min: 4, max: 4] }; { minecraft:fox [weight: 8, min: 2, max: 4] }; { minecraft:pig [weight: 10, min: 4, max: 4] }; { minecraft:rabbit [weight: 4, min: 2, max: 3] }; { minecraft:sheep [weight: 12, min: 4, max: 4] }; { minecraft:wolf [weight: 8, min: 4, max: 4] }; { naturalist:bear [weight: 10, min: 1, max: 2] }; { naturalist:bluejay [weight: 10, min: 1, max: 4] }; { wildernature:red_wolf [weight: 12, min: 2, max: 4] }; { minecraft:bat [weight: 10, min: 8, max: 8] }; { minecraft:glow_squid [weight: 10, min: 4, max: 6] }; { friendsandfoes:rascal [weight: 4, min: 1, max: 1] }"
142,"minecraft:old_growth_spruce_taiga","{ creeperoverhaul:cave_creeper [weight: 75, min: 2, max: 2] }; { creeperoverhaul:spruce_creeper [weight: 75, min: 2, max: 2] }; { minecraft:enderman [weight: 10, min: 1, max: 4] }; { minecraft:skeleton [weight: 100, min: 4, max: 4] }; { minecraft:slime [weight: 100, min: 4, max: 4] }; { minecraft:spider [weight: 100, min: 4, max: 4] }; { minecraft:witch [weight: 5, min: 1, max: 1] }; { minecraft:zombie [weight: 95, min: 4, max: 4] }; { minecraft:zombie_villager [weight: 5, min: 1, max: 1] }; { hybrid-birds:turkey [weight: 3, min: 1, max: 3] }; { minecraft:chicken [weight: 10, min: 4, max: 4] }; { minecraft:cow [weight: 8, min: 4, max: 4] }; { minecraft:fox [weight: 8, min: 2, max: 4] }; { minecraft:pig [weight: 10, min: 4, max: 4] }; { minecraft:rabbit [weight: 4, min: 2, max: 3] }; { minecraft:sheep [weight: 12, min: 4, max: 4] }; { minecraft:wolf [weight: 8, min: 4, max: 4] }; { naturalist:bear [weight: 10, min: 1, max: 2] }; { naturalist:bluejay [weight: 10, min: 1, max: 4] }; { minecraft:bat [weight: 10, min: 8, max: 8] }; { minecraft:glow_squid [weight: 10, min: 4, max: 6] }; { friendsandfoes:rascal [weight: 4, min: 1, max: 1] }"
143,"still_life:old_growth_temperate_forest","{ endermanoverhaul:cave_enderman [weight: 2, min: 1, max: 2] }; { endermanoverhaul:dark_oak_enderman [weight: 10, min: 1, max: 4] }; { minecraft:creeper [weight: 100, min: 4, max: 4] }; { minecraft:skeleton [weight: 100, min: 4, max: 4] }; { minecraft:slime [weight: 100, min: 4, max: 4] }; { minecraft:spider [weight: 100, min: 4, max: 4] }; { minecraft:witch [weight: 5, min: 1, max: 1] }; { minecraft:zombie [weight: 95, min: 4, max: 4] }; { minecraft:zombie_villager [weight: 5, min: 1, max: 1] }; { crittersandcompanions:ferret [weight: 4, min: 2, max: 3] }; { crittersandcompanions:jumping_spider [weight: 2, min: 1, max: 1] }; { meadow:wooly_sheep [weight: 10, min: 2, max: 3] }; { minecraft:cow [weight: 0, min: 4, max: 4] }; { minecraft:donkey [weight: 0, min: 1, max: 1] }; { minecraft:fox [weight: 10, min: 2, max: 4] }; { minecraft:fox [weight: 2, min: 1, max: 2] }; { minecraft:horse [weight: 0, min: 2, max: 6] }; { minecraft:rabbit [weight: 10, min: 2, max: 3] }; { minecraft:sheep [weight: 0, min: 4, max: 4] }; { minecraft:wolf [weight: 3, min: 3, max: 5] }; { naturalist:bear [weight: 10, min: 1, max: 2] }; { naturalist:boar [weight: 10, min: 4, max: 4] }; { naturalist:cardinal [weight: 10, min: 1, max: 4] }; { naturalist:deer [weight: 10, min: 1, max: 3] }; { naturalist:finch [weight: 10, min: 1, max: 4] }; { naturalist:lizard [weight: 10, min: 1, max: 2] }; { naturalist:robin [weight: 10, min: 1, max: 4] }; { naturalist:snail [weight: 10, min: 1, max: 3] }; { naturalist:snake [weight: 10, min: 1, max: 1] }; { wildernature:boar [weight: 14, min: 4, max: 5] }; { wildernature:deer [weight: 13, min: 2, max: 4] }; { wildernature:hedgehog [weight: 13, min: 1, max: 3] }; { wildernature:owl [weight: 12, min: 2, max: 3] }; { wildernature:turkey [weight: 12, min: 3, max: 5] }; { crittersandcompanions:leaf_insect [weight: 14, min: 1, max: 1] }; { minecraft:bat [weight: 10, min: 8, max: 8] }; { naturalist:butterfly [weight: 10, min: 3, max: 5] }; { naturalist:firefly [weight: 10, min: 2, max: 3] }; { minecraft:glow_squid [weight: 10, min: 4, max: 6] }; { friendsandfoes:rascal [weight: 4, min: 1, max: 1] }"
144,"still_life:old_growth_tropical_rainforest","{ creeperoverhaul:bamboo_creeper [weight: 75, min: 2, max: 2] }; { creeperoverhaul:cave_creeper [weight: 75, min: 2, max: 2] }; { creeperoverhaul:jungle_creeper [weight: 75, min: 2, max: 2] }; { minecraft:enderman [weight: 10, min: 1, max: 4] }; { minecraft:ocelot [weight: 2, min: 1, max: 3] }; { minecraft:skeleton [weight: 100, min: 4, max: 4] }; { minecraft:slime [weight: 100, min: 4, max: 4] }; { minecraft:spider [weight: 100, min: 4, max: 4] }; { minecraft:witch [weight: 5, min: 1, max: 1] }; { minecraft:zombie [weight: 95, min: 4, max: 4] }; { minecraft:zombie_villager [weight: 5, min: 1, max: 1] }; { crittersandcompanions:jumping_spider [weight: 2, min: 1, max: 1] }; { crittersandcompanions:red_panda [weight: 8, min: 1, max: 2] }; { hybrid-birds:peacock [weight: 2, min: 1, max: 2] }; { minecraft:frog [weight: 8, min: 3, max: 4] }; { minecraft:panda [weight: 1, min: 1, max: 2] }; { minecraft:parrot [weight: 40, min: 1, max: 2] }; { minecraft:sheep [weight: 0, min: 4, max: 4] }; { naturalist:coral_snake [weight: 10, min: 1, max: 1] }; { naturalist:elephant [weight: 5, min: 2, max: 3] }; { naturalist:hippo [weight: 10, min: 3, max: 4] }; { naturalist:lizard [weight: 10, min: 1, max: 2] }; { naturalist:snail [weight: 10, min: 1, max: 3] }; { naturalist:snake [weight: 10, min: 1, max: 1] }; { naturalist:tortoise [weight: 10, min: 1, max: 3] }; { wildernature:cassowary [weight: 7, min: 3, max: 5] }; { crittersandcompanions:leaf_insect [weight: 14, min: 1, max: 1] }; { minecraft:bat [weight: 10, min: 8, max: 8] }; { minecraft:glow_squid [weight: 10, min: 4, max: 6] }; { friendsandfoes:rascal [weight: 4, min: 1, max: 1] }; { hybrid-aquatic:african_butterflyfish [weight: 2, min: 1, max: 1] }; { hybrid-aquatic:danio [weight: 3, min: 2, max: 3] }; { hybrid-aquatic:discus [weight: 1, min: 1, max: 1] }; { hybrid-aquatic:golden_dorado [weight: 1, min: 1, max: 1] }; { hybrid-aquatic:gourami [weight: 1, min: 1, max: 1] }; { hybrid-aquatic:oscar [weight: 1, min: 1, max: 1] }; { hybrid-aquatic:piranha [weight: 2, min: 4, max: 8] }; { hybrid-aquatic:pleco [weight: 1, min: 1, max: 2] }; { hybrid-aquatic:tetra [weight: 3, min: 2, max: 3] }; { hybrid-aquatic:tiger_barb [weight: 3, min: 2, max: 3] }; { hybrid-aquatic:vampire_crab [weight: 1, min: 1, max: 2] }"
145,"betternether:old_swampland","{ betternether:jungle_skeleton [weight: 0, min: 2, max: 4] }; { betternether:naga [weight: 8, min: 3, max: 5] }; { betternether:skull [weight: 2, min: 2, max: 4] }; { minecraft:enderman [weight: 0, min: 4, max: 4] }; { minecraft:ghast [weight: 0, min: 4, max: 4] }; { minecraft:hoglin [weight: 0, min: 1, max: 2] }; { minecraft:magma_cube [weight: 40, min: 4, max: 4] }; { minecraft:piglin [weight: 0, min: 4, max: 4] }; { minecraft:piglin_brute [weight: 0, min: 1, max: 1] }; { minecraft:zombified_piglin [weight: 0, min: 4, max: 4] }; { minecraft:strider [weight: 40, min: 1, max: 2] }; { betternether:firefly [weight: 5, min: 1, max: 3] }; { betternether:flying_pig [weight: 0, min: 2, max: 4] }; { betternether:hydrogen_jellyfish [weight: 5, min: 2, max: 6] }"
146,"betternether:old_warped_woods","{ betternether:jungle_skeleton [weight: 0, min: 2, max: 4] }; { betternether:naga [weight: 8, min: 3, max: 5] }; { betternether:skull [weight: 2, min: 2, max: 4] }; { minecraft:enderman [weight: 1, min: 4, max: 4] }; { minecraft:ghast [weight: 0, min: 4, max: 4] }; { minecraft:hoglin [weight: 0, min: 1, max: 2] }; { minecraft:magma_cube [weight: 0, min: 4, max: 4] }; { minecraft:piglin [weight: 0, min: 4, max: 4] }; { minecraft:piglin_brute [weight: 0, min: 1, max: 1] }; { minecraft:zombified_piglin [weight: 0, min: 4, max: 4] }; { minecraft:strider [weight: 60, min: 1, max: 2] }; { betternether:firefly [weight: 5, min: 1, max: 3] }; { betternether:flying_pig [weight: 0, min: 2, max: 4] }; { betternether:hydrogen_jellyfish [weight: 5, min: 2, max: 6] }"
147,"betterend:painted_mountains","{ endermanoverhaul:end_enderman [weight: 2, min: 1, max: 2] }; { endermanoverhaul:end_islands_enderman [weight: 1, min: 1, max: 1] }; { minecraft:enderman [weight: 50, min: 1, max: 2] }"
148,"still_life:pine_woods","{ creeperoverhaul:cave_creeper [weight: 75, min: 2, max: 2] }; { creeperoverhaul:spruce_creeper [weight: 75, min: 2, max: 2] }; { minecraft:enderman [weight: 10, min: 1, max: 4] }; { minecraft:skeleton [weight: 100, min: 4, max: 4] }; { minecraft:slime [weight: 100, min: 4, max: 4] }; { minecraft:spider [weight: 100, min: 4, max: 4] }; { minecraft:witch [weight: 5, min: 1, max: 1] }; { minecraft:zombie [weight: 95, min: 4, max: 4] }; { minecraft:zombie_villager [weight: 5, min: 1, max: 1] }; { crittersandcompanions:ferret [weight: 4, min: 2, max: 3] }; { crittersandcompanions:jumping_spider [weight: 2, min: 1, max: 1] }; { meadow:wooly_sheep [weight: 10, min: 2, max: 3] }; { minecraft:cow [weight: 0, min: 4, max: 4] }; { minecraft:donkey [weight: 0, min: 1, max: 1] }; { minecraft:fox [weight: 10, min: 2, max: 4] }; { minecraft:fox [weight: 4, min: 1, max: 2] }; { minecraft:horse [weight: 0, min: 2, max: 6] }; { minecraft:rabbit [weight: 10, min: 2, max: 3] }; { minecraft:sheep [weight: 0, min: 4, max: 4] }; { minecraft:wolf [weight: 1, min: 3, max: 5] }; { naturalist:bear [weight: 10, min: 1, max: 2] }; { naturalist:bluejay [weight: 10, min: 1, max: 4] }; { naturalist:boar [weight: 10, min: 4, max: 4] }; { naturalist:cardinal [weight: 10, min: 1, max: 4] }; { naturalist:deer [weight: 10, min: 1, max: 3] }; { naturalist:finch [weight: 10, min: 1, max: 4] }; { naturalist:lizard [weight: 10, min: 1, max: 2] }; { naturalist:robin [weight: 10, min: 1, max: 4] }; { naturalist:snail [weight: 10, min: 1, max: 3] }; { naturalist:snake [weight: 10, min: 1, max: 1] }; { wildernature:boar [weight: 14, min: 4, max: 5] }; { wildernature:deer [weight: 13, min: 2, max: 4] }; { wildernature:hedgehog [weight: 13, min: 1, max: 3] }; { wildernature:owl [weight: 12, min: 2, max: 3] }; { wildernature:turkey [weight: 12, min: 3, max: 5] }; { crittersandcompanions:leaf_insect [weight: 14, min: 1, max: 1] }; { minecraft:bat [weight: 10, min: 8, max: 8] }; { naturalist:butterfly [weight: 10, min: 3, max: 5] }; { naturalist:firefly [weight: 10, min: 2, max: 3] }; { minecraft:glow_squid [weight: 10, min: 4, max: 6] }; { friendsandfoes:rascal [weight: 4, min: 1, max: 1] }"
149,"galosphere:pink_salt_caves","{ minecraft:creeper [weight: 100, min: 4, max: 4] }; { minecraft:enderman [weight: 10, min: 1, max: 4] }; { minecraft:skeleton [weight: 100, min: 4, max: 4] }; { minecraft:slime [weight: 100, min: 4, max: 4] }; { minecraft:spider [weight: 100, min: 4, max: 4] }; { minecraft:witch [weight: 5, min: 1, max: 1] }; { minecraft:zombie [weight: 95, min: 4, max: 4] }; { minecraft:zombie_villager [weight: 5, min: 1, max: 1] }; { minecraft:bat [weight: 10, min: 8, max: 8] }; { minecraft:glow_squid [weight: 10, min: 4, max: 6] }; { friendsandfoes:rascal [weight: 4, min: 1, max: 1] }"
150,"minecraft:plains","{ minecraft:creeper [weight: 100, min: 4, max: 4] }; { minecraft:enderman [weight: 10, min: 1, max: 4] }; { minecraft:skeleton [weight: 100, min: 4, max: 4] }; { minecraft:slime [weight: 100, min: 4, max: 4] }; { minecraft:spider [weight: 100, min: 4, max: 4] }; { minecraft:witch [weight: 5, min: 1, max: 1] }; { minecraft:zombie [weight: 95, min: 4, max: 4] }; { minecraft:zombie_villager [weight: 5, min: 1, max: 1] }; { crittersandcompanions:ferret [weight: 4, min: 2, max: 3] }; { ecologics:squirrel [weight: 10, min: 2, max: 3] }; { hybrid-birds:rooster [weight: 5, min: 1, max: 2] }; { minecraft:chicken [weight: 10, min: 4, max: 4] }; { minecraft:cow [weight: 8, min: 4, max: 4] }; { minecraft:donkey [weight: 1, min: 1, max: 3] }; { minecraft:horse [weight: 5, min: 2, max: 6] }; { minecraft:pig [weight: 10, min: 4, max: 4] }; { minecraft:sheep [weight: 12, min: 4, max: 4] }; { naturalist:deer [weight: 10, min: 1, max: 3] }; { naturalist:robin [weight: 10, min: 1, max: 4] }; { naturalist:snail [weight: 10, min: 1, max: 3] }; { naturalist:snake [weight: 10, min: 1, max: 1] }; { naturalist:sparrow [weight: 10, min: 1, max: 4] }; { wildernature:bison [weight: 14, min: 3, max: 6] }; { wildernature:dog [weight: 5, min: 1, max: 1] }; { wildernature:raccoon [weight: 12, min: 2, max: 3] }; { wildernature:squirrel [weight: 10, min: 2, max: 2] }; { minecraft:bat [weight: 10, min: 8, max: 8] }; { naturalist:butterfly [weight: 10, min: 3, max: 5] }; { naturalist:firefly [weight: 10, min: 2, max: 3] }; { minecraft:glow_squid [weight: 10, min: 4, max: 6] }; { friendsandfoes:rascal [weight: 4, min: 1, max: 1] }; { untitledduckmod:goose [weight: 4, min: 2, max: 4] }"
151,"betternether:poor_nether_grasslands","{ betternether:jungle_skeleton [weight: 0, min: 2, max: 4] }; { betternether:naga [weight: 8, min: 3, max: 5] }; { betternether:skull [weight: 2, min: 2, max: 4] }; { minecraft:enderman [weight: 1, min: 4, max: 4] }; { minecraft:ghast [weight: 50, min: 4, max: 4] }; { minecraft:hoglin [weight: 0, min: 1, max: 2] }; { minecraft:magma_cube [weight: 2, min: 4, max: 4] }; { minecraft:piglin [weight: 15, min: 4, max: 4] }; { minecraft:piglin_brute [weight: 0, min: 1, max: 1] }; { minecraft:zombified_piglin [weight: 100, min: 4, max: 4] }; { minecraft:strider [weight: 60, min: 1, max: 2] }; { betternether:firefly [weight: 5, min: 1, max: 3] }; { betternether:flying_pig [weight: 0, min: 2, max: 4] }; { betternether:hydrogen_jellyfish [weight: 5, min: 2, max: 6] }"
152,"incendium:quartz_flats","{ betternether:naga [weight: 8, min: 3, max: 5] }; { minecraft:ghast [weight: 100, min: 8, max: 8] }; { minecraft:skeleton [weight: 100, min: 1, max: 5] }; { minecraft:strider [weight: 60, min: 1, max: 2] }; { betternether:firefly [weight: 5, min: 1, max: 3] }; { betternether:hydrogen_jellyfish [weight: 5, min: 2, max: 6] }"
153,"minecraft:river","{ minecraft:creeper [weight: 100, min: 4, max: 4] }; { minecraft:drowned [weight: 100, min: 1, max: 1] }; { minecraft:enderman [weight: 10, min: 1, max: 4] }; { minecraft:skeleton [weight: 100, min: 4, max: 4] }; { minecraft:slime [weight: 100, min: 4, max: 4] }; { minecraft:spider [weight: 100, min: 4, max: 4] }; { minecraft:witch [weight: 5, min: 1, max: 1] }; { minecraft:zombie [weight: 95, min: 4, max: 4] }; { minecraft:zombie_villager [weight: 5, min: 1, max: 1] }; { hybrid-birds:duck [weight: 5, min: 1, max: 3] }; { hybrid-birds:goose [weight: 3, min: 1, max: 3] }; { hybrid-birds:swan [weight: 1, min: 1, max: 2] }; { meadow:water_buffalo [weight: 3, min: 2, max: 3] }; { naturalist:alligator [weight: 10, min: 1, max: 2] }; { naturalist:coral_snake [weight: 10, min: 1, max: 1] }; { naturalist:duck [weight: 10, min: 1, max: 3] }; { naturalist:snail [weight: 10, min: 1, max: 3] }; { wildernature:pelican [weight: 7, min: 3, max: 5] }; { crittersandcompanions:dragonfly [weight: 7, min: 1, max: 1] }; { minecraft:bat [weight: 10, min: 8, max: 8] }; { minecraft:glow_squid [weight: 10, min: 4, max: 6] }; { crittersandcompanions:otter [weight: 1, min: 3, max: 5] }; { minecraft:squid [weight: 2, min: 1, max: 4] }; { crittersandcompanions:koi_fish [weight: 4, min: 2, max: 5] }; { fetzisasiandeco:koi [weight: 5, min: 2, max: 5] }; { minecraft:salmon [weight: 5, min: 1, max: 5] }; { naturalist:bass [weight: 10, min: 4, max: 4] }; { friendsandfoes:rascal [weight: 4, min: 1, max: 1] }; { hybrid-aquatic:carp [weight: 3, min: 0, max: 2] }; { hybrid-aquatic:golden_dorado [weight: 1, min: 1, max: 1] }; { hybrid-aquatic:shiner [weight: 3, min: 1, max: 2] }; { hybrid-aquatic:sunfish [weight: 3, min: 1, max: 2] }; { hybrid-aquatic:trout [weight: 2, min: 0, max: 1] }; { hybrid-aquatic:crayfish [weight: 2, min: 1, max: 2] }; { hybrid-aquatic:otter [weight: 1, min: 0, max: 2] }; { untitledduckmod:duck [weight: 6, min: 2, max: 4] }; { untitledduckmod:goose [weight: 4, min: 2, max: 4] }"
154,"minecraft:savanna","{ creeperoverhaul:cave_creeper [weight: 75, min: 2, max: 2] }; { creeperoverhaul:savannah_creeper [weight: 75, min: 2, max: 2] }; { endermanoverhaul:cave_enderman [weight: 2, min: 1, max: 2] }; { endermanoverhaul:savanna_enderman [weight: 10, min: 1, max: 4] }; { minecraft:skeleton [weight: 100, min: 4, max: 4] }; { minecraft:slime [weight: 100, min: 4, max: 4] }; { minecraft:spider [weight: 100, min: 4, max: 4] }; { minecraft:witch [weight: 5, min: 1, max: 1] }; { minecraft:zombie [weight: 95, min: 4, max: 4] }; { minecraft:zombie_villager [weight: 5, min: 1, max: 1] }; { friendsandfoes:mauler [weight: 32, min: 1, max: 1] }; { hybrid-birds:guinea_fowl [weight: 3, min: 1, max: 3] }; { meadow:water_buffalo [weight: 3, min: 2, max: 3] }; { minecraft:donkey [weight: 1, min: 1, max: 1] }; { minecraft:horse [weight: 1, min: 2, max: 6] }; { naturalist:boar [weight: 10, min: 4, max: 4] }; { naturalist:cardinal [weight: 10, min: 1, max: 4] }; { naturalist:elephant [weight: 5, min: 2, max: 3] }; { naturalist:finch [weight: 10, min: 1, max: 4] }; { naturalist:giraffe [weight: 5, min: 2, max: 4] }; { naturalist:hippo [weight: 10, min: 3, max: 4] }; { naturalist:lion [weight: 3, min: 3, max: 5] }; { naturalist:lizard [weight: 10, min: 1, max: 2] }; { naturalist:rattlesnake [weight: 10, min: 1, max: 1] }; { naturalist:rhino [weight: 1, min: 1, max: 3] }; { naturalist:snail [weight: 10, min: 1, max: 3] }; { naturalist:snake [weight: 10, min: 1, max: 1] }; { naturalist:vulture [weight: 3, min: 2, max: 4] }; { naturalist:zebra [weight: 1, min: 2, max: 3] }; { wildernature:bison [weight: 14, min: 3, max: 6] }; { wildernature:boar [weight: 14, min: 4, max: 5] }; { wildernature:cassowary [weight: 7, min: 3, max: 5] }; { minecraft:bat [weight: 10, min: 8, max: 8] }; { minecraft:glow_squid [weight: 10, min: 4, max: 6] }; { friendsandfoes:rascal [weight: 4, min: 1, max: 1] }"
155,"still_life:savanna_beach","{ creeperoverhaul:beach_creeper [weight: 75, min: 2, max: 2] }; { creeperoverhaul:cave_creeper [weight: 75, min: 2, max: 2] }; { minecraft:drowned [weight: 10, min: 1, max: 4] }; { minecraft:enderman [weight: 10, min: 1, max: 4] }; { minecraft:skeleton [weight: 100, min: 4, max: 4] }; { minecraft:slime [weight: 100, min: 4, max: 4] }; { minecraft:spider [weight: 10, min: 4, max: 4] }; { minecraft:witch [weight: 5, min: 1, max: 1] }; { minecraft:zombie [weight: 95, min: 4, max: 4] }; { minecraft:zombie_villager [weight: 5, min: 1, max: 1] }; { minecraft:turtle [weight: 2, min: 2, max: 5] }; { naturalist:coral_snake [weight: 10, min: 1, max: 1] }; { wildernature:pelican [weight: 7, min: 3, max: 5] }; { minecraft:bat [weight: 10, min: 8, max: 8] }; { minecraft:glow_squid [weight: 10, min: 4, max: 6] }; { friendsandfoes:rascal [weight: 4, min: 1, max: 1] }"
156,"still_life:savanna_highlands","{ creeperoverhaul:cave_creeper [weight: 75, min: 2, max: 2] }; { creeperoverhaul:cave_creeper [weight: 75, min: 2, max: 2] }; { creeperoverhaul:hills_creeper [weight: 75, min: 2, max: 2] }; { creeperoverhaul:savannah_creeper [weight: 75, min: 2, max: 2] }; { endermanoverhaul:cave_enderman [weight: 2, min: 1, max: 2] }; { endermanoverhaul:savanna_enderman [weight: 10, min: 1, max: 4] }; { minecraft:skeleton [weight: 100, min: 4, max: 4] }; { minecraft:slime [weight: 100, min: 4, max: 4] }; { minecraft:spider [weight: 100, min: 4, max: 4] }; { minecraft:witch [weight: 5, min: 1, max: 1] }; { minecraft:zombie [weight: 95, min: 4, max: 4] }; { minecraft:zombie_villager [weight: 5, min: 1, max: 1] }; { friendsandfoes:mauler [weight: 32, min: 1, max: 1] }; { hybrid-birds:guinea_fowl [weight: 3, min: 1, max: 3] }; { meadow:water_buffalo [weight: 3, min: 2, max: 3] }; { meadow:wooly_sheep [weight: 10, min: 2, max: 3] }; { minecraft:donkey [weight: 1, min: 1, max: 1] }; { minecraft:horse [weight: 1, min: 2, max: 6] }; { minecraft:rabbit [weight: 0, min: 2, max: 4] }; { minecraft:wolf [weight: 1, min: 3, max: 5] }; { naturalist:bear [weight: 10, min: 1, max: 2] }; { naturalist:boar [weight: 10, min: 4, max: 4] }; { naturalist:canary [weight: 10, min: 1, max: 4] }; { naturalist:cardinal [weight: 10, min: 1, max: 4] }; { naturalist:elephant [weight: 5, min: 2, max: 3] }; { naturalist:finch [weight: 10, min: 1, max: 4] }; { naturalist:giraffe [weight: 5, min: 2, max: 4] }; { naturalist:hippo [weight: 10, min: 3, max: 4] }; { naturalist:lion [weight: 3, min: 3, max: 5] }; { naturalist:lizard [weight: 10, min: 1, max: 2] }; { naturalist:rattlesnake [weight: 10, min: 1, max: 1] }; { naturalist:rhino [weight: 1, min: 1, max: 3] }; { naturalist:robin [weight: 10, min: 1, max: 4] }; { naturalist:snail [weight: 10, min: 1, max: 3] }; { naturalist:snake [weight: 10, min: 1, max: 1] }; { naturalist:vulture [weight: 3, min: 2, max: 4] }; { naturalist:zebra [weight: 1, min: 2, max: 3] }; { wildernature:bison [weight: 14, min: 3, max: 6] }; { wildernature:boar [weight: 14, min: 4, max: 5] }; { wildernature:cassowary [weight: 7, min: 3, max: 5] }; { minecraft:bat [weight: 10, min: 8, max: 8] }; { minecraft:glow_squid [weight: 10, min: 4, max: 6] }; { friendsandfoes:rascal [weight: 4, min: 1, max: 1] }"
157,"minecraft:savanna_plateau","{ creeperoverhaul:cave_creeper [weight: 75, min: 2, max: 2] }; { creeperoverhaul:savannah_creeper [weight: 75, min: 2, max: 2] }; { endermanoverhaul:cave_enderman [weight: 2, min: 1, max: 2] }; { endermanoverhaul:savanna_enderman [weight: 10, min: 1, max: 4] }; { minecraft:skeleton [weight: 100, min: 4, max: 4] }; { minecraft:slime [weight: 100, min: 4, max: 4] }; { minecraft:spider [weight: 100, min: 4, max: 4] }; { minecraft:witch [weight: 5, min: 1, max: 1] }; { minecraft:zombie [weight: 95, min: 4, max: 4] }; { minecraft:zombie_villager [weight: 5, min: 1, max: 1] }; { friendsandfoes:mauler [weight: 32, min: 1, max: 1] }; { hybrid-birds:guinea_fowl [weight: 3, min: 1, max: 3] }; { meadow:water_buffalo [weight: 3, min: 2, max: 3] }; { minecraft:donkey [weight: 1, min: 1, max: 1] }; { minecraft:horse [weight: 1, min: 2, max: 6] }; { minecraft:llama [weight: 8, min: 4, max: 4] }; { minecraft:wolf [weight: 5, min: 4, max: 4] }; { naturalist:boar [weight: 10, min: 4, max: 4] }; { naturalist:cardinal [weight: 10, min: 1, max: 4] }; { naturalist:elephant [weight: 5, min: 2, max: 3] }; { naturalist:finch [weight: 10, min: 1, max: 4] }; { naturalist:giraffe [weight: 5, min: 2, max: 4] }; { naturalist:hippo [weight: 10, min: 3, max: 4] }; { naturalist:lion [weight: 3, min: 3, max: 5] }; { naturalist:lizard [weight: 10, min: 1, max: 2] }; { naturalist:rattlesnake [weight: 10, min: 1, max: 1] }; { naturalist:rhino [weight: 1, min: 1, max: 3] }; { naturalist:snail [weight: 10, min: 1, max: 3] }; { naturalist:snake [weight: 10, min: 1, max: 1] }; { naturalist:vulture [weight: 3, min: 2, max: 4] }; { naturalist:zebra [weight: 1, min: 2, max: 3] }; { wildernature:bison [weight: 14, min: 3, max: 6] }; { wildernature:boar [weight: 14, min: 4, max: 5] }; { wildernature:cassowary [weight: 7, min: 3, max: 5] }; { minecraft:bat [weight: 10, min: 8, max: 8] }; { minecraft:glow_squid [weight: 10, min: 4, max: 6] }; { friendsandfoes:rascal [weight: 4, min: 1, max: 1] }"
158,"still_life:savanna_river","{ minecraft:creeper [weight: 100, min: 4, max: 4] }; { minecraft:drowned [weight: 10, min: 1, max: 2] }; { minecraft:enderman [weight: 10, min: 1, max: 4] }; { minecraft:skeleton [weight: 100, min: 4, max: 4] }; { minecraft:slime [weight: 100, min: 4, max: 4] }; { minecraft:spider [weight: 100, min: 4, max: 4] }; { minecraft:witch [weight: 5, min: 1, max: 1] }; { minecraft:zombie [weight: 95, min: 4, max: 4] }; { minecraft:zombie_villager [weight: 5, min: 1, max: 1] }; { meadow:water_buffalo [weight: 3, min: 2, max: 3] }; { minecraft:chicken [weight: 10, min: 4, max: 4] }; { minecraft:cow [weight: 8, min: 4, max: 4] }; { minecraft:donkey [weight: 1, min: 1, max: 1] }; { minecraft:horse [weight: 1, min: 2, max: 6] }; { minecraft:pig [weight: 10, min: 4, max: 4] }; { minecraft:sheep [weight: 12, min: 4, max: 4] }; { naturalist:coral_snake [weight: 10, min: 1, max: 1] }; { naturalist:duck [weight: 10, min: 1, max: 3] }; { naturalist:snail [weight: 10, min: 1, max: 3] }; { wildernature:pelican [weight: 7, min: 3, max: 5] }; { crittersandcompanions:dragonfly [weight: 7, min: 1, max: 1] }; { minecraft:bat [weight: 10, min: 8, max: 8] }; { minecraft:glow_squid [weight: 10, min: 4, max: 6] }; { crittersandcompanions:otter [weight: 1, min: 3, max: 5] }; { crittersandcompanions:koi_fish [weight: 4, min: 2, max: 5] }; { fetzisasiandeco:koi [weight: 5, min: 2, max: 5] }; { naturalist:bass [weight: 10, min: 4, max: 4] }; { friendsandfoes:rascal [weight: 4, min: 1, max: 1] }; { hybrid-aquatic:carp [weight: 3, min: 0, max: 2] }; { hybrid-aquatic:danio [weight: 3, min: 2, max: 3] }; { hybrid-aquatic:discus [weight: 1, min: 1, max: 1] }; { hybrid-aquatic:golden_dorado [weight: 1, min: 1, max: 1] }; { hybrid-aquatic:golden_dorado [weight: 1, min: 1, max: 1] }; { hybrid-aquatic:gourami [weight: 1, min: 1, max: 1] }; { hybrid-aquatic:oscar [weight: 1, min: 1, max: 1] }; { hybrid-aquatic:piranha [weight: 2, min: 4, max: 8] }; { hybrid-aquatic:shiner [weight: 3, min: 1, max: 2] }; { hybrid-aquatic:sunfish [weight: 3, min: 1, max: 2] }; { hybrid-aquatic:tetra [weight: 3, min: 2, max: 3] }; { hybrid-aquatic:tiger_barb [weight: 3, min: 2, max: 3] }; { hybrid-aquatic:trout [weight: 2, min: 0, max: 1] }; { hybrid-aquatic:crayfish [weight: 2, min: 1, max: 2] }; { hybrid-aquatic:vampire_crab [weight: 1, min: 1, max: 2] }; { hybrid-aquatic:otter [weight: 1, min: 0, max: 2] }; { untitledduckmod:duck [weight: 6, min: 2, max: 4] }; { untitledduckmod:goose [weight: 4, min: 2, max: 4] }"
159,"still_life:scorched_caves","{ creeperoverhaul:badlands_creeper [weight: 75, min: 2, max: 2] }; { creeperoverhaul:cave_creeper [weight: 75, min: 2, max: 2] }; { endermanoverhaul:badlands_enderman [weight: 10, min: 1, max: 4] }; { endermanoverhaul:cave_enderman [weight: 2, min: 1, max: 2] }; { minecraft:skeleton [weight: 100, min: 4, max: 4] }; { minecraft:slime [weight: 100, min: 4, max: 4] }; { minecraft:spider [weight: 100, min: 4, max: 4] }; { minecraft:witch [weight: 5, min: 1, max: 1] }; { minecraft:zombie [weight: 95, min: 4, max: 4] }; { minecraft:zombie_villager [weight: 5, min: 1, max: 1] }; { minecraft:chicken [weight: 10, min: 4, max: 4] }; { minecraft:cow [weight: 8, min: 4, max: 4] }; { minecraft:donkey [weight: 1, min: 1, max: 1] }; { minecraft:horse [weight: 1, min: 2, max: 6] }; { minecraft:pig [weight: 10, min: 4, max: 4] }; { minecraft:sheep [weight: 12, min: 4, max: 4] }; { minecraft:bat [weight: 10, min: 8, max: 8] }; { minecraft:glow_squid [weight: 10, min: 4, max: 6] }; { friendsandfoes:rascal [weight: 4, min: 1, max: 1] }"
160,"still_life:semiarid_desert","{ creeperoverhaul:cave_creeper [weight: 75, min: 2, max: 2] }; { creeperoverhaul:desert_creeper [weight: 75, min: 2, max: 2] }; { endermanoverhaul:cave_enderman [weight: 2, min: 1, max: 2] }; { endermanoverhaul:desert_enderman [weight: 10, min: 1, max: 4] }; { minecraft:husk [weight: 80, min: 4, max: 4] }; { minecraft:skeleton [weight: 100, min: 4, max: 4] }; { minecraft:slime [weight: 100, min: 4, max: 4] }; { minecraft:spider [weight: 100, min: 4, max: 4] }; { minecraft:witch [weight: 5, min: 1, max: 1] }; { minecraft:zombie_villager [weight: 5, min: 1, max: 1] }; { friendsandfoes:mauler [weight: 8, min: 1, max: 1] }; { minecraft:camel [weight: 1, min: 1, max: 3] }; { minecraft:rabbit [weight: 9, min: 2, max: 3] }; { naturalist:cardinal [weight: 10, min: 1, max: 4] }; { naturalist:lizard [weight: 10, min: 1, max: 2] }; { naturalist:rattlesnake [weight: 10, min: 1, max: 1] }; { naturalist:snake [weight: 10, min: 1, max: 1] }; { naturalist:tortoise [weight: 10, min: 1, max: 3] }; { naturalist:vulture [weight: 3, min: 2, max: 4] }; { minecraft:bat [weight: 10, min: 8, max: 8] }; { minecraft:glow_squid [weight: 10, min: 4, max: 6] }; { friendsandfoes:rascal [weight: 4, min: 1, max: 1] }"
161,"betterend:shadow_forest","{ betterend:shadow_walker [weight: 80, min: 2, max: 4] }; { endermanoverhaul:end_enderman [weight: 2, min: 1, max: 2] }; { endermanoverhaul:end_islands_enderman [weight: 1, min: 1, max: 1] }; { minecraft:enderman [weight: 40, min: 1, max: 4] }; { minecraft:phantom [weight: 1, min: 1, max: 2] }"
162,"nullscape:shadowlands","{ endermanoverhaul:end_enderman [weight: 2, min: 1, max: 2] }; { endermanoverhaul:end_islands_enderman [weight: 1, min: 1, max: 1] }; { minecraft:enderman [weight: 10, min: 4, max: 4] }; { minecraft:phantom [weight: 5, min: 1, max: 1] }"
163,"still_life:shrub_steppe","{ endermanoverhaul:cave_enderman [weight: 2, min: 1, max: 2] }; { endermanoverhaul:savanna_enderman [weight: 10, min: 1, max: 4] }; { minecraft:creeper [weight: 100, min: 4, max: 4] }; { minecraft:skeleton [weight: 100, min: 4, max: 4] }; { minecraft:slime [weight: 100, min: 4, max: 4] }; { minecraft:spider [weight: 100, min: 4, max: 4] }; { minecraft:witch [weight: 5, min: 1, max: 1] }; { minecraft:zombie [weight: 95, min: 4, max: 4] }; { minecraft:zombie_villager [weight: 5, min: 1, max: 1] }; { friendsandfoes:mauler [weight: 32, min: 1, max: 1] }; { minecraft:chicken [weight: 0, min: 4, max: 4] }; { minecraft:cow [weight: 8, min: 4, max: 4] }; { minecraft:donkey [weight: 1, min: 1, max: 1] }; { minecraft:horse [weight: 1, min: 2, max: 6] }; { minecraft:pig [weight: 0, min: 4, max: 4] }; { minecraft:rabbit [weight: 4, min: 2, max: 4] }; { minecraft:sheep [weight: 0, min: 4, max: 4] }; { naturalist:boar [weight: 10, min: 4, max: 4] }; { naturalist:cardinal [weight: 10, min: 1, max: 4] }; { naturalist:elephant [weight: 5, min: 2, max: 3] }; { naturalist:finch [weight: 10, min: 1, max: 4] }; { naturalist:giraffe [weight: 5, min: 2, max: 4] }; { naturalist:hippo [weight: 10, min: 3, max: 4] }; { naturalist:lion [weight: 3, min: 3, max: 5] }; { naturalist:lizard [weight: 10, min: 1, max: 2] }; { naturalist:rattlesnake [weight: 10, min: 1, max: 1] }; { naturalist:rhino [weight: 1, min: 1, max: 3] }; { naturalist:snail [weight: 10, min: 1, max: 3] }; { naturalist:snake [weight: 10, min: 1, max: 1] }; { naturalist:vulture [weight: 3, min: 2, max: 4] }; { naturalist:zebra [weight: 1, min: 2, max: 3] }; { wildernature:bison [weight: 14, min: 3, max: 6] }; { minecraft:bat [weight: 10, min: 8, max: 8] }; { minecraft:glow_squid [weight: 10, min: 4, max: 6] }; { friendsandfoes:rascal [weight: 4, min: 1, max: 1] }"
164,"minecraft:small_end_islands","{ endermanoverhaul:end_enderman [weight: 2, min: 1, max: 2] }; { minecraft:enderman [weight: 10, min: 4, max: 4] }"
165,"still_life:snowy_barren_peaks","{ creeperoverhaul:cave_creeper [weight: 75, min: 2, max: 2] }; { creeperoverhaul:hills_creeper [weight: 75, min: 2, max: 2] }; { minecraft:enderman [weight: 10, min: 1, max: 4] }; { minecraft:skeleton [weight: 100, min: 4, max: 4] }; { minecraft:slime [weight: 100, min: 4, max: 4] }; { minecraft:spider [weight: 10, min: 4, max: 4] }; { minecraft:witch [weight: 5, min: 1, max: 1] }; { minecraft:zombie [weight: 25, min: 4, max: 4] }; { minecraft:zombie_villager [weight: 5, min: 1, max: 1] }; { meadow:wooly_sheep [weight: 10, min: 2, max: 3] }; { minecraft:sheep [weight: 6, min: 2, max: 3] }; { naturalist:bear [weight: 10, min: 1, max: 2] }; { naturalist:canary [weight: 10, min: 1, max: 4] }; { naturalist:robin [weight: 10, min: 1, max: 4] }; { naturalist:snail [weight: 10, min: 1, max: 3] }; { minecraft:bat [weight: 10, min: 8, max: 8] }; { minecraft:glow_squid [weight: 10, min: 4, max: 6] }; { friendsandfoes:rascal [weight: 4, min: 1, max: 1] }"
166,"minecraft:snowy_beach","{ creeperoverhaul:beach_creeper [weight: 75, min: 2, max: 2] }; { creeperoverhaul:cave_creeper [weight: 75, min: 2, max: 2] }; { creeperoverhaul:cave_creeper [weight: 75, min: 2, max: 2] }; { creeperoverhaul:snowy_creeper [weight: 75, min: 2, max: 2] }; { endermanoverhaul:cave_enderman [weight: 2, min: 1, max: 2] }; { endermanoverhaul:snowy_enderman [weight: 10, min: 1, max: 4] }; { minecraft:skeleton [weight: 100, min: 4, max: 4] }; { minecraft:slime [weight: 100, min: 4, max: 4] }; { minecraft:spider [weight: 100, min: 4, max: 4] }; { minecraft:witch [weight: 5, min: 1, max: 1] }; { minecraft:zombie [weight: 95, min: 4, max: 4] }; { minecraft:zombie_villager [weight: 5, min: 1, max: 1] }; { naturalist:bluejay [weight: 10, min: 1, max: 4] }; { naturalist:coral_snake [weight: 10, min: 1, max: 1] }; { wildernature:pelican [weight: 7, min: 3, max: 5] }; { minecraft:bat [weight: 10, min: 8, max: 8] }; { minecraft:glow_squid [weight: 10, min: 4, max: 6] }; { friendsandfoes:rascal [weight: 4, min: 1, max: 1] }"
167,"still_life:snowy_boreal_alpine_tundra","{ creeperoverhaul:cave_creeper [weight: 75, min: 2, max: 2] }; { creeperoverhaul:hills_creeper [weight: 75, min: 2, max: 2] }; { minecraft:enderman [weight: 10, min: 1, max: 4] }; { minecraft:skeleton [weight: 100, min: 4, max: 4] }; { minecraft:slime [weight: 100, min: 4, max: 4] }; { minecraft:spider [weight: 100, min: 4, max: 4] }; { minecraft:witch [weight: 5, min: 1, max: 1] }; { minecraft:zombie [weight: 95, min: 4, max: 4] }; { minecraft:zombie_villager [weight: 5, min: 1, max: 1] }; { meadow:wooly_sheep [weight: 10, min: 2, max: 3] }; { minecraft:chicken [weight: 0, min: 4, max: 4] }; { minecraft:cow [weight: 1, min: 4, max: 4] }; { minecraft:donkey [weight: 0, min: 1, max: 1] }; { minecraft:fox [weight: 2, min: 1, max: 2] }; { minecraft:goat [weight: 3, min: 1, max: 3] }; { minecraft:horse [weight: 0, min: 2, max: 6] }; { minecraft:pig [weight: 0, min: 4, max: 4] }; { minecraft:sheep [weight: 10, min: 4, max: 4] }; { naturalist:bear [weight: 10, min: 1, max: 2] }; { naturalist:canary [weight: 10, min: 1, max: 4] }; { naturalist:robin [weight: 10, min: 1, max: 4] }; { naturalist:snail [weight: 10, min: 1, max: 3] }; { minecraft:bat [weight: 10, min: 8, max: 8] }; { minecraft:glow_squid [weight: 10, min: 4, max: 6] }; { friendsandfoes:rascal [weight: 4, min: 1, max: 1] }"
168,"still_life:snowy_peaks","{ creeperoverhaul:cave_creeper [weight: 75, min: 2, max: 2] }; { creeperoverhaul:cave_creeper [weight: 75, min: 2, max: 2] }; { creeperoverhaul:snowy_creeper [weight: 75, min: 2, max: 2] }; { minecraft:enderman [weight: 10, min: 1, max: 4] }; { minecraft:skeleton [weight: 100, min: 4, max: 4] }; { minecraft:slime [weight: 100, min: 4, max: 4] }; { minecraft:spider [weight: 100, min: 4, max: 4] }; { minecraft:witch [weight: 5, min: 1, max: 1] }; { minecraft:zombie [weight: 95, min: 4, max: 4] }; { minecraft:zombie_villager [weight: 5, min: 1, max: 1] }; { meadow:wooly_sheep [weight: 10, min: 2, max: 3] }; { minecraft:sheep [weight: 6, min: 2, max: 3] }; { naturalist:bear [weight: 10, min: 1, max: 2] }; { naturalist:canary [weight: 10, min: 1, max: 4] }; { naturalist:robin [weight: 10, min: 1, max: 4] }; { naturalist:snail [weight: 10, min: 1, max: 3] }; { minecraft:bat [weight: 10, min: 8, max: 8] }; { minecraft:glow_squid [weight: 10, min: 4, max: 6] }; { friendsandfoes:rascal [weight: 4, min: 1, max: 1] }"
169,"minecraft:snowy_plains","{ creeperoverhaul:cave_creeper [weight: 75, min: 2, max: 2] }; { creeperoverhaul:snowy_creeper [weight: 75, min: 2, max: 2] }; { endermanoverhaul:cave_enderman [weight: 2, min: 1, max: 2] }; { endermanoverhaul:snowy_enderman [weight: 10, min: 1, max: 4] }; { minecraft:skeleton [weight: 20, min: 4, max: 4] }; { minecraft:slime [weight: 100, min: 4, max: 4] }; { minecraft:spider [weight: 100, min: 4, max: 4] }; { minecraft:stray [weight: 80, min: 4, max: 4] }; { minecraft:witch [weight: 5, min: 1, max: 1] }; { minecraft:zombie [weight: 95, min: 4, max: 4] }; { minecraft:zombie_villager [weight: 5, min: 1, max: 1] }; { crittersandcompanions:shima_enaga [weight: 3, min: 2, max: 3] }; { ecologics:penguin [weight: 2, min: 4, max: 5] }; { minecraft:polar_bear [weight: 1, min: 1, max: 2] }; { minecraft:rabbit [weight: 10, min: 2, max: 3] }; { naturalist:bluejay [weight: 10, min: 1, max: 4] }; { minecraft:bat [weight: 10, min: 8, max: 8] }; { minecraft:glow_squid [weight: 10, min: 4, max: 6] }; { friendsandfoes:rascal [weight: 4, min: 1, max: 1] }"
170,"minecraft:snowy_slopes","{ creeperoverhaul:cave_creeper [weight: 75, min: 2, max: 2] }; { creeperoverhaul:cave_creeper [weight: 75, min: 2, max: 2] }; { creeperoverhaul:snowy_creeper [weight: 75, min: 2, max: 2] }; { endermanoverhaul:cave_enderman [weight: 2, min: 1, max: 2] }; { endermanoverhaul:snowy_enderman [weight: 10, min: 1, max: 4] }; { minecraft:skeleton [weight: 100, min: 4, max: 4] }; { minecraft:slime [weight: 100, min: 4, max: 4] }; { minecraft:spider [weight: 100, min: 4, max: 4] }; { minecraft:witch [weight: 5, min: 1, max: 1] }; { minecraft:zombie [weight: 95, min: 4, max: 4] }; { minecraft:zombie_villager [weight: 5, min: 1, max: 1] }; { meadow:wooly_sheep [weight: 10, min: 2, max: 3] }; { minecraft:goat [weight: 5, min: 1, max: 3] }; { minecraft:rabbit [weight: 4, min: 2, max: 3] }; { minecraft:sheep [weight: 6, min: 2, max: 3] }; { naturalist:bear [weight: 10, min: 1, max: 2] }; { naturalist:bluejay [weight: 10, min: 1, max: 4] }; { naturalist:canary [weight: 10, min: 1, max: 4] }; { naturalist:robin [weight: 10, min: 1, max: 4] }; { naturalist:snail [weight: 10, min: 1, max: 3] }; { wildernature:minisheep [weight: 13, min: 3, max: 6] }; { minecraft:bat [weight: 10, min: 8, max: 8] }; { minecraft:glow_squid [weight: 10, min: 4, max: 6] }; { friendsandfoes:rascal [weight: 4, min: 1, max: 1] }"
171,"minecraft:snowy_taiga","{ creeperoverhaul:cave_creeper [weight: 75, min: 2, max: 2] }; { creeperoverhaul:cave_creeper [weight: 75, min: 2, max: 2] }; { creeperoverhaul:snowy_creeper [weight: 75, min: 2, max: 2] }; { creeperoverhaul:spruce_creeper [weight: 75, min: 2, max: 2] }; { endermanoverhaul:cave_enderman [weight: 2, min: 1, max: 2] }; { endermanoverhaul:snowy_enderman [weight: 10, min: 1, max: 4] }; { minecraft:skeleton [weight: 100, min: 4, max: 4] }; { minecraft:slime [weight: 100, min: 4, max: 4] }; { minecraft:spider [weight: 100, min: 4, max: 4] }; { minecraft:witch [weight: 5, min: 1, max: 1] }; { minecraft:zombie [weight: 95, min: 4, max: 4] }; { minecraft:zombie_villager [weight: 5, min: 1, max: 1] }; { minecraft:chicken [weight: 10, min: 4, max: 4] }; { minecraft:cow [weight: 8, min: 4, max: 4] }; { minecraft:fox [weight: 8, min: 2, max: 4] }; { minecraft:pig [weight: 10, min: 4, max: 4] }; { minecraft:rabbit [weight: 4, min: 2, max: 3] }; { minecraft:sheep [weight: 12, min: 4, max: 4] }; { minecraft:wolf [weight: 8, min: 4, max: 4] }; { naturalist:bear [weight: 10, min: 1, max: 2] }; { naturalist:bluejay [weight: 10, min: 1, max: 4] }; { minecraft:bat [weight: 10, min: 8, max: 8] }; { minecraft:glow_squid [weight: 10, min: 4, max: 6] }; { friendsandfoes:rascal [weight: 4, min: 1, max: 1] }"
172,"still_life:snowy_tundra","{ endermanoverhaul:cave_enderman [weight: 2, min: 1, max: 2] }; { endermanoverhaul:snowy_enderman [weight: 10, min: 1, max: 4] }; { minecraft:creeper [weight: 100, min: 4, max: 4] }; { minecraft:skeleton [weight: 100, min: 4, max: 4] }; { minecraft:slime [weight: 100, min: 4, max: 4] }; { minecraft:spider [weight: 100, min: 4, max: 4] }; { minecraft:witch [weight: 5, min: 1, max: 1] }; { minecraft:zombie [weight: 95, min: 4, max: 4] }; { minecraft:zombie_villager [weight: 5, min: 1, max: 1] }; { minecraft:chicken [weight: 0, min: 4, max: 4] }; { minecraft:cow [weight: 1, min: 3, max: 4] }; { minecraft:donkey [weight: 0, min: 1, max: 1] }; { minecraft:fox [weight: 1, min: 1, max: 2] }; { minecraft:horse [weight: 0, min: 2, max: 6] }; { minecraft:pig [weight: 0, min: 4, max: 4] }; { minecraft:rabbit [weight: 3, min: 1, max: 2] }; { minecraft:sheep [weight: 0, min: 4, max: 4] }; { minecraft:bat [weight: 10, min: 8, max: 8] }; { minecraft:glow_squid [weight: 10, min: 4, max: 6] }; { friendsandfoes:rascal [weight: 4, min: 1, max: 1] }"
173,"betternether:soul_plain","{ betternether:jungle_skeleton [weight: 0, min: 2, max: 4] }; { betternether:naga [weight: 8, min: 3, max: 5] }; { betternether:skull [weight: 2, min: 2, max: 4] }; { minecraft:enderman [weight: 1, min: 4, max: 4] }; { minecraft:ghast [weight: 50, min: 4, max: 4] }; { minecraft:hoglin [weight: 0, min: 1, max: 2] }; { minecraft:magma_cube [weight: 2, min: 4, max: 4] }; { minecraft:piglin [weight: 15, min: 4, max: 4] }; { minecraft:piglin_brute [weight: 0, min: 1, max: 1] }; { minecraft:zombified_piglin [weight: 100, min: 4, max: 4] }; { minecraft:strider [weight: 60, min: 1, max: 2] }; { betternether:firefly [weight: 5, min: 1, max: 3] }; { betternether:flying_pig [weight: 0, min: 2, max: 4] }; { betternether:hydrogen_jellyfish [weight: 5, min: 2, max: 6] }"
174,"minecraft:soul_sand_valley","{ betternether:naga [weight: 8, min: 3, max: 5] }; { endermanoverhaul:soulsand_valley_enderman [weight: 2, min: 1, max: 2] }; { minecraft:ghast [weight: 50, min: 4, max: 4] }; { minecraft:skeleton [weight: 20, min: 5, max: 5] }; { minecraft:strider [weight: 60, min: 1, max: 2] }; { betternether:firefly [weight: 5, min: 1, max: 3] }; { betternether:hydrogen_jellyfish [weight: 5, min: 2, max: 6] }"
175,"minecraft:sparse_jungle","{ creeperoverhaul:bamboo_creeper [weight: 75, min: 2, max: 2] }; { creeperoverhaul:cave_creeper [weight: 75, min: 2, max: 2] }; { creeperoverhaul:jungle_creeper [weight: 75, min: 2, max: 2] }; { minecraft:enderman [weight: 10, min: 1, max: 4] }; { minecraft:skeleton [weight: 100, min: 4, max: 4] }; { minecraft:slime [weight: 100, min: 4, max: 4] }; { minecraft:spider [weight: 100, min: 4, max: 4] }; { minecraft:witch [weight: 5, min: 1, max: 1] }; { minecraft:zombie [weight: 95, min: 4, max: 4] }; { minecraft:zombie_villager [weight: 5, min: 1, max: 1] }; { crittersandcompanions:jumping_spider [weight: 2, min: 1, max: 1] }; { crittersandcompanions:red_panda [weight: 8, min: 1, max: 2] }; { hybrid-birds:peacock [weight: 2, min: 1, max: 2] }; { minecraft:frog [weight: 8, min: 3, max: 4] }; { minecraft:sheep [weight: 12, min: 4, max: 4] }; { minecraft:wolf [weight: 5, min: 4, max: 4] }; { naturalist:coral_snake [weight: 10, min: 1, max: 1] }; { naturalist:elephant [weight: 5, min: 2, max: 3] }; { naturalist:hippo [weight: 10, min: 3, max: 4] }; { naturalist:lizard [weight: 10, min: 1, max: 2] }; { naturalist:snail [weight: 10, min: 1, max: 3] }; { naturalist:snake [weight: 10, min: 1, max: 1] }; { naturalist:tortoise [weight: 10, min: 1, max: 3] }; { wildernature:cassowary [weight: 7, min: 3, max: 5] }; { crittersandcompanions:leaf_insect [weight: 14, min: 1, max: 1] }; { minecraft:bat [weight: 10, min: 8, max: 8] }; { minecraft:glow_squid [weight: 10, min: 4, max: 6] }; { friendsandfoes:rascal [weight: 4, min: 1, max: 1] }; { hybrid-aquatic:african_butterflyfish [weight: 2, min: 1, max: 1] }; { hybrid-aquatic:danio [weight: 3, min: 2, max: 3] }; { hybrid-aquatic:discus [weight: 1, min: 1, max: 1] }; { hybrid-aquatic:golden_dorado [weight: 1, min: 1, max: 1] }; { hybrid-aquatic:gourami [weight: 1, min: 1, max: 1] }; { hybrid-aquatic:oscar [weight: 1, min: 1, max: 1] }; { hybrid-aquatic:piranha [weight: 2, min: 4, max: 8] }; { hybrid-aquatic:pleco [weight: 1, min: 1, max: 2] }; { hybrid-aquatic:tetra [weight: 3, min: 2, max: 3] }; { hybrid-aquatic:tiger_barb [weight: 3, min: 2, max: 3] }; { hybrid-aquatic:vampire_crab [weight: 1, min: 1, max: 2] }"
176,"ae2:spatial_storage",""
177,"still_life:steppe_river","{ minecraft:creeper [weight: 100, min: 4, max: 4] }; { minecraft:enderman [weight: 10, min: 1, max: 4] }; { minecraft:skeleton [weight: 100, min: 4, max: 4] }; { minecraft:slime [weight: 100, min: 4, max: 4] }; { minecraft:spider [weight: 100, min: 4, max: 4] }; { minecraft:witch [weight: 5, min: 1, max: 1] }; { minecraft:zombie [weight: 95, min: 4, max: 4] }; { minecraft:zombie_villager [weight: 5, min: 1, max: 1] }; { meadow:water_buffalo [weight: 3, min: 2, max: 3] }; { minecraft:chicken [weight: 10, min: 4, max: 4] }; { minecraft:cow [weight: 8, min: 4, max: 4] }; { minecraft:donkey [weight: 1, min: 1, max: 1] }; { minecraft:horse [weight: 1, min: 2, max: 6] }; { minecraft:pig [weight: 10, min: 4, max: 4] }; { minecraft:sheep [weight: 12, min: 4, max: 4] }; { naturalist:coral_snake [weight: 10, min: 1, max: 1] }; { naturalist:duck [weight: 10, min: 1, max: 3] }; { naturalist:snail [weight: 10, min: 1, max: 3] }; { wildernature:pelican [weight: 7, min: 3, max: 5] }; { crittersandcompanions:dragonfly [weight: 7, min: 1, max: 1] }; { minecraft:bat [weight: 10, min: 8, max: 8] }; { minecraft:glow_squid [weight: 10, min: 4, max: 6] }; { crittersandcompanions:otter [weight: 1, min: 3, max: 5] }; { crittersandcompanions:koi_fish [weight: 4, min: 2, max: 5] }; { fetzisasiandeco:koi [weight: 5, min: 2, max: 5] }; { naturalist:bass [weight: 10, min: 4, max: 4] }; { friendsandfoes:rascal [weight: 4, min: 1, max: 1] }; { hybrid-aquatic:carp [weight: 3, min: 0, max: 2] }; { hybrid-aquatic:golden_dorado [weight: 1, min: 1, max: 1] }; { hybrid-aquatic:shiner [weight: 3, min: 1, max: 2] }; { hybrid-aquatic:sunfish [weight: 3, min: 1, max: 2] }; { hybrid-aquatic:trout [weight: 2, min: 0, max: 1] }; { hybrid-aquatic:crayfish [weight: 2, min: 1, max: 2] }; { hybrid-aquatic:otter [weight: 1, min: 0, max: 2] }; { untitledduckmod:duck [weight: 6, min: 2, max: 4] }; { untitledduckmod:goose [weight: 4, min: 2, max: 4] }"
178,"minecraft:stony_peaks","{ creeperoverhaul:cave_creeper [weight: 75, min: 2, max: 2] }; { creeperoverhaul:hills_creeper [weight: 75, min: 2, max: 2] }; { minecraft:enderman [weight: 10, min: 1, max: 4] }; { minecraft:skeleton [weight: 100, min: 4, max: 4] }; { minecraft:slime [weight: 100, min: 4, max: 4] }; { minecraft:spider [weight: 100, min: 4, max: 4] }; { minecraft:witch [weight: 5, min: 1, max: 1] }; { minecraft:zombie [weight: 95, min: 4, max: 4] }; { minecraft:zombie_villager [weight: 5, min: 1, max: 1] }; { meadow:wooly_sheep [weight: 10, min: 2, max: 3] }; { minecraft:sheep [weight: 6, min: 2, max: 3] }; { naturalist:bear [weight: 10, min: 1, max: 2] }; { naturalist:canary [weight: 10, min: 1, max: 4] }; { naturalist:robin [weight: 10, min: 1, max: 4] }; { naturalist:snail [weight: 10, min: 1, max: 3] }; { wildernature:minisheep [weight: 13, min: 3, max: 6] }; { minecraft:bat [weight: 10, min: 8, max: 8] }; { minecraft:glow_squid [weight: 10, min: 4, max: 6] }; { friendsandfoes:rascal [weight: 4, min: 1, max: 1] }"
179,"minecraft:stony_shore","{ minecraft:creeper [weight: 100, min: 4, max: 4] }; { minecraft:enderman [weight: 10, min: 1, max: 4] }; { minecraft:skeleton [weight: 100, min: 4, max: 4] }; { minecraft:slime [weight: 100, min: 4, max: 4] }; { minecraft:spider [weight: 100, min: 4, max: 4] }; { minecraft:witch [weight: 5, min: 1, max: 1] }; { minecraft:zombie [weight: 95, min: 4, max: 4] }; { minecraft:zombie_villager [weight: 5, min: 1, max: 1] }; { naturalist:coral_snake [weight: 10, min: 1, max: 1] }; { wildernature:pelican [weight: 7, min: 3, max: 5] }; { minecraft:bat [weight: 10, min: 8, max: 8] }; { minecraft:glow_squid [weight: 10, min: 4, max: 6] }; { friendsandfoes:rascal [weight: 4, min: 1, max: 1] }; { hybrid-aquatic:lightfoot_crab [weight: 3, min: 1, max: 2] }; { hybrid-aquatic:otter [weight: 1, min: 0, max: 2] }"
180,"still_life:subtropical_deep_ocean","{ minecraft:creeper [weight: 100, min: 4, max: 4] }; { minecraft:drowned [weight: 5, min: 1, max: 1] }; { minecraft:enderman [weight: 10, min: 1, max: 4] }; { minecraft:skeleton [weight: 100, min: 4, max: 4] }; { minecraft:slime [weight: 100, min: 4, max: 4] }; { minecraft:spider [weight: 100, min: 4, max: 4] }; { minecraft:witch [weight: 5, min: 1, max: 1] }; { minecraft:zombie [weight: 95, min: 4, max: 4] }; { minecraft:zombie_villager [weight: 5, min: 1, max: 1] }; { minecraft:bat [weight: 10, min: 8, max: 8] }; { minecraft:glow_squid [weight: 10, min: 4, max: 6] }; { minecraft:dolphin [weight: 2, min: 1, max: 2] }; { minecraft:squid [weight: 10, min: 4, max: 4] }; { minecraft:pufferfish [weight: 15, min: 1, max: 3] }; { minecraft:tropical_fish [weight: 25, min: 8, max: 8] }; { friendsandfoes:rascal [weight: 4, min: 1, max: 1] }; { hybrid-aquatic:anglerfish [weight: 3, min: 1, max: 2] }; { hybrid-aquatic:barracuda [weight: 3, min: 1, max: 1] }; { hybrid-aquatic:barreleye [weight: 1, min: 1, max: 2] }; { hybrid-aquatic:coelacanth [weight: 1, min: 1, max: 1] }; { hybrid-aquatic:damselfish [weight: 5, min: 4, max: 12] }; { hybrid-aquatic:dragonfish [weight: 2, min: 1, max: 2] }; { hybrid-aquatic:flashlight_fish [weight: 5, min: 4, max: 12] }; { hybrid-aquatic:flying_fish [weight: 5, min: 4, max: 12] }; { hybrid-aquatic:john_dory [weight: 4, min: 1, max: 2] }; { hybrid-aquatic:mahi [weight: 3, min: 1, max: 4] }; { hybrid-aquatic:manta_ray [weight: 1, min: 1, max: 2] }; { hybrid-aquatic:needlefish [weight: 4, min: 1, max: 4] }; { hybrid-aquatic:oarfish [weight: 1, min: 1, max: 2] }; { hybrid-aquatic:ocean_sunfish [weight: 1, min: 1, max: 2] }; { hybrid-aquatic:opah [weight: 2, min: 1, max: 2] }; { hybrid-aquatic:ratfish [weight: 5, min: 1, max: 3] }; { hybrid-aquatic:rockfish [weight: 3, min: 1, max: 4] }; { hybrid-aquatic:sea_bass [weight: 3, min: 1, max: 3] }; { hybrid-aquatic:seadragon [weight: 1, min: 1, max: 2] }; { hybrid-aquatic:snailfish [weight: 5, min: 1, max: 3] }; { hybrid-aquatic:squirrelfish [weight: 5, min: 4, max: 12] }; { hybrid-aquatic:tuna [weight: 3, min: 1, max: 4] }; { hybrid-aquatic:firefly_squid [weight: 3, min: 1, max: 2] }; { hybrid-aquatic:nautilus [weight: 3, min: 1, max: 1] }; { hybrid-aquatic:umbrella_octopus [weight: 3, min: 1, max: 1] }; { hybrid-aquatic:vampire_squid [weight: 3, min: 1, max: 1] }; { hybrid-aquatic:vampire_squid [weight: 3, min: 1, max: 1] }; { hybrid-aquatic:barrel_jellyfish [weight: 3, min: 1, max: 2] }; { hybrid-aquatic:big_red_jellyfish [weight: 1, min: 1, max: 1] }; { hybrid-aquatic:box_jellyfish [weight: 1, min: 1, max: 1] }; { hybrid-aquatic:cepheidae_jellyfish [weight: 3, min: 1, max: 2] }; { hybrid-aquatic:cosmic_jellyfish [weight: 1, min: 1, max: 1] }; { hybrid-aquatic:crown_jellyfish [weight: 1, min: 1, max: 1] }; { hybrid-aquatic:firework_jellyfish [weight: 1, min: 1, max: 1] }; { hybrid-aquatic:mauve_stinger [weight: 2, min: 1, max: 3] }; { hybrid-aquatic:sea_nettle [weight: 3, min: 1, max: 4] }; { hybrid-aquatic:bull_shark [weight: 2, min: 1, max: 2] }; { hybrid-aquatic:frilled_shark [weight: 1, min: 1, max: 1] }; { hybrid-aquatic:great_white_shark [weight: 1, min: 1, max: 1] }; { hybrid-aquatic:lantern_shark [weight: 2, min: 1, max: 2] }; { hybrid-aquatic:thresher_shark [weight: 2, min: 1, max: 1] }; { hybrid-aquatic:whale_shark [weight: 1, min: 1, max: 1] }; { hybrid-aquatic:sea_cucumber [weight: 3, min: 1, max: 2] }; { hybrid-aquatic:sea_cucumber [weight: 3, min: 1, max: 2] }; { hybrid-aquatic:sea_slug [weight: 1, min: 0, max: 2] }; { hybrid-aquatic:sea_urchin [weight: 3, min: 0, max: 2] }; { hybrid-aquatic:sea_urchin [weight: 3, min: 0, max: 2] }; { hybrid-aquatic:starfish [weight: 2, min: 0, max: 2] }; { hybrid-aquatic:starfish [weight: 2, min: 0, max: 2] }"
181,"still_life:subtropical_shallow_ocean","{ minecraft:creeper [weight: 100, min: 4, max: 4] }; { minecraft:drowned [weight: 5, min: 1, max: 1] }; { minecraft:enderman [weight: 10, min: 1, max: 4] }; { minecraft:skeleton [weight: 100, min: 4, max: 4] }; { minecraft:slime [weight: 100, min: 4, max: 4] }; { minecraft:spider [weight: 100, min: 4, max: 4] }; { minecraft:witch [weight: 5, min: 1, max: 1] }; { minecraft:zombie [weight: 95, min: 4, max: 4] }; { minecraft:zombie_villager [weight: 5, min: 1, max: 1] }; { minecraft:bat [weight: 10, min: 8, max: 8] }; { minecraft:glow_squid [weight: 10, min: 4, max: 6] }; { minecraft:dolphin [weight: 2, min: 1, max: 2] }; { minecraft:squid [weight: 10, min: 4, max: 4] }; { minecraft:pufferfish [weight: 15, min: 1, max: 3] }; { minecraft:tropical_fish [weight: 25, min: 8, max: 8] }; { friendsandfoes:rascal [weight: 4, min: 1, max: 1] }; { hybrid-aquatic:barracuda [weight: 3, min: 1, max: 1] }; { hybrid-aquatic:blowfish [weight: 3, min: 1, max: 2] }; { hybrid-aquatic:boxfish [weight: 2, min: 1, max: 1] }; { hybrid-aquatic:clownfish [weight: 3, min: 1, max: 2] }; { hybrid-aquatic:damselfish [weight: 5, min: 4, max: 12] }; { hybrid-aquatic:damselfish [weight: 5, min: 4, max: 12] }; { hybrid-aquatic:flashlight_fish [weight: 5, min: 4, max: 12] }; { hybrid-aquatic:flashlight_fish [weight: 5, min: 4, max: 12] }; { hybrid-aquatic:flying_fish [weight: 5, min: 4, max: 12] }; { hybrid-aquatic:lionfish [weight: 3, min: 1, max: 2] }; { hybrid-aquatic:moray_eel [weight: 3, min: 1, max: 2] }; { hybrid-aquatic:needlefish [weight: 4, min: 1, max: 4] }; { hybrid-aquatic:parrotfish [weight: 4, min: 1, max: 2] }; { hybrid-aquatic:rockfish [weight: 3, min: 1, max: 4] }; { hybrid-aquatic:sea_bass [weight: 3, min: 1, max: 3] }; { hybrid-aquatic:seahorse [weight: 1, min: 1, max: 2] }; { hybrid-aquatic:squirrelfish [weight: 5, min: 4, max: 12] }; { hybrid-aquatic:squirrelfish [weight: 5, min: 4, max: 12] }; { hybrid-aquatic:stingray [weight: 2, min: 1, max: 2] }; { hybrid-aquatic:stingray [weight: 2, min: 1, max: 2] }; { hybrid-aquatic:stonefish [weight: 3, min: 1, max: 2] }; { hybrid-aquatic:surgeonfish [weight: 4, min: 1, max: 4] }; { hybrid-aquatic:triggerfish [weight: 3, min: 1, max: 1] }; { hybrid-aquatic:cuttlefish [weight: 3, min: 1, max: 1] }; { hybrid-aquatic:firefly_squid [weight: 3, min: 1, max: 2] }; { hybrid-aquatic:firefly_squid [weight: 3, min: 1, max: 2] }; { hybrid-aquatic:nautilus [weight: 3, min: 1, max: 1] }; { hybrid-aquatic:octopus [weight: 3, min: 1, max: 1] }; { hybrid-aquatic:octopus [weight: 3, min: 1, max: 1] }; { hybrid-aquatic:umbrella_octopus [weight: 3, min: 1, max: 1] }; { hybrid-aquatic:vampire_squid [weight: 3, min: 1, max: 1] }; { hybrid-aquatic:vampire_squid [weight: 3, min: 1, max: 1] }; { hybrid-aquatic:barrel_jellyfish [weight: 3, min: 1, max: 2] }; { hybrid-aquatic:box_jellyfish [weight: 1, min: 1, max: 1] }; { hybrid-aquatic:box_jellyfish [weight: 1, min: 1, max: 1] }; { hybrid-aquatic:cepheidae_jellyfish [weight: 3, min: 1, max: 2] }; { hybrid-aquatic:moon_jellyfish [weight: 5, min: 2, max: 5] }; { hybrid-aquatic:moon_jellyfish [weight: 5, min: 2, max: 5] }; { hybrid-aquatic:sea_nettle [weight: 3, min: 1, max: 4] }; { hybrid-aquatic:hammerhead_shark [weight: 3, min: 1, max: 2] }; { hybrid-aquatic:hound_shark [weight: 3, min: 1, max: 2] }; { hybrid-aquatic:tiger_shark [weight: 2, min: 1, max: 1] }; { hybrid-aquatic:decorator_crab [weight: 2, min: 1, max: 2] }; { hybrid-aquatic:flower_crab [weight: 3, min: 1, max: 2] }; { hybrid-aquatic:flower_crab [weight: 3, min: 1, max: 2] }; { hybrid-aquatic:hermit_crab [weight: 1, min: 1, max: 2] }; { hybrid-aquatic:horseshoe_crab [weight: 3, min: 1, max: 2] }; { hybrid-aquatic:lobster [weight: 2, min: 1, max: 2] }; { hybrid-aquatic:lobster [weight: 2, min: 1, max: 2] }; { hybrid-aquatic:shrimp [weight: 3, min: 2, max: 3] }; { hybrid-aquatic:sea_cucumber [weight: 3, min: 1, max: 2] }; { hybrid-aquatic:sea_slug [weight: 1, min: 0, max: 2] }; { hybrid-aquatic:sea_slug [weight: 1, min: 0, max: 2] }; { hybrid-aquatic:sea_urchin [weight: 3, min: 0, max: 2] }; { hybrid-aquatic:starfish [weight: 2, min: 0, max: 2] }"
182,"betternether:sulfuric_bone_reef","{ betternether:jungle_skeleton [weight: 0, min: 2, max: 4] }; { betternether:naga [weight: 8, min: 3, max: 5] }; { betternether:skull [weight: 2, min: 2, max: 4] }; { minecraft:enderman [weight: 1, min: 4, max: 4] }; { minecraft:ghast [weight: 50, min: 4, max: 4] }; { minecraft:hoglin [weight: 0, min: 1, max: 2] }; { minecraft:magma_cube [weight: 2, min: 4, max: 4] }; { minecraft:piglin [weight: 15, min: 4, max: 4] }; { minecraft:piglin_brute [weight: 0, min: 1, max: 1] }; { minecraft:zombified_piglin [weight: 100, min: 4, max: 4] }; { minecraft:strider [weight: 60, min: 1, max: 2] }; { betternether:firefly [weight: 5, min: 1, max: 3] }; { betternether:flying_pig [weight: 0, min: 2, max: 4] }; { betternether:hydrogen_jellyfish [weight: 5, min: 2, max: 6] }"
183,"betterend:sulphur_springs","{ endermanoverhaul:end_enderman [weight: 2, min: 1, max: 2] }; { endermanoverhaul:end_islands_enderman [weight: 1, min: 1, max: 1] }; { minecraft:enderman [weight: 50, min: 1, max: 4] }; { betterend:cubozoa [weight: 50, min: 3, max: 8] }; { betterend:end_fish [weight: 50, min: 3, max: 8] }"
184,"minecraft:sunflower_plains","{ endermanoverhaul:cave_enderman [weight: 2, min: 1, max: 2] }; { endermanoverhaul:flower_fields_enderman [weight: 5, min: 1, max: 2] }; { minecraft:creeper [weight: 100, min: 4, max: 4] }; { minecraft:skeleton [weight: 100, min: 4, max: 4] }; { minecraft:slime [weight: 100, min: 4, max: 4] }; { minecraft:spider [weight: 100, min: 4, max: 4] }; { minecraft:witch [weight: 5, min: 1, max: 1] }; { minecraft:zombie [weight: 95, min: 4, max: 4] }; { minecraft:zombie_villager [weight: 5, min: 1, max: 1] }; { crittersandcompanions:ferret [weight: 4, min: 2, max: 3] }; { friendsandfoes:moobloom [weight: 4, min: 2, max: 4] }; { hybrid-birds:rooster [weight: 5, min: 1, max: 2] }; { minecraft:chicken [weight: 10, min: 4, max: 4] }; { minecraft:cow [weight: 8, min: 4, max: 4] }; { minecraft:donkey [weight: 1, min: 1, max: 3] }; { minecraft:horse [weight: 5, min: 2, max: 6] }; { minecraft:pig [weight: 10, min: 4, max: 4] }; { minecraft:sheep [weight: 12, min: 4, max: 4] }; { naturalist:deer [weight: 10, min: 1, max: 3] }; { naturalist:robin [weight: 10, min: 1, max: 4] }; { naturalist:snail [weight: 10, min: 1, max: 3] }; { naturalist:snake [weight: 10, min: 1, max: 1] }; { naturalist:sparrow [weight: 10, min: 1, max: 4] }; { wildernature:bison [weight: 14, min: 3, max: 6] }; { wildernature:raccoon [weight: 12, min: 2, max: 3] }; { wildernature:squirrel [weight: 10, min: 2, max: 2] }; { minecraft:bat [weight: 10, min: 8, max: 8] }; { naturalist:butterfly [weight: 10, min: 3, max: 5] }; { naturalist:firefly [weight: 10, min: 2, max: 3] }; { minecraft:glow_squid [weight: 10, min: 4, max: 6] }; { friendsandfoes:rascal [weight: 4, min: 1, max: 1] }; { untitledduckmod:goose [weight: 4, min: 2, max: 4] }"
185,"minecraft:swamp","{ creeperoverhaul:cave_creeper [weight: 75, min: 2, max: 2] }; { creeperoverhaul:swamp_creeper [weight: 75, min: 2, max: 2] }; { endermanoverhaul:cave_enderman [weight: 2, min: 1, max: 2] }; { endermanoverhaul:swamp_enderman [weight: 10, min: 1, max: 4] }; { minecraft:skeleton [weight: 100, min: 4, max: 4] }; { minecraft:slime [weight: 1, min: 1, max: 1] }; { minecraft:slime [weight: 100, min: 4, max: 4] }; { minecraft:spider [weight: 100, min: 4, max: 4] }; { minecraft:witch [weight: 5, min: 1, max: 1] }; { minecraft:zombie [weight: 95, min: 4, max: 4] }; { minecraft:zombie_villager [weight: 5, min: 1, max: 1] }; { hybrid-birds:duck [weight: 5, min: 1, max: 3] }; { minecraft:frog [weight: 10, min: 2, max: 5] }; { naturalist:alligator [weight: 10, min: 1, max: 2] }; { naturalist:cardinal [weight: 10, min: 1, max: 4] }; { naturalist:duck [weight: 10, min: 1, max: 3] }; { naturalist:lizard [weight: 10, min: 1, max: 2] }; { naturalist:snail [weight: 10, min: 1, max: 3] }; { naturalist:snake [weight: 10, min: 1, max: 1] }; { naturalist:tortoise [weight: 10, min: 1, max: 3] }; { minecraft:bat [weight: 10, min: 8, max: 8] }; { naturalist:butterfly [weight: 10, min: 3, max: 5] }; { naturalist:dragonfly [weight: 10, min: 2, max: 3] }; { naturalist:firefly [weight: 10, min: 2, max: 3] }; { minecraft:glow_squid [weight: 10, min: 4, max: 6] }; { fetzisasiandeco:koi [weight: 5, min: 2, max: 5] }; { naturalist:bass [weight: 10, min: 4, max: 4] }; { naturalist:catfish [weight: 10, min: 1, max: 1] }; { friendsandfoes:rascal [weight: 4, min: 1, max: 1] }; { hybrid-aquatic:betta [weight: 1, min: 1, max: 1] }; { hybrid-aquatic:pleco [weight: 1, min: 1, max: 2] }; { hybrid-aquatic:tiger_barb [weight: 3, min: 2, max: 3] }; { hybrid-aquatic:fiddler_crab [weight: 3, min: 1, max: 2] }; { untitledduckmod:duck [weight: 6, min: 2, max: 4] }"
186,"minecraft:taiga","{ creeperoverhaul:cave_creeper [weight: 75, min: 2, max: 2] }; { creeperoverhaul:spruce_creeper [weight: 75, min: 2, max: 2] }; { minecraft:enderman [weight: 10, min: 1, max: 4] }; { minecraft:skeleton [weight: 100, min: 4, max: 4] }; { minecraft:slime [weight: 100, min: 4, max: 4] }; { minecraft:spider [weight: 100, min: 4, max: 4] }; { minecraft:witch [weight: 5, min: 1, max: 1] }; { minecraft:zombie [weight: 95, min: 4, max: 4] }; { minecraft:zombie_villager [weight: 5, min: 1, max: 1] }; { hybrid-birds:goose [weight: 3, min: 1, max: 3] }; { hybrid-birds:turkey [weight: 3, min: 1, max: 3] }; { minecraft:chicken [weight: 10, min: 4, max: 4] }; { minecraft:cow [weight: 8, min: 4, max: 4] }; { minecraft:fox [weight: 8, min: 2, max: 4] }; { minecraft:pig [weight: 10, min: 4, max: 4] }; { minecraft:rabbit [weight: 4, min: 2, max: 3] }; { minecraft:sheep [weight: 12, min: 4, max: 4] }; { minecraft:wolf [weight: 8, min: 4, max: 4] }; { naturalist:bear [weight: 10, min: 1, max: 2] }; { naturalist:bluejay [weight: 10, min: 1, max: 4] }; { minecraft:bat [weight: 10, min: 8, max: 8] }; { minecraft:glow_squid [weight: 10, min: 4, max: 6] }; { friendsandfoes:rascal [weight: 4, min: 1, max: 1] }"
187,"still_life:taiga_beach","{ creeperoverhaul:beach_creeper [weight: 75, min: 2, max: 2] }; { creeperoverhaul:cave_creeper [weight: 75, min: 2, max: 2] }; { minecraft:enderman [weight: 10, min: 1, max: 4] }; { minecraft:skeleton [weight: 100, min: 4, max: 4] }; { minecraft:slime [weight: 100, min: 4, max: 4] }; { minecraft:spider [weight: 100, min: 4, max: 4] }; { minecraft:witch [weight: 5, min: 1, max: 1] }; { minecraft:zombie [weight: 95, min: 4, max: 4] }; { minecraft:zombie_villager [weight: 5, min: 1, max: 1] }; { naturalist:coral_snake [weight: 10, min: 1, max: 1] }; { wildernature:pelican [weight: 7, min: 3, max: 5] }; { minecraft:bat [weight: 10, min: 8, max: 8] }; { minecraft:glow_squid [weight: 10, min: 4, max: 6] }; { friendsandfoes:rascal [weight: 4, min: 1, max: 1] }"
188,"still_life:taiga_highlands","{ creeperoverhaul:cave_creeper [weight: 75, min: 2, max: 2] }; { creeperoverhaul:cave_creeper [weight: 75, min: 2, max: 2] }; { creeperoverhaul:hills_creeper [weight: 75, min: 2, max: 2] }; { creeperoverhaul:hills_creeper [weight: 75, min: 2, max: 2] }; { minecraft:enderman [weight: 10, min: 1, max: 4] }; { minecraft:skeleton [weight: 100, min: 4, max: 4] }; { minecraft:slime [weight: 100, min: 4, max: 4] }; { minecraft:spider [weight: 100, min: 4, max: 4] }; { minecraft:witch [weight: 5, min: 1, max: 1] }; { minecraft:zombie [weight: 95, min: 4, max: 4] }; { minecraft:zombie_villager [weight: 5, min: 1, max: 1] }; { meadow:wooly_sheep [weight: 10, min: 2, max: 3] }; { minecraft:chicken [weight: 2, min: 4, max: 4] }; { minecraft:cow [weight: 0, min: 4, max: 4] }; { minecraft:donkey [weight: 0, min: 1, max: 1] }; { minecraft:horse [weight: 0, min: 2, max: 6] }; { minecraft:pig [weight: 3, min: 4, max: 4] }; { minecraft:sheep [weight: 1, min: 4, max: 4] }; { minecraft:wolf [weight: 3, min: 3, max: 5] }; { naturalist:bear [weight: 10, min: 1, max: 2] }; { naturalist:bluejay [weight: 10, min: 1, max: 4] }; { naturalist:canary [weight: 10, min: 1, max: 4] }; { naturalist:robin [weight: 10, min: 1, max: 4] }; { naturalist:snail [weight: 10, min: 1, max: 3] }; { minecraft:bat [weight: 10, min: 8, max: 8] }; { minecraft:glow_squid [weight: 10, min: 4, max: 6] }; { friendsandfoes:rascal [weight: 4, min: 1, max: 1] }"
189,"still_life:temperate_beach","{ creeperoverhaul:beach_creeper [weight: 75, min: 2, max: 2] }; { creeperoverhaul:cave_creeper [weight: 75, min: 2, max: 2] }; { minecraft:enderman [weight: 10, min: 1, max: 4] }; { minecraft:skeleton [weight: 100, min: 4, max: 4] }; { minecraft:slime [weight: 100, min: 4, max: 4] }; { minecraft:spider [weight: 100, min: 4, max: 4] }; { minecraft:witch [weight: 5, min: 1, max: 1] }; { minecraft:zombie [weight: 95, min: 4, max: 4] }; { minecraft:zombie_villager [weight: 5, min: 1, max: 1] }; { naturalist:coral_snake [weight: 10, min: 1, max: 1] }; { wildernature:pelican [weight: 7, min: 3, max: 5] }; { minecraft:bat [weight: 10, min: 8, max: 8] }; { minecraft:glow_squid [weight: 10, min: 4, max: 6] }; { minecraft:squid [weight: 4, min: 1, max: 2] }; { minecraft:cod [weight: 25, min: 8, max: 8] }; { friendsandfoes:rascal [weight: 4, min: 1, max: 1] }"
190,"still_life:temperate_deep_ocean","{ minecraft:creeper [weight: 100, min: 4, max: 4] }; { minecraft:drowned [weight: 5, min: 1, max: 1] }; { minecraft:enderman [weight: 10, min: 1, max: 4] }; { minecraft:skeleton [weight: 100, min: 4, max: 4] }; { minecraft:slime [weight: 100, min: 4, max: 4] }; { minecraft:spider [weight: 100, min: 4, max: 4] }; { minecraft:witch [weight: 5, min: 1, max: 1] }; { minecraft:zombie [weight: 95, min: 4, max: 4] }; { minecraft:zombie_villager [weight: 5, min: 1, max: 1] }; { minecraft:bat [weight: 10, min: 8, max: 8] }; { minecraft:glow_squid [weight: 10, min: 4, max: 6] }; { minecraft:squid [weight: 4, min: 1, max: 2] }; { minecraft:cod [weight: 25, min: 8, max: 8] }; { friendsandfoes:rascal [weight: 4, min: 1, max: 1] }; { hybrid-aquatic:anglerfish [weight: 3, min: 1, max: 2] }; { hybrid-aquatic:barreleye [weight: 1, min: 1, max: 2] }; { hybrid-aquatic:coelacanth [weight: 1, min: 1, max: 1] }; { hybrid-aquatic:dragonfish [weight: 2, min: 1, max: 2] }; { hybrid-aquatic:john_dory [weight: 4, min: 1, max: 2] }; { hybrid-aquatic:mackerel [weight: 5, min: 4, max: 12] }; { hybrid-aquatic:manta_ray [weight: 1, min: 1, max: 2] }; { hybrid-aquatic:oarfish [weight: 1, min: 1, max: 2] }; { hybrid-aquatic:ocean_sunfish [weight: 1, min: 1, max: 2] }; { hybrid-aquatic:opah [weight: 2, min: 1, max: 2] }; { hybrid-aquatic:ratfish [weight: 5, min: 1, max: 3] }; { hybrid-aquatic:sea_angel [weight: 1, min: 1, max: 2] }; { hybrid-aquatic:snailfish [weight: 5, min: 1, max: 3] }; { hybrid-aquatic:tuna [weight: 3, min: 1, max: 4] }; { hybrid-aquatic:big_red_jellyfish [weight: 1, min: 1, max: 1] }; { hybrid-aquatic:blue_jellyfish [weight: 3, min: 1, max: 2] }; { hybrid-aquatic:cosmic_jellyfish [weight: 1, min: 1, max: 1] }; { hybrid-aquatic:crown_jellyfish [weight: 1, min: 1, max: 1] }; { hybrid-aquatic:firework_jellyfish [weight: 1, min: 1, max: 1] }; { hybrid-aquatic:mauve_stinger [weight: 2, min: 1, max: 3] }; { hybrid-aquatic:sea_nettle [weight: 3, min: 1, max: 4] }; { hybrid-aquatic:basking_shark [weight: 1, min: 1, max: 1] }; { hybrid-aquatic:great_white_shark [weight: 1, min: 1, max: 1] }; { hybrid-aquatic:hammerhead_shark [weight: 3, min: 1, max: 2] }; { hybrid-aquatic:lantern_shark [weight: 2, min: 1, max: 2] }; { hybrid-aquatic:thresher_shark [weight: 2, min: 1, max: 1] }; { hybrid-aquatic:giant_isopod [weight: 1, min: 1, max: 2] }; { hybrid-aquatic:spider_crab [weight: 2, min: 1, max: 2] }; { hybrid-aquatic:sea_cucumber [weight: 3, min: 1, max: 2] }; { hybrid-aquatic:sea_cucumber [weight: 3, min: 1, max: 2] }; { hybrid-aquatic:sea_urchin [weight: 3, min: 0, max: 2] }; { hybrid-aquatic:sea_urchin [weight: 3, min: 0, max: 2] }; { hybrid-aquatic:starfish [weight: 2, min: 0, max: 2] }; { hybrid-aquatic:starfish [weight: 2, min: 0, max: 2] }"
191,"still_life:temperate_forest","{ minecraft:creeper [weight: 100, min: 4, max: 4] }; { minecraft:enderman [weight: 10, min: 1, max: 4] }; { minecraft:skeleton [weight: 100, min: 4, max: 4] }; { minecraft:slime [weight: 100, min: 4, max: 4] }; { minecraft:spider [weight: 100, min: 4, max: 4] }; { minecraft:witch [weight: 5, min: 1, max: 1] }; { minecraft:zombie [weight: 95, min: 4, max: 4] }; { minecraft:zombie_villager [weight: 5, min: 1, max: 1] }; { crittersandcompanions:ferret [weight: 4, min: 2, max: 3] }; { crittersandcompanions:jumping_spider [weight: 2, min: 1, max: 1] }; { meadow:wooly_sheep [weight: 10, min: 2, max: 3] }; { minecraft:cow [weight: 0, min: 4, max: 4] }; { minecraft:donkey [weight: 0, min: 1, max: 1] }; { minecraft:fox [weight: 10, min: 2, max: 4] }; { minecraft:fox [weight: 3, min: 1, max: 2] }; { minecraft:horse [weight: 0, min: 2, max: 6] }; { minecraft:rabbit [weight: 10, min: 2, max: 3] }; { minecraft:sheep [weight: 0, min: 4, max: 4] }; { minecraft:wolf [weight: 1, min: 3, max: 5] }; { naturalist:bear [weight: 10, min: 1, max: 2] }; { naturalist:boar [weight: 10, min: 4, max: 4] }; { naturalist:cardinal [weight: 10, min: 1, max: 4] }; { naturalist:deer [weight: 10, min: 1, max: 3] }; { naturalist:finch [weight: 10, min: 1, max: 4] }; { naturalist:lizard [weight: 10, min: 1, max: 2] }; { naturalist:robin [weight: 10, min: 1, max: 4] }; { naturalist:snail [weight: 10, min: 1, max: 3] }; { naturalist:snake [weight: 10, min: 1, max: 1] }; { wildernature:boar [weight: 14, min: 4, max: 5] }; { wildernature:deer [weight: 13, min: 2, max: 4] }; { wildernature:hedgehog [weight: 13, min: 1, max: 3] }; { wildernature:owl [weight: 12, min: 2, max: 3] }; { wildernature:turkey [weight: 12, min: 3, max: 5] }; { crittersandcompanions:leaf_insect [weight: 14, min: 1, max: 1] }; { minecraft:bat [weight: 10, min: 8, max: 8] }; { naturalist:butterfly [weight: 10, min: 3, max: 5] }; { naturalist:firefly [weight: 10, min: 2, max: 3] }; { minecraft:glow_squid [weight: 10, min: 4, max: 6] }; { friendsandfoes:rascal [weight: 4, min: 1, max: 1] }"
192,"still_life:temperate_marsh","{ creeperoverhaul:cave_creeper [weight: 75, min: 2, max: 2] }; { creeperoverhaul:swamp_creeper [weight: 75, min: 2, max: 2] }; { endermanoverhaul:cave_enderman [weight: 2, min: 1, max: 2] }; { endermanoverhaul:swamp_enderman [weight: 10, min: 1, max: 4] }; { minecraft:skeleton [weight: 100, min: 4, max: 4] }; { minecraft:slime [weight: 100, min: 4, max: 4] }; { minecraft:spider [weight: 100, min: 4, max: 4] }; { minecraft:witch [weight: 5, min: 1, max: 1] }; { minecraft:zombie [weight: 95, min: 4, max: 4] }; { minecraft:zombie_villager [weight: 5, min: 1, max: 1] }; { minecraft:donkey [weight: 0, min: 1, max: 2] }; { minecraft:frog [weight: 6, min: 2, max: 3] }; { minecraft:horse [weight: 0, min: 2, max: 6] }; { naturalist:alligator [weight: 10, min: 1, max: 2] }; { naturalist:cardinal [weight: 10, min: 1, max: 4] }; { naturalist:duck [weight: 10, min: 1, max: 3] }; { naturalist:lizard [weight: 10, min: 1, max: 2] }; { naturalist:snail [weight: 10, min: 1, max: 3] }; { naturalist:snake [weight: 10, min: 1, max: 1] }; { naturalist:tortoise [weight: 10, min: 1, max: 3] }; { minecraft:bat [weight: 10, min: 8, max: 8] }; { naturalist:butterfly [weight: 10, min: 3, max: 5] }; { naturalist:dragonfly [weight: 10, min: 2, max: 3] }; { naturalist:firefly [weight: 10, min: 2, max: 3] }; { minecraft:glow_squid [weight: 10, min: 4, max: 6] }; { naturalist:bass [weight: 10, min: 4, max: 4] }; { naturalist:catfish [weight: 10, min: 1, max: 1] }; { friendsandfoes:rascal [weight: 4, min: 1, max: 1] }; { hybrid-aquatic:african_butterflyfish [weight: 2, min: 1, max: 1] }; { hybrid-aquatic:betta [weight: 1, min: 1, max: 1] }; { hybrid-aquatic:danio [weight: 3, min: 2, max: 3] }; { hybrid-aquatic:gourami [weight: 1, min: 1, max: 1] }; { hybrid-aquatic:pleco [weight: 1, min: 1, max: 2] }; { hybrid-aquatic:tetra [weight: 3, min: 2, max: 3] }; { hybrid-aquatic:tiger_barb [weight: 3, min: 2, max: 3] }; { hybrid-aquatic:fiddler_crab [weight: 3, min: 1, max: 2] }; { hybrid-aquatic:flower_crab [weight: 3, min: 1, max: 2] }; { untitledduckmod:duck [weight: 6, min: 2, max: 4] }"
193,"still_life:temperate_mixed_forest","{ endermanoverhaul:cave_enderman [weight: 2, min: 1, max: 2] }; { endermanoverhaul:dark_oak_enderman [weight: 10, min: 1, max: 4] }; { minecraft:creeper [weight: 100, min: 4, max: 4] }; { minecraft:skeleton [weight: 100, min: 4, max: 4] }; { minecraft:slime [weight: 100, min: 4, max: 4] }; { minecraft:spider [weight: 100, min: 4, max: 4] }; { minecraft:witch [weight: 5, min: 1, max: 1] }; { minecraft:zombie [weight: 95, min: 4, max: 4] }; { minecraft:zombie_villager [weight: 5, min: 1, max: 1] }; { crittersandcompanions:ferret [weight: 4, min: 2, max: 3] }; { crittersandcompanions:jumping_spider [weight: 2, min: 1, max: 1] }; { meadow:wooly_sheep [weight: 10, min: 2, max: 3] }; { minecraft:cow [weight: 1, min: 4, max: 4] }; { minecraft:donkey [weight: 0, min: 1, max: 1] }; { minecraft:fox [weight: 10, min: 2, max: 4] }; { minecraft:fox [weight: 2, min: 1, max: 2] }; { minecraft:horse [weight: 0, min: 2, max: 6] }; { minecraft:rabbit [weight: 10, min: 2, max: 3] }; { minecraft:sheep [weight: 1, min: 4, max: 4] }; { minecraft:wolf [weight: 2, min: 3, max: 5] }; { naturalist:bear [weight: 10, min: 1, max: 2] }; { naturalist:boar [weight: 10, min: 4, max: 4] }; { naturalist:cardinal [weight: 10, min: 1, max: 4] }; { naturalist:deer [weight: 10, min: 1, max: 3] }; { naturalist:finch [weight: 10, min: 1, max: 4] }; { naturalist:lizard [weight: 10, min: 1, max: 2] }; { naturalist:robin [weight: 10, min: 1, max: 4] }; { naturalist:snail [weight: 10, min: 1, max: 3] }; { naturalist:snake [weight: 10, min: 1, max: 1] }; { wildernature:boar [weight: 14, min: 4, max: 5] }; { wildernature:deer [weight: 13, min: 2, max: 4] }; { wildernature:hedgehog [weight: 13, min: 1, max: 3] }; { wildernature:owl [weight: 12, min: 2, max: 3] }; { wildernature:turkey [weight: 12, min: 3, max: 5] }; { crittersandcompanions:leaf_insect [weight: 14, min: 1, max: 1] }; { minecraft:bat [weight: 10, min: 8, max: 8] }; { naturalist:butterfly [weight: 10, min: 3, max: 5] }; { naturalist:firefly [weight: 10, min: 2, max: 3] }; { minecraft:glow_squid [weight: 10, min: 4, max: 6] }; { friendsandfoes:rascal [weight: 4, min: 1, max: 1] }"
194,"still_life:temperate_river","{ minecraft:creeper [weight: 100, min: 4, max: 4] }; { minecraft:enderman [weight: 10, min: 1, max: 4] }; { minecraft:skeleton [weight: 100, min: 4, max: 4] }; { minecraft:slime [weight: 100, min: 4, max: 4] }; { minecraft:spider [weight: 100, min: 4, max: 4] }; { minecraft:witch [weight: 5, min: 1, max: 1] }; { minecraft:zombie [weight: 95, min: 4, max: 4] }; { minecraft:zombie_villager [weight: 5, min: 1, max: 1] }; { meadow:water_buffalo [weight: 3, min: 2, max: 3] }; { minecraft:chicken [weight: 10, min: 4, max: 4] }; { minecraft:cow [weight: 8, min: 4, max: 4] }; { minecraft:donkey [weight: 1, min: 1, max: 1] }; { minecraft:horse [weight: 1, min: 2, max: 6] }; { minecraft:pig [weight: 10, min: 4, max: 4] }; { minecraft:sheep [weight: 12, min: 4, max: 4] }; { naturalist:coral_snake [weight: 10, min: 1, max: 1] }; { naturalist:duck [weight: 10, min: 1, max: 3] }; { naturalist:snail [weight: 10, min: 1, max: 3] }; { wildernature:pelican [weight: 7, min: 3, max: 5] }; { crittersandcompanions:dragonfly [weight: 7, min: 1, max: 1] }; { minecraft:bat [weight: 10, min: 8, max: 8] }; { minecraft:glow_squid [weight: 10, min: 4, max: 6] }; { crittersandcompanions:otter [weight: 1, min: 3, max: 5] }; { crittersandcompanions:koi_fish [weight: 4, min: 2, max: 5] }; { fetzisasiandeco:koi [weight: 5, min: 2, max: 5] }; { naturalist:bass [weight: 10, min: 4, max: 4] }; { friendsandfoes:rascal [weight: 4, min: 1, max: 1] }; { hybrid-aquatic:carp [weight: 3, min: 0, max: 2] }; { hybrid-aquatic:golden_dorado [weight: 1, min: 1, max: 1] }; { hybrid-aquatic:shiner [weight: 3, min: 1, max: 2] }; { hybrid-aquatic:sunfish [weight: 3, min: 1, max: 2] }; { hybrid-aquatic:trout [weight: 2, min: 0, max: 1] }; { hybrid-aquatic:crayfish [weight: 2, min: 1, max: 2] }; { hybrid-aquatic:otter [weight: 1, min: 0, max: 2] }; { untitledduckmod:duck [weight: 6, min: 2, max: 4] }; { untitledduckmod:goose [weight: 4, min: 2, max: 4] }"
195,"still_life:temperate_shallow_ocean","{ minecraft:creeper [weight: 100, min: 4, max: 4] }; { minecraft:drowned [weight: 5, min: 1, max: 1] }; { minecraft:enderman [weight: 10, min: 1, max: 4] }; { minecraft:skeleton [weight: 100, min: 4, max: 4] }; { minecraft:slime [weight: 100, min: 4, max: 4] }; { minecraft:spider [weight: 100, min: 4, max: 4] }; { minecraft:witch [weight: 5, min: 1, max: 1] }; { minecraft:zombie [weight: 95, min: 4, max: 4] }; { minecraft:zombie_villager [weight: 5, min: 1, max: 1] }; { minecraft:bat [weight: 10, min: 8, max: 8] }; { minecraft:glow_squid [weight: 10, min: 4, max: 6] }; { minecraft:squid [weight: 4, min: 1, max: 2] }; { minecraft:cod [weight: 25, min: 8, max: 8] }; { friendsandfoes:rascal [weight: 4, min: 1, max: 1] }; { hybrid-aquatic:barracuda [weight: 3, min: 1, max: 1] }; { hybrid-aquatic:herring [weight: 5, min: 4, max: 12] }; { hybrid-aquatic:mackerel [weight: 5, min: 4, max: 12] }; { hybrid-aquatic:needlefish [weight: 4, min: 1, max: 4] }; { hybrid-aquatic:rockfish [weight: 3, min: 1, max: 4] }; { hybrid-aquatic:sea_bass [weight: 3, min: 1, max: 3] }; { hybrid-aquatic:seadragon [weight: 1, min: 1, max: 2] }; { hybrid-aquatic:wrasse [weight: 3, min: 1, max: 2] }; { hybrid-aquatic:cuttlefish [weight: 3, min: 1, max: 1] }; { hybrid-aquatic:octopus [weight: 3, min: 1, max: 1] }; { hybrid-aquatic:barrel_jellyfish [weight: 3, min: 1, max: 2] }; { hybrid-aquatic:blue_jellyfish [weight: 3, min: 1, max: 2] }; { hybrid-aquatic:cepheidae_jellyfish [weight: 3, min: 1, max: 2] }; { hybrid-aquatic:moon_jellyfish [weight: 5, min: 2, max: 5] }; { hybrid-aquatic:sea_nettle [weight: 3, min: 1, max: 4] }; { hybrid-aquatic:hammerhead_shark [weight: 3, min: 1, max: 2] }; { hybrid-aquatic:hound_shark [weight: 3, min: 1, max: 2] }; { hybrid-aquatic:tiger_shark [weight: 2, min: 1, max: 1] }; { hybrid-aquatic:giant_isopod [weight: 1, min: 1, max: 2] }; { hybrid-aquatic:spider_crab [weight: 2, min: 1, max: 2] }; { hybrid-aquatic:sea_cucumber [weight: 3, min: 1, max: 2] }; { hybrid-aquatic:sea_slug [weight: 1, min: 0, max: 2] }; { hybrid-aquatic:sea_urchin [weight: 3, min: 0, max: 2] }; { hybrid-aquatic:starfish [weight: 2, min: 0, max: 2] }"
196,"still_life:temperate_swamp","{ creeperoverhaul:cave_creeper [weight: 75, min: 2, max: 2] }; { creeperoverhaul:swamp_creeper [weight: 75, min: 2, max: 2] }; { endermanoverhaul:cave_enderman [weight: 2, min: 1, max: 2] }; { endermanoverhaul:dark_oak_enderman [weight: 10, min: 1, max: 4] }; { endermanoverhaul:swamp_enderman [weight: 10, min: 1, max: 4] }; { minecraft:skeleton [weight: 20, min: 4, max: 4] }; { minecraft:slime [weight: 1, min: 1, max: 1] }; { minecraft:slime [weight: 100, min: 4, max: 4] }; { minecraft:spider [weight: 100, min: 4, max: 4] }; { minecraft:witch [weight: 5, min: 1, max: 1] }; { minecraft:zombie [weight: 95, min: 4, max: 4] }; { minecraft:zombie_villager [weight: 5, min: 1, max: 1] }; { minecraft:frog [weight: 17, min: 2, max: 5] }; { naturalist:alligator [weight: 10, min: 1, max: 2] }; { naturalist:cardinal [weight: 10, min: 1, max: 4] }; { naturalist:duck [weight: 10, min: 1, max: 3] }; { naturalist:lizard [weight: 10, min: 1, max: 2] }; { naturalist:snail [weight: 10, min: 1, max: 3] }; { naturalist:snake [weight: 10, min: 1, max: 1] }; { naturalist:tortoise [weight: 10, min: 1, max: 3] }; { minecraft:bat [weight: 10, min: 8, max: 8] }; { naturalist:butterfly [weight: 10, min: 3, max: 5] }; { naturalist:dragonfly [weight: 10, min: 2, max: 3] }; { naturalist:firefly [weight: 10, min: 2, max: 3] }; { minecraft:glow_squid [weight: 10, min: 4, max: 6] }; { naturalist:bass [weight: 10, min: 4, max: 4] }; { naturalist:catfish [weight: 10, min: 1, max: 1] }; { friendsandfoes:rascal [weight: 4, min: 1, max: 1] }; { hybrid-aquatic:betta [weight: 1, min: 1, max: 1] }; { hybrid-aquatic:pleco [weight: 1, min: 1, max: 2] }; { hybrid-aquatic:tiger_barb [weight: 3, min: 2, max: 3] }; { hybrid-aquatic:fiddler_crab [weight: 3, min: 1, max: 2] }; { untitledduckmod:duck [weight: 6, min: 2, max: 4] }"
197,"minecraft:the_end","{ endermanoverhaul:end_enderman [weight: 2, min: 1, max: 2] }; { minecraft:enderman [weight: 10, min: 4, max: 4] }"
198,"minecraft:the_void",""
199,"incendium:toxic_heap","{ betternether:naga [weight: 8, min: 3, max: 5] }; { minecraft:magma_cube [weight: 90, min: 1, max: 3] }; { minecraft:phantom [weight: 10, min: 1, max: 1] }; { minecraft:strider [weight: 60, min: 1, max: 2] }; { betternether:firefly [weight: 5, min: 1, max: 3] }; { betternether:hydrogen_jellyfish [weight: 5, min: 2, max: 6] }"
200,"still_life:tropical_beach","{ creeperoverhaul:beach_creeper [weight: 75, min: 2, max: 2] }; { creeperoverhaul:cave_creeper [weight: 75, min: 2, max: 2] }; { minecraft:enderman [weight: 10, min: 1, max: 4] }; { minecraft:skeleton [weight: 100, min: 4, max: 4] }; { minecraft:slime [weight: 100, min: 4, max: 4] }; { minecraft:spider [weight: 100, min: 4, max: 4] }; { minecraft:witch [weight: 5, min: 1, max: 1] }; { minecraft:zombie [weight: 95, min: 4, max: 4] }; { minecraft:zombie_villager [weight: 5, min: 1, max: 1] }; { minecraft:turtle [weight: 3, min: 2, max: 5] }; { naturalist:coral_snake [weight: 10, min: 1, max: 1] }; { wildernature:pelican [weight: 7, min: 3, max: 5] }; { minecraft:bat [weight: 10, min: 8, max: 8] }; { minecraft:glow_squid [weight: 10, min: 4, max: 6] }; { friendsandfoes:rascal [weight: 4, min: 1, max: 1] }; { hybrid-aquatic:box_jellyfish [weight: 1, min: 1, max: 1] }; { hybrid-aquatic:moon_jellyfish [weight: 5, min: 2, max: 5] }; { hybrid-aquatic:coconut_crab [weight: 2, min: 1, max: 2] }; { hybrid-aquatic:dungeness_crab [weight: 3, min: 1, max: 2] }; { hybrid-aquatic:ghost_crab [weight: 3, min: 1, max: 2] }; { hybrid-aquatic:hermit_crab [weight: 1, min: 1, max: 2] }; { hybrid-aquatic:horseshoe_crab [weight: 3, min: 1, max: 2] }; { hybrid-aquatic:starfish [weight: 2, min: 0, max: 2] }; { hybrid-aquatic:otter [weight: 1, min: 0, max: 2] }"
201,"still_life:tropical_deep_ocean","{ minecraft:creeper [weight: 100, min: 4, max: 4] }; { minecraft:drowned [weight: 5, min: 1, max: 1] }; { minecraft:enderman [weight: 10, min: 1, max: 4] }; { minecraft:skeleton [weight: 100, min: 4, max: 4] }; { minecraft:slime [weight: 100, min: 4, max: 4] }; { minecraft:spider [weight: 100, min: 4, max: 4] }; { minecraft:witch [weight: 5, min: 1, max: 1] }; { minecraft:zombie [weight: 95, min: 4, max: 4] }; { minecraft:zombie_villager [weight: 5, min: 1, max: 1] }; { minecraft:bat [weight: 10, min: 8, max: 8] }; { minecraft:glow_squid [weight: 10, min: 4, max: 6] }; { minecraft:dolphin [weight: 2, min: 1, max: 2] }; { minecraft:squid [weight: 10, min: 4, max: 4] }; { minecraft:pufferfish [weight: 15, min: 1, max: 3] }; { minecraft:tropical_fish [weight: 25, min: 8, max: 8] }; { friendsandfoes:rascal [weight: 4, min: 1, max: 1] }; { hybrid-aquatic:anglerfish [weight: 3, min: 1, max: 2] }; { hybrid-aquatic:barracuda [weight: 3, min: 1, max: 1] }; { hybrid-aquatic:barreleye [weight: 1, min: 1, max: 2] }; { hybrid-aquatic:coelacanth [weight: 1, min: 1, max: 1] }; { hybrid-aquatic:damselfish [weight: 5, min: 4, max: 12] }; { hybrid-aquatic:dragonfish [weight: 2, min: 1, max: 2] }; { hybrid-aquatic:flashlight_fish [weight: 5, min: 4, max: 12] }; { hybrid-aquatic:flying_fish [weight: 5, min: 4, max: 12] }; { hybrid-aquatic:john_dory [weight: 4, min: 1, max: 2] }; { hybrid-aquatic:mahi [weight: 3, min: 1, max: 4] }; { hybrid-aquatic:manta_ray [weight: 1, min: 1, max: 2] }; { hybrid-aquatic:needlefish [weight: 4, min: 1, max: 4] }; { hybrid-aquatic:oarfish [weight: 1, min: 1, max: 2] }; { hybrid-aquatic:ocean_sunfish [weight: 1, min: 1, max: 2] }; { hybrid-aquatic:opah [weight: 2, min: 1, max: 2] }; { hybrid-aquatic:ratfish [weight: 5, min: 1, max: 3] }; { hybrid-aquatic:rockfish [weight: 3, min: 1, max: 4] }; { hybrid-aquatic:sea_bass [weight: 3, min: 1, max: 3] }; { hybrid-aquatic:seadragon [weight: 1, min: 1, max: 2] }; { hybrid-aquatic:snailfish [weight: 5, min: 1, max: 3] }; { hybrid-aquatic:squirrelfish [weight: 5, min: 4, max: 12] }; { hybrid-aquatic:tuna [weight: 3, min: 1, max: 4] }; { hybrid-aquatic:firefly_squid [weight: 3, min: 1, max: 2] }; { hybrid-aquatic:nautilus [weight: 3, min: 1, max: 1] }; { hybrid-aquatic:umbrella_octopus [weight: 3, min: 1, max: 1] }; { hybrid-aquatic:vampire_squid [weight: 3, min: 1, max: 1] }; { hybrid-aquatic:vampire_squid [weight: 3, min: 1, max: 1] }; { hybrid-aquatic:barrel_jellyfish [weight: 3, min: 1, max: 2] }; { hybrid-aquatic:big_red_jellyfish [weight: 1, min: 1, max: 1] }; { hybrid-aquatic:box_jellyfish [weight: 1, min: 1, max: 1] }; { hybrid-aquatic:cepheidae_jellyfish [weight: 3, min: 1, max: 2] }; { hybrid-aquatic:cosmic_jellyfish [weight: 1, min: 1, max: 1] }; { hybrid-aquatic:crown_jellyfish [weight: 1, min: 1, max: 1] }; { hybrid-aquatic:firework_jellyfish [weight: 1, min: 1, max: 1] }; { hybrid-aquatic:mauve_stinger [weight: 2, min: 1, max: 3] }; { hybrid-aquatic:sea_nettle [weight: 3, min: 1, max: 4] }; { hybrid-aquatic:bull_shark [weight: 2, min: 1, max: 2] }; { hybrid-aquatic:frilled_shark [weight: 1, min: 1, max: 1] }; { hybrid-aquatic:great_white_shark [weight: 1, min: 1, max: 1] }; { hybrid-aquatic:lantern_shark [weight: 2, min: 1, max: 2] }; { hybrid-aquatic:thresher_shark [weight: 2, min: 1, max: 1] }; { hybrid-aquatic:whale_shark [weight: 1, min: 1, max: 1] }; { hybrid-aquatic:sea_cucumber [weight: 3, min: 1, max: 2] }; { hybrid-aquatic:sea_cucumber [weight: 3, min: 1, max: 2] }; { hybrid-aquatic:sea_slug [weight: 1, min: 0, max: 2] }; { hybrid-aquatic:sea_urchin [weight: 3, min: 0, max: 2] }; { hybrid-aquatic:sea_urchin [weight: 3, min: 0, max: 2] }; { hybrid-aquatic:starfish [weight: 2, min: 0, max: 2] }; { hybrid-aquatic:starfish [weight: 2, min: 0, max: 2] }"
202,"still_life:tropical_dry_forest","{ creeperoverhaul:bamboo_creeper [weight: 75, min: 2, max: 2] }; { creeperoverhaul:cave_creeper [weight: 75, min: 2, max: 2] }; { creeperoverhaul:cave_creeper [weight: 75, min: 2, max: 2] }; { creeperoverhaul:jungle_creeper [weight: 75, min: 2, max: 2] }; { creeperoverhaul:savannah_creeper [weight: 75, min: 2, max: 2] }; { endermanoverhaul:cave_enderman [weight: 2, min: 1, max: 2] }; { endermanoverhaul:savanna_enderman [weight: 10, min: 1, max: 4] }; { minecraft:skeleton [weight: 100, min: 4, max: 4] }; { minecraft:slime [weight: 100, min: 4, max: 4] }; { minecraft:spider [weight: 100, min: 4, max: 4] }; { minecraft:witch [weight: 5, min: 1, max: 1] }; { minecraft:zombie [weight: 95, min: 4, max: 4] }; { minecraft:zombie_villager [weight: 5, min: 1, max: 1] }; { crittersandcompanions:jumping_spider [weight: 2, min: 1, max: 1] }; { crittersandcompanions:red_panda [weight: 8, min: 1, max: 2] }; { friendsandfoes:mauler [weight: 32, min: 1, max: 1] }; { hybrid-birds:guinea_fowl [weight: 3, min: 1, max: 3] }; { hybrid-birds:peacock [weight: 2, min: 1, max: 2] }; { meadow:water_buffalo [weight: 3, min: 2, max: 3] }; { minecraft:frog [weight: 8, min: 3, max: 4] }; { minecraft:wolf [weight: 1, min: 1, max: 2] }; { naturalist:boar [weight: 10, min: 4, max: 4] }; { naturalist:cardinal [weight: 10, min: 1, max: 4] }; { naturalist:coral_snake [weight: 10, min: 1, max: 1] }; { naturalist:elephant [weight: 5, min: 2, max: 3] }; { naturalist:finch [weight: 10, min: 1, max: 4] }; { naturalist:giraffe [weight: 5, min: 2, max: 4] }; { naturalist:hippo [weight: 10, min: 3, max: 4] }; { naturalist:lion [weight: 3, min: 3, max: 5] }; { naturalist:lizard [weight: 10, min: 1, max: 2] }; { naturalist:rattlesnake [weight: 10, min: 1, max: 1] }; { naturalist:rhino [weight: 1, min: 1, max: 3] }; { naturalist:snail [weight: 10, min: 1, max: 3] }; { naturalist:snake [weight: 10, min: 1, max: 1] }; { naturalist:tortoise [weight: 10, min: 1, max: 3] }; { naturalist:vulture [weight: 3, min: 2, max: 4] }; { naturalist:zebra [weight: 1, min: 2, max: 3] }; { wildernature:bison [weight: 14, min: 3, max: 6] }; { wildernature:boar [weight: 14, min: 4, max: 5] }; { wildernature:cassowary [weight: 7, min: 3, max: 5] }; { crittersandcompanions:leaf_insect [weight: 14, min: 1, max: 1] }; { minecraft:bat [weight: 10, min: 8, max: 8] }; { minecraft:glow_squid [weight: 10, min: 4, max: 6] }; { friendsandfoes:rascal [weight: 4, min: 1, max: 1] }; { hybrid-aquatic:african_butterflyfish [weight: 2, min: 1, max: 1] }; { hybrid-aquatic:danio [weight: 3, min: 2, max: 3] }; { hybrid-aquatic:discus [weight: 1, min: 1, max: 1] }; { hybrid-aquatic:golden_dorado [weight: 1, min: 1, max: 1] }; { hybrid-aquatic:gourami [weight: 1, min: 1, max: 1] }; { hybrid-aquatic:oscar [weight: 1, min: 1, max: 1] }; { hybrid-aquatic:piranha [weight: 2, min: 4, max: 8] }; { hybrid-aquatic:pleco [weight: 1, min: 1, max: 2] }; { hybrid-aquatic:tetra [weight: 3, min: 2, max: 3] }; { hybrid-aquatic:tiger_barb [weight: 3, min: 2, max: 3] }; { hybrid-aquatic:vampire_crab [weight: 1, min: 1, max: 2] }"
203,"still_life:tropical_highlands","{ creeperoverhaul:cave_creeper [weight: 75, min: 2, max: 2] }; { creeperoverhaul:hills_creeper [weight: 75, min: 2, max: 2] }; { minecraft:enderman [weight: 10, min: 1, max: 4] }; { minecraft:skeleton [weight: 100, min: 4, max: 4] }; { minecraft:slime [weight: 100, min: 4, max: 4] }; { minecraft:spider [weight: 100, min: 4, max: 4] }; { minecraft:witch [weight: 5, min: 1, max: 1] }; { minecraft:zombie [weight: 95, min: 4, max: 4] }; { minecraft:zombie_villager [weight: 5, min: 1, max: 1] }; { meadow:wooly_sheep [weight: 10, min: 2, max: 3] }; { minecraft:chicken [weight: 5, min: 4, max: 4] }; { minecraft:cow [weight: 0, min: 4, max: 4] }; { minecraft:pig [weight: 2, min: 4, max: 4] }; { minecraft:sheep [weight: 1, min: 4, max: 4] }; { naturalist:bear [weight: 10, min: 1, max: 2] }; { naturalist:canary [weight: 10, min: 1, max: 4] }; { naturalist:robin [weight: 10, min: 1, max: 4] }; { naturalist:snail [weight: 10, min: 1, max: 3] }; { minecraft:bat [weight: 10, min: 8, max: 8] }; { minecraft:glow_squid [weight: 10, min: 4, max: 6] }; { friendsandfoes:rascal [weight: 4, min: 1, max: 1] }"
204,"still_life:tropical_rainforest","{ creeperoverhaul:bamboo_creeper [weight: 75, min: 2, max: 2] }; { creeperoverhaul:cave_creeper [weight: 75, min: 2, max: 2] }; { creeperoverhaul:jungle_creeper [weight: 75, min: 2, max: 2] }; { minecraft:enderman [weight: 10, min: 1, max: 4] }; { minecraft:skeleton [weight: 100, min: 4, max: 4] }; { minecraft:slime [weight: 100, min: 4, max: 4] }; { minecraft:spider [weight: 100, min: 4, max: 4] }; { minecraft:witch [weight: 5, min: 1, max: 1] }; { minecraft:zombie [weight: 95, min: 4, max: 4] }; { minecraft:zombie_villager [weight: 5, min: 1, max: 1] }; { crittersandcompanions:jumping_spider [weight: 2, min: 1, max: 1] }; { crittersandcompanions:red_panda [weight: 8, min: 1, max: 2] }; { hybrid-birds:peacock [weight: 2, min: 1, max: 2] }; { minecraft:frog [weight: 8, min: 3, max: 4] }; { minecraft:sheep [weight: 0, min: 4, max: 4] }; { naturalist:coral_snake [weight: 10, min: 1, max: 1] }; { naturalist:elephant [weight: 5, min: 2, max: 3] }; { naturalist:hippo [weight: 10, min: 3, max: 4] }; { naturalist:lizard [weight: 10, min: 1, max: 2] }; { naturalist:snail [weight: 10, min: 1, max: 3] }; { naturalist:snake [weight: 10, min: 1, max: 1] }; { naturalist:tortoise [weight: 10, min: 1, max: 3] }; { wildernature:cassowary [weight: 7, min: 3, max: 5] }; { crittersandcompanions:leaf_insect [weight: 14, min: 1, max: 1] }; { minecraft:bat [weight: 10, min: 8, max: 8] }; { minecraft:glow_squid [weight: 10, min: 4, max: 6] }; { friendsandfoes:rascal [weight: 4, min: 1, max: 1] }; { hybrid-aquatic:african_butterflyfish [weight: 2, min: 1, max: 1] }; { hybrid-aquatic:danio [weight: 3, min: 2, max: 3] }; { hybrid-aquatic:discus [weight: 1, min: 1, max: 1] }; { hybrid-aquatic:golden_dorado [weight: 1, min: 1, max: 1] }; { hybrid-aquatic:gourami [weight: 1, min: 1, max: 1] }; { hybrid-aquatic:oscar [weight: 1, min: 1, max: 1] }; { hybrid-aquatic:piranha [weight: 2, min: 4, max: 8] }; { hybrid-aquatic:pleco [weight: 1, min: 1, max: 2] }; { hybrid-aquatic:tetra [weight: 3, min: 2, max: 3] }; { hybrid-aquatic:tiger_barb [weight: 3, min: 2, max: 3] }; { hybrid-aquatic:vampire_crab [weight: 1, min: 1, max: 2] }"
205,"still_life:tropical_rainforest_river","{ minecraft:creeper [weight: 100, min: 4, max: 4] }; { minecraft:enderman [weight: 10, min: 1, max: 4] }; { minecraft:skeleton [weight: 100, min: 4, max: 4] }; { minecraft:slime [weight: 100, min: 4, max: 4] }; { minecraft:spider [weight: 100, min: 4, max: 4] }; { minecraft:witch [weight: 5, min: 1, max: 1] }; { minecraft:zombie [weight: 95, min: 4, max: 4] }; { minecraft:zombie_villager [weight: 5, min: 1, max: 1] }; { meadow:water_buffalo [weight: 3, min: 2, max: 3] }; { minecraft:chicken [weight: 10, min: 4, max: 4] }; { minecraft:chicken [weight: 10, min: 4, max: 4] }; { minecraft:cow [weight: 8, min: 4, max: 4] }; { minecraft:pig [weight: 10, min: 4, max: 4] }; { minecraft:sheep [weight: 12, min: 4, max: 4] }; { naturalist:coral_snake [weight: 10, min: 1, max: 1] }; { naturalist:duck [weight: 10, min: 1, max: 3] }; { naturalist:snail [weight: 10, min: 1, max: 3] }; { wildernature:pelican [weight: 7, min: 3, max: 5] }; { crittersandcompanions:dragonfly [weight: 7, min: 1, max: 1] }; { minecraft:bat [weight: 10, min: 8, max: 8] }; { minecraft:glow_squid [weight: 10, min: 4, max: 6] }; { crittersandcompanions:otter [weight: 1, min: 3, max: 5] }; { crittersandcompanions:koi_fish [weight: 4, min: 2, max: 5] }; { fetzisasiandeco:koi [weight: 5, min: 2, max: 5] }; { naturalist:bass [weight: 10, min: 4, max: 4] }; { friendsandfoes:rascal [weight: 4, min: 1, max: 1] }; { hybrid-aquatic:carp [weight: 3, min: 0, max: 2] }; { hybrid-aquatic:danio [weight: 3, min: 2, max: 3] }; { hybrid-aquatic:discus [weight: 1, min: 1, max: 1] }; { hybrid-aquatic:golden_dorado [weight: 1, min: 1, max: 1] }; { hybrid-aquatic:golden_dorado [weight: 1, min: 1, max: 1] }; { hybrid-aquatic:gourami [weight: 1, min: 1, max: 1] }; { hybrid-aquatic:oscar [weight: 1, min: 1, max: 1] }; { hybrid-aquatic:piranha [weight: 2, min: 4, max: 8] }; { hybrid-aquatic:shiner [weight: 3, min: 1, max: 2] }; { hybrid-aquatic:sunfish [weight: 3, min: 1, max: 2] }; { hybrid-aquatic:tetra [weight: 3, min: 2, max: 3] }; { hybrid-aquatic:tiger_barb [weight: 3, min: 2, max: 3] }; { hybrid-aquatic:trout [weight: 2, min: 0, max: 1] }; { hybrid-aquatic:crayfish [weight: 2, min: 1, max: 2] }; { hybrid-aquatic:vampire_crab [weight: 1, min: 1, max: 2] }; { hybrid-aquatic:otter [weight: 1, min: 0, max: 2] }; { untitledduckmod:duck [weight: 6, min: 2, max: 4] }; { untitledduckmod:goose [weight: 4, min: 2, max: 4] }"
206,"still_life:tropical_shallow_ocean","{ minecraft:creeper [weight: 100, min: 4, max: 4] }; { minecraft:drowned [weight: 5, min: 1, max: 1] }; { minecraft:enderman [weight: 10, min: 1, max: 4] }; { minecraft:skeleton [weight: 100, min: 4, max: 4] }; { minecraft:slime [weight: 100, min: 4, max: 4] }; { minecraft:spider [weight: 100, min: 4, max: 4] }; { minecraft:witch [weight: 5, min: 1, max: 1] }; { minecraft:zombie [weight: 95, min: 4, max: 4] }; { minecraft:zombie_villager [weight: 5, min: 1, max: 1] }; { minecraft:bat [weight: 10, min: 8, max: 8] }; { minecraft:glow_squid [weight: 10, min: 4, max: 6] }; { minecraft:dolphin [weight: 2, min: 1, max: 2] }; { minecraft:squid [weight: 10, min: 4, max: 4] }; { minecraft:pufferfish [weight: 15, min: 1, max: 3] }; { minecraft:tropical_fish [weight: 25, min: 8, max: 8] }; { friendsandfoes:rascal [weight: 4, min: 1, max: 1] }; { hybrid-aquatic:barracuda [weight: 3, min: 1, max: 1] }; { hybrid-aquatic:blowfish [weight: 3, min: 1, max: 2] }; { hybrid-aquatic:boxfish [weight: 2, min: 1, max: 1] }; { hybrid-aquatic:clownfish [weight: 3, min: 1, max: 2] }; { hybrid-aquatic:damselfish [weight: 5, min: 4, max: 12] }; { hybrid-aquatic:damselfish [weight: 5, min: 4, max: 12] }; { hybrid-aquatic:flashlight_fish [weight: 5, min: 4, max: 12] }; { hybrid-aquatic:flashlight_fish [weight: 5, min: 4, max: 12] }; { hybrid-aquatic:flying_fish [weight: 5, min: 4, max: 12] }; { hybrid-aquatic:lionfish [weight: 3, min: 1, max: 2] }; { hybrid-aquatic:moray_eel [weight: 3, min: 1, max: 2] }; { hybrid-aquatic:needlefish [weight: 4, min: 1, max: 4] }; { hybrid-aquatic:parrotfish [weight: 4, min: 1, max: 2] }; { hybrid-aquatic:rockfish [weight: 3, min: 1, max: 4] }; { hybrid-aquatic:sea_bass [weight: 3, min: 1, max: 3] }; { hybrid-aquatic:seahorse [weight: 1, min: 1, max: 2] }; { hybrid-aquatic:squirrelfish [weight: 5, min: 4, max: 12] }; { hybrid-aquatic:squirrelfish [weight: 5, min: 4, max: 12] }; { hybrid-aquatic:stingray [weight: 2, min: 1, max: 2] }; { hybrid-aquatic:stingray [weight: 2, min: 1, max: 2] }; { hybrid-aquatic:stonefish [weight: 3, min: 1, max: 2] }; { hybrid-aquatic:surgeonfish [weight: 4, min: 1, max: 4] }; { hybrid-aquatic:triggerfish [weight: 3, min: 1, max: 1] }; { hybrid-aquatic:cuttlefish [weight: 3, min: 1, max: 1] }; { hybrid-aquatic:firefly_squid [weight: 3, min: 1, max: 2] }; { hybrid-aquatic:firefly_squid [weight: 3, min: 1, max: 2] }; { hybrid-aquatic:nautilus [weight: 3, min: 1, max: 1] }; { hybrid-aquatic:octopus [weight: 3, min: 1, max: 1] }; { hybrid-aquatic:octopus [weight: 3, min: 1, max: 1] }; { hybrid-aquatic:umbrella_octopus [weight: 3, min: 1, max: 1] }; { hybrid-aquatic:vampire_squid [weight: 3, min: 1, max: 1] }; { hybrid-aquatic:vampire_squid [weight: 3, min: 1, max: 1] }; { hybrid-aquatic:barrel_jellyfish [weight: 3, min: 1, max: 2] }; { hybrid-aquatic:box_jellyfish [weight: 1, min: 1, max: 1] }; { hybrid-aquatic:box_jellyfish [weight: 1, min: 1, max: 1] }; { hybrid-aquatic:cepheidae_jellyfish [weight: 3, min: 1, max: 2] }; { hybrid-aquatic:moon_jellyfish [weight: 5, min: 2, max: 5] }; { hybrid-aquatic:moon_jellyfish [weight: 5, min: 2, max: 5] }; { hybrid-aquatic:sea_nettle [weight: 3, min: 1, max: 4] }; { hybrid-aquatic:hammerhead_shark [weight: 3, min: 1, max: 2] }; { hybrid-aquatic:hound_shark [weight: 3, min: 1, max: 2] }; { hybrid-aquatic:tiger_shark [weight: 2, min: 1, max: 1] }; { hybrid-aquatic:decorator_crab [weight: 2, min: 1, max: 2] }; { hybrid-aquatic:flower_crab [weight: 3, min: 1, max: 2] }; { hybrid-aquatic:flower_crab [weight: 3, min: 1, max: 2] }; { hybrid-aquatic:hermit_crab [weight: 1, min: 1, max: 2] }; { hybrid-aquatic:horseshoe_crab [weight: 3, min: 1, max: 2] }; { hybrid-aquatic:lobster [weight: 2, min: 1, max: 2] }; { hybrid-aquatic:lobster [weight: 2, min: 1, max: 2] }; { hybrid-aquatic:shrimp [weight: 3, min: 2, max: 3] }; { hybrid-aquatic:sea_cucumber [weight: 3, min: 1, max: 2] }; { hybrid-aquatic:sea_slug [weight: 1, min: 0, max: 2] }; { hybrid-aquatic:sea_slug [weight: 1, min: 0, max: 2] }; { hybrid-aquatic:sea_urchin [weight: 3, min: 0, max: 2] }; { hybrid-aquatic:starfish [weight: 2, min: 0, max: 2] }"
207,"still_life:tropical_wetlands","{ creeperoverhaul:bamboo_creeper [weight: 75, min: 2, max: 2] }; { creeperoverhaul:cave_creeper [weight: 75, min: 2, max: 2] }; { creeperoverhaul:cave_creeper [weight: 75, min: 2, max: 2] }; { creeperoverhaul:jungle_creeper [weight: 75, min: 2, max: 2] }; { creeperoverhaul:swamp_creeper [weight: 75, min: 2, max: 2] }; { endermanoverhaul:cave_enderman [weight: 2, min: 1, max: 2] }; { endermanoverhaul:swamp_enderman [weight: 10, min: 1, max: 4] }; { minecraft:skeleton [weight: 100, min: 4, max: 4] }; { minecraft:slime [weight: 100, min: 4, max: 4] }; { minecraft:spider [weight: 100, min: 4, max: 4] }; { minecraft:witch [weight: 5, min: 1, max: 1] }; { minecraft:zombie [weight: 95, min: 4, max: 4] }; { minecraft:zombie_villager [weight: 5, min: 1, max: 1] }; { crittersandcompanions:jumping_spider [weight: 2, min: 1, max: 1] }; { crittersandcompanions:red_panda [weight: 8, min: 1, max: 2] }; { hybrid-birds:peacock [weight: 2, min: 1, max: 2] }; { minecraft:frog [weight: 5, min: 2, max: 5] }; { minecraft:frog [weight: 8, min: 3, max: 4] }; { naturalist:alligator [weight: 10, min: 1, max: 2] }; { naturalist:cardinal [weight: 10, min: 1, max: 4] }; { naturalist:coral_snake [weight: 10, min: 1, max: 1] }; { naturalist:duck [weight: 10, min: 1, max: 3] }; { naturalist:elephant [weight: 5, min: 2, max: 3] }; { naturalist:hippo [weight: 10, min: 3, max: 4] }; { naturalist:lizard [weight: 10, min: 1, max: 2] }; { naturalist:snail [weight: 10, min: 1, max: 3] }; { naturalist:snake [weight: 10, min: 1, max: 1] }; { naturalist:tortoise [weight: 10, min: 1, max: 3] }; { wildernature:cassowary [weight: 7, min: 3, max: 5] }; { crittersandcompanions:leaf_insect [weight: 14, min: 1, max: 1] }; { minecraft:bat [weight: 10, min: 8, max: 8] }; { naturalist:butterfly [weight: 10, min: 3, max: 5] }; { naturalist:dragonfly [weight: 10, min: 2, max: 3] }; { naturalist:firefly [weight: 10, min: 2, max: 3] }; { minecraft:glow_squid [weight: 10, min: 4, max: 6] }; { naturalist:bass [weight: 10, min: 4, max: 4] }; { naturalist:catfish [weight: 10, min: 1, max: 1] }; { friendsandfoes:rascal [weight: 4, min: 1, max: 1] }; { hybrid-aquatic:african_butterflyfish [weight: 2, min: 1, max: 1] }; { hybrid-aquatic:danio [weight: 3, min: 2, max: 3] }; { hybrid-aquatic:discus [weight: 1, min: 1, max: 1] }; { hybrid-aquatic:golden_dorado [weight: 1, min: 1, max: 1] }; { hybrid-aquatic:gourami [weight: 1, min: 1, max: 1] }; { hybrid-aquatic:oscar [weight: 1, min: 1, max: 1] }; { hybrid-aquatic:piranha [weight: 2, min: 4, max: 8] }; { hybrid-aquatic:pleco [weight: 1, min: 1, max: 2] }; { hybrid-aquatic:tetra [weight: 3, min: 2, max: 3] }; { hybrid-aquatic:tiger_barb [weight: 3, min: 2, max: 3] }; { hybrid-aquatic:vampire_crab [weight: 1, min: 1, max: 2] }; { untitledduckmod:duck [weight: 6, min: 2, max: 4] }"
208,"still_life:tundra_beach","{ creeperoverhaul:beach_creeper [weight: 75, min: 2, max: 2] }; { creeperoverhaul:cave_creeper [weight: 75, min: 2, max: 2] }; { minecraft:enderman [weight: 10, min: 1, max: 4] }; { minecraft:skeleton [weight: 100, min: 4, max: 4] }; { minecraft:slime [weight: 100, min: 4, max: 4] }; { minecraft:spider [weight: 100, min: 4, max: 4] }; { minecraft:witch [weight: 5, min: 1, max: 1] }; { minecraft:zombie [weight: 95, min: 4, max: 4] }; { minecraft:zombie_villager [weight: 5, min: 1, max: 1] }; { naturalist:coral_snake [weight: 10, min: 1, max: 1] }; { wildernature:pelican [weight: 7, min: 3, max: 5] }; { minecraft:bat [weight: 10, min: 8, max: 8] }; { minecraft:glow_squid [weight: 10, min: 4, max: 6] }; { friendsandfoes:rascal [weight: 4, min: 1, max: 1] }"
209,"still_life:tundra_river","{ minecraft:creeper [weight: 100, min: 4, max: 4] }; { minecraft:enderman [weight: 10, min: 1, max: 4] }; { minecraft:skeleton [weight: 100, min: 4, max: 4] }; { minecraft:slime [weight: 100, min: 4, max: 4] }; { minecraft:spider [weight: 100, min: 4, max: 4] }; { minecraft:witch [weight: 5, min: 1, max: 1] }; { minecraft:zombie [weight: 95, min: 4, max: 4] }; { minecraft:zombie_villager [weight: 5, min: 1, max: 1] }; { meadow:water_buffalo [weight: 3, min: 2, max: 3] }; { minecraft:chicken [weight: 10, min: 4, max: 4] }; { minecraft:cow [weight: 8, min: 4, max: 4] }; { minecraft:donkey [weight: 1, min: 1, max: 1] }; { minecraft:horse [weight: 1, min: 2, max: 6] }; { minecraft:pig [weight: 10, min: 4, max: 4] }; { minecraft:sheep [weight: 12, min: 4, max: 4] }; { naturalist:coral_snake [weight: 10, min: 1, max: 1] }; { naturalist:duck [weight: 10, min: 1, max: 3] }; { naturalist:snail [weight: 10, min: 1, max: 3] }; { wildernature:pelican [weight: 7, min: 3, max: 5] }; { crittersandcompanions:dragonfly [weight: 7, min: 1, max: 1] }; { minecraft:bat [weight: 10, min: 8, max: 8] }; { minecraft:glow_squid [weight: 10, min: 4, max: 6] }; { crittersandcompanions:otter [weight: 1, min: 3, max: 5] }; { crittersandcompanions:koi_fish [weight: 4, min: 2, max: 5] }; { fetzisasiandeco:koi [weight: 5, min: 2, max: 5] }; { naturalist:bass [weight: 10, min: 4, max: 4] }; { friendsandfoes:rascal [weight: 4, min: 1, max: 1] }; { hybrid-aquatic:carp [weight: 3, min: 0, max: 2] }; { hybrid-aquatic:golden_dorado [weight: 1, min: 1, max: 1] }; { hybrid-aquatic:shiner [weight: 3, min: 1, max: 2] }; { hybrid-aquatic:sunfish [weight: 3, min: 1, max: 2] }; { hybrid-aquatic:trout [weight: 2, min: 0, max: 1] }; { hybrid-aquatic:crayfish [weight: 2, min: 1, max: 2] }; { hybrid-aquatic:otter [weight: 1, min: 0, max: 2] }; { untitledduckmod:duck [weight: 6, min: 2, max: 4] }; { untitledduckmod:goose [weight: 4, min: 2, max: 4] }"
210,"betterend:umbra_valley","{ endermanoverhaul:end_enderman [weight: 2, min: 1, max: 2] }; { endermanoverhaul:end_islands_enderman [weight: 1, min: 1, max: 1] }"
211,"betterend:umbrella_jungle","{ endermanoverhaul:end_enderman [weight: 2, min: 1, max: 2] }; { endermanoverhaul:end_islands_enderman [weight: 1, min: 1, max: 1] }; { minecraft:enderman [weight: 50, min: 1, max: 2] }"
212,"betternether:upside_down_forest","{ betternether:jungle_skeleton [weight: 0, min: 2, max: 4] }; { betternether:naga [weight: 8, min: 3, max: 5] }; { betternether:skull [weight: 2, min: 2, max: 4] }; { minecraft:enderman [weight: 1, min: 4, max: 4] }; { minecraft:ghast [weight: 50, min: 4, max: 4] }; { minecraft:hoglin [weight: 0, min: 1, max: 2] }; { minecraft:magma_cube [weight: 2, min: 4, max: 4] }; { minecraft:piglin [weight: 15, min: 4, max: 4] }; { minecraft:piglin_brute [weight: 0, min: 1, max: 1] }; { minecraft:zombified_piglin [weight: 100, min: 4, max: 4] }; { minecraft:strider [weight: 60, min: 1, max: 2] }; { betternether:firefly [weight: 5, min: 1, max: 3] }; { betternether:flying_pig [weight: 0, min: 2, max: 4] }; { betternether:hydrogen_jellyfish [weight: 5, min: 2, max: 6] }"
213,"betternether:upside_down_forest_cleared","{ betternether:jungle_skeleton [weight: 0, min: 2, max: 4] }; { betternether:naga [weight: 8, min: 3, max: 5] }; { betternether:skull [weight: 2, min: 2, max: 4] }; { minecraft:enderman [weight: 1, min: 4, max: 4] }; { minecraft:ghast [weight: 50, min: 4, max: 4] }; { minecraft:hoglin [weight: 0, min: 1, max: 2] }; { minecraft:magma_cube [weight: 2, min: 4, max: 4] }; { minecraft:piglin [weight: 15, min: 4, max: 4] }; { minecraft:piglin_brute [weight: 0, min: 1, max: 1] }; { minecraft:zombified_piglin [weight: 100, min: 4, max: 4] }; { minecraft:strider [weight: 60, min: 1, max: 2] }; { betternether:firefly [weight: 5, min: 1, max: 3] }; { betternether:flying_pig [weight: 0, min: 2, max: 4] }; { betternether:hydrogen_jellyfish [weight: 5, min: 2, max: 6] }"
214,"nullscape:void_barrens","{ endermanoverhaul:end_enderman [weight: 2, min: 1, max: 2] }; { endermanoverhaul:end_islands_enderman [weight: 1, min: 1, max: 1] }; { minecraft:enderman [weight: 10, min: 4, max: 4] }"
215,"incendium:volcanic_deltas","{ betternether:naga [weight: 8, min: 3, max: 5] }; { minecraft:blaze [weight: 20, min: 1, max: 1] }; { minecraft:ghast [weight: 50, min: 8, max: 8] }; { minecraft:magma_cube [weight: 50, min: 2, max: 3] }; { minecraft:strider [weight: 60, min: 1, max: 2] }; { betternether:firefly [weight: 5, min: 1, max: 3] }; { betternether:hydrogen_jellyfish [weight: 5, min: 2, max: 6] }"
216,"minecraft:warm_ocean","{ creeperoverhaul:cave_creeper [weight: 75, min: 2, max: 2] }; { creeperoverhaul:ocean_creeper [weight: 2, min: 1, max: 1] }; { endermanoverhaul:cave_enderman [weight: 2, min: 1, max: 2] }; { endermanoverhaul:coral_enderman [weight: 5, min: 1, max: 2] }; { minecraft:drowned [weight: 5, min: 1, max: 1] }; { minecraft:skeleton [weight: 100, min: 4, max: 4] }; { minecraft:slime [weight: 100, min: 4, max: 4] }; { minecraft:spider [weight: 100, min: 4, max: 4] }; { minecraft:witch [weight: 5, min: 1, max: 1] }; { minecraft:zombie [weight: 95, min: 4, max: 4] }; { minecraft:zombie_villager [weight: 5, min: 1, max: 1] }; { minecraft:bat [weight: 10, min: 8, max: 8] }; { minecraft:glow_squid [weight: 10, min: 4, max: 6] }; { minecraft:dolphin [weight: 2, min: 1, max: 2] }; { minecraft:squid [weight: 10, min: 4, max: 4] }; { crittersandcompanions:dumbo_octopus [weight: 6, min: 1, max: 1] }; { crittersandcompanions:sea_bunny [weight: 16, min: 1, max: 4] }; { minecraft:pufferfish [weight: 15, min: 1, max: 3] }; { minecraft:tropical_fish [weight: 25, min: 8, max: 8] }; { friendsandfoes:rascal [weight: 4, min: 1, max: 1] }; { hybrid-aquatic:blowfish [weight: 3, min: 1, max: 2] }; { hybrid-aquatic:boxfish [weight: 2, min: 1, max: 1] }; { hybrid-aquatic:clownfish [weight: 3, min: 1, max: 2] }; { hybrid-aquatic:damselfish [weight: 5, min: 4, max: 12] }; { hybrid-aquatic:flashlight_fish [weight: 5, min: 4, max: 12] }; { hybrid-aquatic:lionfish [weight: 3, min: 1, max: 2] }; { hybrid-aquatic:moray_eel [weight: 3, min: 1, max: 2] }; { hybrid-aquatic:parrotfish [weight: 4, min: 1, max: 2] }; { hybrid-aquatic:seahorse [weight: 1, min: 1, max: 2] }; { hybrid-aquatic:squirrelfish [weight: 5, min: 4, max: 12] }; { hybrid-aquatic:stingray [weight: 2, min: 1, max: 2] }; { hybrid-aquatic:stonefish [weight: 3, min: 1, max: 2] }; { hybrid-aquatic:surgeonfish [weight: 4, min: 1, max: 4] }; { hybrid-aquatic:triggerfish [weight: 3, min: 1, max: 1] }; { hybrid-aquatic:cuttlefish [weight: 3, min: 1, max: 1] }; { hybrid-aquatic:firefly_squid [weight: 3, min: 1, max: 2] }; { hybrid-aquatic:octopus [weight: 3, min: 1, max: 1] }; { hybrid-aquatic:box_jellyfish [weight: 1, min: 1, max: 1] }; { hybrid-aquatic:moon_jellyfish [weight: 5, min: 2, max: 5] }; { hybrid-aquatic:decorator_crab [weight: 2, min: 1, max: 2] }; { hybrid-aquatic:flower_crab [weight: 3, min: 1, max: 2] }; { hybrid-aquatic:lobster [weight: 2, min: 1, max: 2] }; { hybrid-aquatic:shrimp [weight: 3, min: 2, max: 3] }; { hybrid-aquatic:sea_cucumber [weight: 3, min: 1, max: 2] }; { hybrid-aquatic:sea_slug [weight: 1, min: 0, max: 2] }; { hybrid-aquatic:sea_urchin [weight: 3, min: 0, max: 2] }; { hybrid-aquatic:starfish [weight: 2, min: 0, max: 2] }"
217,"still_life:warm_temperate_clearings","{ minecraft:creeper [weight: 100, min: 4, max: 4] }; { minecraft:enderman [weight: 10, min: 1, max: 4] }; { minecraft:skeleton [weight: 100, min: 4, max: 4] }; { minecraft:slime [weight: 100, min: 4, max: 4] }; { minecraft:spider [weight: 100, min: 4, max: 4] }; { minecraft:witch [weight: 5, min: 1, max: 1] }; { minecraft:zombie [weight: 95, min: 4, max: 4] }; { minecraft:zombie_villager [weight: 5, min: 1, max: 1] }; { crittersandcompanions:ferret [weight: 4, min: 2, max: 3] }; { minecraft:chicken [weight: 1, min: 4, max: 4] }; { minecraft:cow [weight: 4, min: 4, max: 4] }; { minecraft:donkey [weight: 0, min: 1, max: 1] }; { minecraft:horse [weight: 0, min: 2, max: 6] }; { minecraft:pig [weight: 2, min: 4, max: 4] }; { minecraft:rabbit [weight: 3, min: 2, max: 4] }; { minecraft:sheep [weight: 5, min: 4, max: 4] }; { naturalist:deer [weight: 10, min: 1, max: 3] }; { naturalist:robin [weight: 10, min: 1, max: 4] }; { naturalist:snail [weight: 10, min: 1, max: 3] }; { naturalist:snake [weight: 10, min: 1, max: 1] }; { naturalist:sparrow [weight: 10, min: 1, max: 4] }; { wildernature:bison [weight: 14, min: 3, max: 6] }; { minecraft:bat [weight: 10, min: 8, max: 8] }; { naturalist:butterfly [weight: 10, min: 3, max: 5] }; { naturalist:firefly [weight: 10, min: 2, max: 3] }; { minecraft:glow_squid [weight: 10, min: 4, max: 6] }; { friendsandfoes:rascal [weight: 4, min: 1, max: 1] }; { untitledduckmod:goose [weight: 4, min: 2, max: 4] }"
218,"still_life:warm_temperate_river","{ minecraft:creeper [weight: 100, min: 4, max: 4] }; { minecraft:enderman [weight: 10, min: 1, max: 4] }; { minecraft:skeleton [weight: 100, min: 4, max: 4] }; { minecraft:slime [weight: 100, min: 4, max: 4] }; { minecraft:spider [weight: 100, min: 4, max: 4] }; { minecraft:witch [weight: 5, min: 1, max: 1] }; { minecraft:zombie [weight: 95, min: 4, max: 4] }; { minecraft:zombie_villager [weight: 5, min: 1, max: 1] }; { meadow:water_buffalo [weight: 3, min: 2, max: 3] }; { minecraft:chicken [weight: 10, min: 4, max: 4] }; { minecraft:cow [weight: 8, min: 4, max: 4] }; { minecraft:donkey [weight: 1, min: 1, max: 1] }; { minecraft:horse [weight: 1, min: 2, max: 6] }; { minecraft:pig [weight: 10, min: 4, max: 4] }; { minecraft:sheep [weight: 12, min: 4, max: 4] }; { naturalist:coral_snake [weight: 10, min: 1, max: 1] }; { naturalist:duck [weight: 10, min: 1, max: 3] }; { naturalist:snail [weight: 10, min: 1, max: 3] }; { wildernature:pelican [weight: 7, min: 3, max: 5] }; { crittersandcompanions:dragonfly [weight: 7, min: 1, max: 1] }; { minecraft:bat [weight: 10, min: 8, max: 8] }; { minecraft:glow_squid [weight: 10, min: 4, max: 6] }; { crittersandcompanions:otter [weight: 1, min: 3, max: 5] }; { crittersandcompanions:koi_fish [weight: 4, min: 2, max: 5] }; { fetzisasiandeco:koi [weight: 5, min: 2, max: 5] }; { naturalist:bass [weight: 10, min: 4, max: 4] }; { friendsandfoes:rascal [weight: 4, min: 1, max: 1] }; { hybrid-aquatic:carp [weight: 3, min: 0, max: 2] }; { hybrid-aquatic:danio [weight: 3, min: 2, max: 3] }; { hybrid-aquatic:discus [weight: 1, min: 1, max: 1] }; { hybrid-aquatic:golden_dorado [weight: 1, min: 1, max: 1] }; { hybrid-aquatic:golden_dorado [weight: 1, min: 1, max: 1] }; { hybrid-aquatic:gourami [weight: 1, min: 1, max: 1] }; { hybrid-aquatic:oscar [weight: 1, min: 1, max: 1] }; { hybrid-aquatic:piranha [weight: 2, min: 4, max: 8] }; { hybrid-aquatic:shiner [weight: 3, min: 1, max: 2] }; { hybrid-aquatic:sunfish [weight: 3, min: 1, max: 2] }; { hybrid-aquatic:tetra [weight: 3, min: 2, max: 3] }; { hybrid-aquatic:tiger_barb [weight: 3, min: 2, max: 3] }; { hybrid-aquatic:trout [weight: 2, min: 0, max: 1] }; { hybrid-aquatic:crayfish [weight: 2, min: 1, max: 2] }; { hybrid-aquatic:vampire_crab [weight: 1, min: 1, max: 2] }; { hybrid-aquatic:otter [weight: 1, min: 0, max: 2] }; { untitledduckmod:duck [weight: 6, min: 2, max: 4] }; { untitledduckmod:goose [weight: 4, min: 2, max: 4] }"
219,"still_life:warm_temperate_woodlands","{ minecraft:creeper [weight: 100, min: 4, max: 4] }; { minecraft:enderman [weight: 10, min: 1, max: 4] }; { minecraft:skeleton [weight: 100, min: 4, max: 4] }; { minecraft:slime [weight: 100, min: 4, max: 4] }; { minecraft:spider [weight: 100, min: 4, max: 4] }; { minecraft:witch [weight: 5, min: 1, max: 1] }; { minecraft:zombie [weight: 95, min: 4, max: 4] }; { minecraft:zombie_villager [weight: 5, min: 1, max: 1] }; { crittersandcompanions:ferret [weight: 4, min: 2, max: 3] }; { crittersandcompanions:jumping_spider [weight: 2, min: 1, max: 1] }; { meadow:wooly_sheep [weight: 10, min: 2, max: 3] }; { minecraft:cow [weight: 0, min: 4, max: 4] }; { minecraft:donkey [weight: 0, min: 1, max: 1] }; { minecraft:fox [weight: 1, min: 1, max: 2] }; { minecraft:fox [weight: 10, min: 2, max: 4] }; { minecraft:horse [weight: 0, min: 2, max: 6] }; { minecraft:rabbit [weight: 10, min: 2, max: 3] }; { minecraft:sheep [weight: 0, min: 4, max: 4] }; { naturalist:bear [weight: 10, min: 1, max: 2] }; { naturalist:boar [weight: 10, min: 4, max: 4] }; { naturalist:cardinal [weight: 10, min: 1, max: 4] }; { naturalist:deer [weight: 10, min: 1, max: 3] }; { naturalist:finch [weight: 10, min: 1, max: 4] }; { naturalist:lizard [weight: 10, min: 1, max: 2] }; { naturalist:robin [weight: 10, min: 1, max: 4] }; { naturalist:snail [weight: 10, min: 1, max: 3] }; { naturalist:snake [weight: 10, min: 1, max: 1] }; { wildernature:boar [weight: 14, min: 4, max: 5] }; { wildernature:deer [weight: 13, min: 2, max: 4] }; { wildernature:hedgehog [weight: 13, min: 1, max: 3] }; { wildernature:owl [weight: 12, min: 2, max: 3] }; { wildernature:turkey [weight: 12, min: 3, max: 5] }; { crittersandcompanions:leaf_insect [weight: 14, min: 1, max: 1] }; { minecraft:bat [weight: 10, min: 8, max: 8] }; { naturalist:butterfly [weight: 10, min: 3, max: 5] }; { naturalist:firefly [weight: 10, min: 2, max: 3] }; { minecraft:glow_squid [weight: 10, min: 4, max: 6] }; { friendsandfoes:rascal [weight: 4, min: 1, max: 1] }"
220,"minecraft:warped_forest","{ betternether:naga [weight: 8, min: 3, max: 5] }; { endermanoverhaul:warped_forest_enderman [weight: 1, min: 4, max: 4] }; { minecraft:strider [weight: 60, min: 1, max: 2] }; { betternether:firefly [weight: 5, min: 1, max: 3] }; { betternether:hydrogen_jellyfish [weight: 5, min: 2, max: 6] }"
221,"betternether:wart_forest","{ betternether:jungle_skeleton [weight: 0, min: 2, max: 4] }; { betternether:naga [weight: 0, min: 3, max: 5] }; { betternether:skull [weight: 2, min: 2, max: 4] }; { minecraft:enderman [weight: 1, min: 4, max: 4] }; { minecraft:ghast [weight: 50, min: 4, max: 4] }; { minecraft:hoglin [weight: 0, min: 1, max: 2] }; { minecraft:magma_cube [weight: 2, min: 4, max: 4] }; { minecraft:piglin [weight: 15, min: 4, max: 4] }; { minecraft:piglin_brute [weight: 0, min: 1, max: 1] }; { minecraft:zombified_piglin [weight: 100, min: 4, max: 4] }; { minecraft:strider [weight: 60, min: 1, max: 2] }; { betternether:firefly [weight: 5, min: 1, max: 3] }; { betternether:flying_pig [weight: 20, min: 2, max: 4] }; { betternether:hydrogen_jellyfish [weight: 5, min: 2, max: 6] }"
222,"betternether:wart_forest_edge","{ betternether:jungle_skeleton [weight: 0, min: 2, max: 4] }; { betternether:naga [weight: 0, min: 3, max: 5] }; { betternether:skull [weight: 2, min: 2, max: 4] }; { minecraft:enderman [weight: 1, min: 4, max: 4] }; { minecraft:ghast [weight: 50, min: 4, max: 4] }; { minecraft:hoglin [weight: 0, min: 1, max: 2] }; { minecraft:magma_cube [weight: 2, min: 4, max: 4] }; { minecraft:piglin [weight: 15, min: 4, max: 4] }; { minecraft:piglin_brute [weight: 0, min: 1, max: 1] }; { minecraft:zombified_piglin [weight: 100, min: 4, max: 4] }; { minecraft:strider [weight: 60, min: 1, max: 2] }; { betternether:firefly [weight: 5, min: 1, max: 3] }; { betternether:flying_pig [weight: 20, min: 2, max: 4] }; { betternether:hydrogen_jellyfish [weight: 5, min: 2, max: 6] }"
223,"incendium:weeping_valley","{ betternether:naga [weight: 8, min: 3, max: 5] }; { minecraft:enderman [weight: 2, min: 4, max: 4] }; { minecraft:ghast [weight: 50, min: 4, max: 4] }; { minecraft:magma_cube [weight: 20, min: 2, max: 4] }; { minecraft:skeleton [weight: 25, min: 5, max: 5] }; { minecraft:strider [weight: 60, min: 1, max: 2] }; { betternether:firefly [weight: 5, min: 1, max: 3] }; { betternether:hydrogen_jellyfish [weight: 5, min: 2, max: 6] }"
224,"minecraft:windswept_forest","{ creeperoverhaul:cave_creeper [weight: 75, min: 2, max: 2] }; { creeperoverhaul:hills_creeper [weight: 75, min: 2, max: 2] }; { minecraft:enderman [weight: 10, min: 1, max: 4] }; { minecraft:skeleton [weight: 100, min: 4, max: 4] }; { minecraft:slime [weight: 100, min: 4, max: 4] }; { minecraft:spider [weight: 100, min: 4, max: 4] }; { minecraft:witch [weight: 5, min: 1, max: 1] }; { minecraft:zombie [weight: 95, min: 4, max: 4] }; { minecraft:zombie_villager [weight: 5, min: 1, max: 1] }; { meadow:wooly_sheep [weight: 10, min: 2, max: 3] }; { minecraft:chicken [weight: 10, min: 4, max: 4] }; { minecraft:cow [weight: 8, min: 4, max: 4] }; { minecraft:llama [weight: 5, min: 4, max: 6] }; { minecraft:pig [weight: 10, min: 4, max: 4] }; { minecraft:sheep [weight: 12, min: 4, max: 4] }; { naturalist:bluejay [weight: 10, min: 1, max: 4] }; { naturalist:canary [weight: 10, min: 1, max: 4] }; { naturalist:snail [weight: 10, min: 1, max: 3] }; { minecraft:bat [weight: 10, min: 8, max: 8] }; { minecraft:glow_squid [weight: 10, min: 4, max: 6] }; { friendsandfoes:rascal [weight: 4, min: 1, max: 1] }"
225,"minecraft:windswept_gravelly_hills","{ creeperoverhaul:cave_creeper [weight: 75, min: 2, max: 2] }; { creeperoverhaul:hills_creeper [weight: 75, min: 2, max: 2] }; { minecraft:enderman [weight: 10, min: 1, max: 4] }; { minecraft:skeleton [weight: 100, min: 4, max: 4] }; { minecraft:slime [weight: 100, min: 4, max: 4] }; { minecraft:spider [weight: 100, min: 4, max: 4] }; { minecraft:witch [weight: 5, min: 1, max: 1] }; { minecraft:zombie [weight: 95, min: 4, max: 4] }; { minecraft:zombie_villager [weight: 5, min: 1, max: 1] }; { meadow:wooly_sheep [weight: 10, min: 2, max: 3] }; { minecraft:chicken [weight: 10, min: 4, max: 4] }; { minecraft:cow [weight: 8, min: 4, max: 4] }; { minecraft:llama [weight: 5, min: 4, max: 6] }; { minecraft:pig [weight: 10, min: 4, max: 4] }; { minecraft:sheep [weight: 12, min: 4, max: 4] }; { naturalist:bluejay [weight: 10, min: 1, max: 4] }; { naturalist:canary [weight: 10, min: 1, max: 4] }; { naturalist:snail [weight: 10, min: 1, max: 3] }; { minecraft:bat [weight: 10, min: 8, max: 8] }; { minecraft:glow_squid [weight: 10, min: 4, max: 6] }; { friendsandfoes:rascal [weight: 4, min: 1, max: 1] }"
226,"minecraft:windswept_hills","{ creeperoverhaul:cave_creeper [weight: 75, min: 2, max: 2] }; { creeperoverhaul:hills_creeper [weight: 75, min: 2, max: 2] }; { endermanoverhaul:cave_enderman [weight: 2, min: 1, max: 2] }; { endermanoverhaul:windswept_hills_enderman [weight: 10, min: 1, max: 4] }; { minecraft:skeleton [weight: 100, min: 4, max: 4] }; { minecraft:slime [weight: 100, min: 4, max: 4] }; { minecraft:spider [weight: 100, min: 4, max: 4] }; { minecraft:witch [weight: 5, min: 1, max: 1] }; { minecraft:zombie [weight: 95, min: 4, max: 4] }; { minecraft:zombie_villager [weight: 5, min: 1, max: 1] }; { meadow:wooly_sheep [weight: 10, min: 2, max: 3] }; { minecraft:chicken [weight: 10, min: 4, max: 4] }; { minecraft:cow [weight: 8, min: 4, max: 4] }; { minecraft:llama [weight: 5, min: 4, max: 6] }; { minecraft:pig [weight: 10, min: 4, max: 4] }; { minecraft:sheep [weight: 12, min: 4, max: 4] }; { naturalist:bluejay [weight: 10, min: 1, max: 4] }; { naturalist:canary [weight: 10, min: 1, max: 4] }; { naturalist:snail [weight: 10, min: 1, max: 3] }; { minecraft:bat [weight: 10, min: 8, max: 8] }; { minecraft:glow_squid [weight: 10, min: 4, max: 6] }; { friendsandfoes:rascal [weight: 4, min: 1, max: 1] }"
227,"minecraft:windswept_savanna","{ creeperoverhaul:cave_creeper [weight: 75, min: 2, max: 2] }; { creeperoverhaul:savannah_creeper [weight: 75, min: 2, max: 2] }; { endermanoverhaul:cave_enderman [weight: 2, min: 1, max: 2] }; { endermanoverhaul:savanna_enderman [weight: 10, min: 1, max: 4] }; { minecraft:skeleton [weight: 100, min: 4, max: 4] }; { minecraft:slime [weight: 100, min: 4, max: 4] }; { minecraft:spider [weight: 100, min: 4, max: 4] }; { minecraft:witch [weight: 5, min: 1, max: 1] }; { minecraft:zombie [weight: 95, min: 4, max: 4] }; { minecraft:zombie_villager [weight: 5, min: 1, max: 1] }; { friendsandfoes:mauler [weight: 32, min: 1, max: 1] }; { hybrid-birds:guinea_fowl [weight: 3, min: 1, max: 3] }; { meadow:water_buffalo [weight: 3, min: 2, max: 3] }; { minecraft:donkey [weight: 1, min: 1, max: 1] }; { minecraft:horse [weight: 1, min: 2, max: 6] }; { naturalist:boar [weight: 10, min: 4, max: 4] }; { naturalist:cardinal [weight: 10, min: 1, max: 4] }; { naturalist:elephant [weight: 5, min: 2, max: 3] }; { naturalist:finch [weight: 10, min: 1, max: 4] }; { naturalist:giraffe [weight: 5, min: 2, max: 4] }; { naturalist:hippo [weight: 10, min: 3, max: 4] }; { naturalist:lion [weight: 3, min: 3, max: 5] }; { naturalist:lizard [weight: 10, min: 1, max: 2] }; { naturalist:rattlesnake [weight: 10, min: 1, max: 1] }; { naturalist:rhino [weight: 1, min: 1, max: 3] }; { naturalist:snail [weight: 10, min: 1, max: 3] }; { naturalist:snake [weight: 10, min: 1, max: 1] }; { naturalist:vulture [weight: 3, min: 2, max: 4] }; { naturalist:zebra [weight: 1, min: 2, max: 3] }; { wildernature:bison [weight: 14, min: 3, max: 6] }; { wildernature:boar [weight: 14, min: 4, max: 5] }; { wildernature:cassowary [weight: 7, min: 3, max: 5] }; { minecraft:bat [weight: 10, min: 8, max: 8] }; { minecraft:glow_squid [weight: 10, min: 4, max: 6] }; { friendsandfoes:rascal [weight: 4, min: 1, max: 1] }"
228,"incendium:withered_forest","{ betternether:naga [weight: 8, min: 3, max: 5] }; { minecraft:magma_cube [weight: 20, min: 1, max: 3] }; { minecraft:phantom [weight: 6, min: 1, max: 2] }; { minecraft:wither_skeleton [weight: 50, min: 1, max: 3] }; { betternether:firefly [weight: 5, min: 1, max: 3] }; { betternether:hydrogen_jellyfish [weight: 5, min: 2, max: 6] }"
229,"minecraft:wooded_badlands","{ creeperoverhaul:badlands_creeper [weight: 75, min: 2, max: 2] }; { creeperoverhaul:cave_creeper [weight: 75, min: 2, max: 2] }; { endermanoverhaul:badlands_enderman [weight: 10, min: 1, max: 4] }; { endermanoverhaul:cave_enderman [weight: 2, min: 1, max: 2] }; { minecraft:skeleton [weight: 100, min: 4, max: 4] }; { minecraft:slime [weight: 100, min: 4, max: 4] }; { minecraft:spider [weight: 100, min: 4, max: 4] }; { minecraft:witch [weight: 5, min: 1, max: 1] }; { minecraft:zombie [weight: 95, min: 4, max: 4] }; { minecraft:zombie_villager [weight: 5, min: 1, max: 1] }; { friendsandfoes:mauler [weight: 16, min: 1, max: 1] }; { minecraft:wolf [weight: 5, min: 4, max: 4] }; { naturalist:rattlesnake [weight: 10, min: 1, max: 1] }; { naturalist:vulture [weight: 3, min: 2, max: 4] }; { minecraft:bat [weight: 10, min: 8, max: 8] }; { minecraft:glow_squid [weight: 10, min: 4, max: 6] }; { friendsandfoes:rascal [weight: 4, min: 1, max: 1] }; { hybrid-aquatic:pupfish [weight: 1, min: 0, max: 1] }"
230,"still_life:wooded_highlands","{ creeperoverhaul:cave_creeper [weight: 75, min: 2, max: 2] }; { creeperoverhaul:hills_creeper [weight: 75, min: 2, max: 2] }; { minecraft:enderman [weight: 10, min: 1, max: 4] }; { minecraft:skeleton [weight: 100, min: 4, max: 4] }; { minecraft:slime [weight: 100, min: 4, max: 4] }; { minecraft:spider [weight: 100, min: 4, max: 4] }; { minecraft:witch [weight: 5, min: 1, max: 1] }; { minecraft:zombie [weight: 95, min: 4, max: 4] }; { minecraft:zombie_villager [weight: 5, min: 1, max: 1] }; { meadow:wooly_sheep [weight: 10, min: 2, max: 3] }; { minecraft:chicken [weight: 5, min: 4, max: 4] }; { minecraft:cow [weight: 0, min: 4, max: 4] }; { minecraft:donkey [weight: 0, min: 1, max: 1] }; { minecraft:fox [weight: 2, min: 1, max: 2] }; { minecraft:horse [weight: 0, min: 2, max: 6] }; { minecraft:pig [weight: 5, min: 4, max: 4] }; { minecraft:sheep [weight: 0, min: 4, max: 4] }; { minecraft:wolf [weight: 1, min: 2, max: 4] }; { naturalist:bear [weight: 10, min: 1, max: 2] }; { naturalist:canary [weight: 10, min: 1, max: 4] }; { naturalist:robin [weight: 10, min: 1, max: 4] }; { naturalist:snail [weight: 10, min: 1, max: 3] }; { minecraft:bat [weight: 10, min: 8, max: 8] }; { minecraft:glow_squid [weight: 10, min: 4, max: 6] }; { friendsandfoes:rascal [weight: 4, min: 1, max: 1] }"
231,"still_life:wooded_mediterranean_steppe","{ minecraft:creeper [weight: 100, min: 4, max: 4] }; { minecraft:enderman [weight: 10, min: 1, max: 4] }; { minecraft:skeleton [weight: 100, min: 4, max: 4] }; { minecraft:slime [weight: 100, min: 4, max: 4] }; { minecraft:spider [weight: 100, min: 4, max: 4] }; { minecraft:witch [weight: 5, min: 1, max: 1] }; { minecraft:zombie [weight: 95, min: 4, max: 4] }; { minecraft:zombie_villager [weight: 5, min: 1, max: 1] }; { crittersandcompanions:ferret [weight: 4, min: 2, max: 3] }; { minecraft:chicken [weight: 1, min: 4, max: 4] }; { minecraft:cow [weight: 2, min: 4, max: 4] }; { minecraft:donkey [weight: 1, min: 1, max: 1] }; { minecraft:horse [weight: 1, min: 2, max: 6] }; { minecraft:pig [weight: 4, min: 4, max: 4] }; { minecraft:rabbit [weight: 3, min: 2, max: 4] }; { minecraft:sheep [weight: 0, min: 4, max: 4] }; { naturalist:deer [weight: 10, min: 1, max: 3] }; { naturalist:robin [weight: 10, min: 1, max: 4] }; { naturalist:snail [weight: 10, min: 1, max: 3] }; { naturalist:snake [weight: 10, min: 1, max: 1] }; { naturalist:sparrow [weight: 10, min: 1, max: 4] }; { wildernature:bison [weight: 14, min: 3, max: 6] }; { minecraft:bat [weight: 10, min: 8, max: 8] }; { naturalist:butterfly [weight: 10, min: 3, max: 5] }; { naturalist:firefly [weight: 10, min: 2, max: 3] }; { minecraft:glow_squid [weight: 10, min: 4, max: 6] }; { friendsandfoes:rascal [weight: 4, min: 1, max: 1] }; { untitledduckmod:goose [weight: 4, min: 2, max: 4] }"
232,"still_life:wooded_savanna","{ creeperoverhaul:cave_creeper [weight: 75, min: 2, max: 2] }; { creeperoverhaul:savannah_creeper [weight: 75, min: 2, max: 2] }; { endermanoverhaul:cave_enderman [weight: 2, min: 1, max: 2] }; { endermanoverhaul:savanna_enderman [weight: 10, min: 1, max: 4] }; { minecraft:skeleton [weight: 100, min: 4, max: 4] }; { minecraft:slime [weight: 100, min: 4, max: 4] }; { minecraft:spider [weight: 100, min: 4, max: 4] }; { minecraft:witch [weight: 5, min: 1, max: 1] }; { minecraft:zombie [weight: 95, min: 4, max: 4] }; { minecraft:zombie_villager [weight: 5, min: 1, max: 1] }; { friendsandfoes:mauler [weight: 32, min: 1, max: 1] }; { hybrid-birds:guinea_fowl [weight: 3, min: 1, max: 3] }; { meadow:water_buffalo [weight: 3, min: 2, max: 3] }; { minecraft:donkey [weight: 0, min: 1, max: 1] }; { minecraft:horse [weight: 1, min: 2, max: 6] }; { naturalist:boar [weight: 10, min: 4, max: 4] }; { naturalist:cardinal [weight: 10, min: 1, max: 4] }; { naturalist:elephant [weight: 5, min: 2, max: 3] }; { naturalist:finch [weight: 10, min: 1, max: 4] }; { naturalist:giraffe [weight: 5, min: 2, max: 4] }; { naturalist:hippo [weight: 10, min: 3, max: 4] }; { naturalist:lion [weight: 3, min: 3, max: 5] }; { naturalist:lizard [weight: 10, min: 1, max: 2] }; { naturalist:rattlesnake [weight: 10, min: 1, max: 1] }; { naturalist:rhino [weight: 1, min: 1, max: 3] }; { naturalist:snail [weight: 10, min: 1, max: 3] }; { naturalist:snake [weight: 10, min: 1, max: 1] }; { naturalist:vulture [weight: 3, min: 2, max: 4] }; { naturalist:zebra [weight: 1, min: 2, max: 3] }; { wildernature:bison [weight: 14, min: 3, max: 6] }; { wildernature:boar [weight: 14, min: 4, max: 5] }; { wildernature:cassowary [weight: 7, min: 3, max: 5] }; { minecraft:bat [weight: 10, min: 8, max: 8] }; { minecraft:glow_squid [weight: 10, min: 4, max: 6] }; { friendsandfoes:rascal [weight: 4, min: 1, max: 1] }"
233,"still_life:wooded_semiarid_desert","{ creeperoverhaul:cave_creeper [weight: 75, min: 2, max: 2] }; { creeperoverhaul:desert_creeper [weight: 75, min: 2, max: 2] }; { endermanoverhaul:cave_enderman [weight: 2, min: 1, max: 2] }; { endermanoverhaul:desert_enderman [weight: 10, min: 1, max: 4] }; { minecraft:husk [weight: 80, min: 4, max: 4] }; { minecraft:skeleton [weight: 100, min: 4, max: 4] }; { minecraft:slime [weight: 100, min: 4, max: 4] }; { minecraft:spider [weight: 100, min: 4, max: 4] }; { minecraft:witch [weight: 5, min: 1, max: 1] }; { minecraft:zombie_villager [weight: 5, min: 1, max: 1] }; { friendsandfoes:mauler [weight: 8, min: 1, max: 1] }; { minecraft:camel [weight: 1, min: 1, max: 1] }; { minecraft:cow [weight: 2, min: 4, max: 4] }; { minecraft:horse [weight: 1, min: 2, max: 6] }; { minecraft:rabbit [weight: 2, min: 2, max: 3] }; { naturalist:cardinal [weight: 10, min: 1, max: 4] }; { naturalist:lizard [weight: 10, min: 1, max: 2] }; { naturalist:rattlesnake [weight: 10, min: 1, max: 1] }; { naturalist:snake [weight: 10, min: 1, max: 1] }; { naturalist:tortoise [weight: 10, min: 1, max: 3] }; { naturalist:vulture [weight: 3, min: 2, max: 4] }; { minecraft:bat [weight: 10, min: 8, max: 8] }; { minecraft:glow_squid [weight: 10, min: 4, max: 6] }; { friendsandfoes:rascal [weight: 4, min: 1, max: 1] }"
234,"still_life:wooded_tundra","{ endermanoverhaul:cave_enderman [weight: 2, min: 1, max: 2] }; { endermanoverhaul:snowy_enderman [weight: 10, min: 1, max: 4] }; { minecraft:creeper [weight: 100, min: 4, max: 4] }; { minecraft:skeleton [weight: 100, min: 4, max: 4] }; { minecraft:slime [weight: 100, min: 4, max: 4] }; { minecraft:spider [weight: 100, min: 4, max: 4] }; { minecraft:witch [weight: 5, min: 1, max: 1] }; { minecraft:zombie [weight: 95, min: 4, max: 4] }; { minecraft:zombie_villager [weight: 5, min: 1, max: 1] }; { minecraft:chicken [weight: 0, min: 4, max: 4] }; { minecraft:cow [weight: 3, min: 4, max: 4] }; { minecraft:donkey [weight: 0, min: 1, max: 1] }; { minecraft:fox [weight: 1, min: 1, max: 2] }; { minecraft:horse [weight: 0, min: 2, max: 6] }; { minecraft:pig [weight: 0, min: 4, max: 4] }; { minecraft:rabbit [weight: 2, min: 1, max: 2] }; { minecraft:sheep [weight: 3, min: 4, max: 4] }; { naturalist:bear [weight: 10, min: 1, max: 2] }; { naturalist:bluejay [weight: 10, min: 1, max: 4] }; { minecraft:bat [weight: 10, min: 8, max: 8] }; { minecraft:glow_squid [weight: 10, min: 4, max: 6] }; { friendsandfoes:rascal [weight: 4, min: 1, max: 1] }"
235,"still_life:xeric_shrubland","{ creeperoverhaul:badlands_creeper [weight: 75, min: 2, max: 2] }; { creeperoverhaul:cave_creeper [weight: 75, min: 2, max: 2] }; { endermanoverhaul:badlands_enderman [weight: 10, min: 1, max: 4] }; { endermanoverhaul:cave_enderman [weight: 2, min: 1, max: 2] }; { minecraft:husk [weight: 80, min: 4, max: 4] }; { minecraft:skeleton [weight: 100, min: 4, max: 4] }; { minecraft:slime [weight: 100, min: 4, max: 4] }; { minecraft:spider [weight: 100, min: 4, max: 4] }; { minecraft:witch [weight: 5, min: 1, max: 1] }; { minecraft:zombie_villager [weight: 5, min: 1, max: 1] }; { friendsandfoes:mauler [weight: 16, min: 1, max: 1] }; { minecraft:camel [weight: 1, min: 1, max: 1] }; { minecraft:rabbit [weight: 12, min: 2, max: 3] }; { naturalist:rattlesnake [weight: 10, min: 1, max: 1] }; { naturalist:vulture [weight: 3, min: 2, max: 4] }; { minecraft:bat [weight: 10, min: 8, max: 8] }; { minecraft:glow_squid [weight: 10, min: 4, max: 6] }; { friendsandfoes:rascal [weight: 4, min: 1, max: 1] }; { hybrid-aquatic:pupfish [weight: 1, min: 0, max: 1] }"
