"Mod name","Registry name","Item ID","Display name","Durability","Tags"
"Minecraft","minecraft:bow",760,"Bow",384,"incendium:tools_armor, amendments:goes_in_tripwire_hook, c:tools, hybrid-aquatic:fishing_treasure, c:bows, bookshelf:bows, galosphere:weapon_racks_can_hold"
"Minecraft","minecraft:brush",1217,"Brush",64,"amendments:goes_in_tripwire_hook, galosphere:weapon_racks_can_hold"
"Minecraft","minecraft:carrot_on_a_stick",733,"Carrot on a Stick",25,""
"Minecraft","minecraft:chainmail_boots",823,"Chainmail Boots",195,"bookshelf:boots, c:boots, incendium:tools_armor, supplementaries:ignite_flint_blocks, c:armors, incendium:armor, galosphere:preservable_items, minecraft:trimmable_armor, bookshelf:armor, c:armor"
"Minecraft","minecraft:chainmail_chestplate",821,"Chainmail Chestplate",240,"galosphere:preservable_items, minecraft:trimmable_armor, bookshelf:armor, c:armor, incendium:tools_armor, bookshelf:chestplates, c:chestplates, incendium:armor, c:armors"
"Minecraft","minecraft:chainmail_helmet",820,"Chainmail Helmet",165,"galosphere:preservable_items, minecraft:trimmable_armor, bookshelf:armor, c:armor, incendium:tools_armor, c:helmets, bookshelf:helmets, incendium:armor, c:armors"
"Minecraft","minecraft:chainmail_leggings",822,"Chainmail Leggings",225,"galosphere:preservable_items, minecraft:trimmable_armor, bookshelf:armor, c:armor, incendium:tools_armor, bookshelf:leggings, incendium:armor, c:armors, c:leggings"
"Minecraft","minecraft:crossbow",1143,"Crossbow",465,"c:crossbows, incendium:tools_armor, c:tools, c:bows, galosphere:weapon_racks_can_hold, bookshelf:crossbows, bookshelf:bows, amendments:goes_in_tripwire_hook"
"Minecraft","minecraft:diamond_axe",800,"Diamond Axe",1561,"minecraft:axes, minecraft:tools, galosphere:preservable_items, amendments:goes_in_tripwire_hook, incendium:tools, c:tools, c:axes, galosphere:weapon_racks_can_hold, immersive_armors:axes, incendium:tools_armor, minecraft:breaks_decorated_pots"
"Minecraft","minecraft:diamond_boots",831,"Diamond Boots",429,"galosphere:preservable_items, minecraft:trimmable_armor, bookshelf:armor, c:boots, incendium:tools_armor, c:armor, bookshelf:boots, incendium:armor, c:armors"
"Minecraft","minecraft:diamond_chestplate",829,"Diamond Chestplate",528,"galosphere:preservable_items, minecraft:trimmable_armor, bookshelf:armor, c:armor, incendium:tools_armor, bookshelf:chestplates, c:chestplates, incendium:armor, c:armors"
"Minecraft","minecraft:diamond_helmet",828,"Diamond Helmet",363,"galosphere:preservable_items, minecraft:trimmable_armor, bookshelf:armor, c:armor, incendium:tools_armor, c:helmets, bookshelf:helmets, incendium:armor, c:armors"
"Minecraft","minecraft:diamond_hoe",801,"Diamond Hoe",1561,"minecraft:hoes, amendments:goes_in_tripwire_hook, c:hoes, incendium:tools_armor, galosphere:weapon_racks_can_hold, minecraft:breaks_decorated_pots, galosphere:preservable_items, minecraft:tools, c:tools, incendium:tools"
"Minecraft","minecraft:diamond_leggings",830,"Diamond Leggings",495,"galosphere:preservable_items, minecraft:trimmable_armor, bookshelf:armor, c:armor, incendium:tools_armor, bookshelf:leggings, incendium:armor, c:armors, c:leggings"
"Minecraft","minecraft:diamond_pickaxe",799,"Diamond Pickaxe",1561,"galosphere:stonefish_repellent, c:tools, galosphere:weapon_racks_can_hold, minecraft:cluster_max_harvestables, minecraft:tools, incendium:tools, galosphere:preservable_items, c:pickaxes, minecraft:breaks_decorated_pots, incendium:tools_armor, minecraft:pickaxes, amendments:goes_in_tripwire_hook"
"Minecraft","minecraft:diamond_shovel",798,"Diamond Shovel",1561,"amendments:goes_in_tripwire_hook, incendium:tools_armor, galosphere:weapon_racks_can_hold, minecraft:breaks_decorated_pots, galosphere:preservable_items, minecraft:shovels, c:tools, minecraft:tools, c:shovels, incendium:tools"
"Minecraft","minecraft:diamond_sword",797,"Diamond Sword",1561,"amendments:goes_in_tripwire_hook, incendium:tools_armor, galosphere:weapon_racks_can_hold, minecraft:breaks_decorated_pots, galosphere:preservable_items, minecraft:tools, c:tools, bakery:knives, minecraft:swords, c:swords"
"Minecraft","minecraft:elytra",735,"Elytra",432,"furniture:trash_bag_blacklist, c:armor, c:armors, bookshelf:armor, c:chestplates, trinkets:chest/cape, bookshelf:chestplates"
"Minecraft","minecraft:fishing_rod",891,"Fishing Rod",64,"amendments:goes_in_tripwire_hook, hybrid-aquatic:fishing_treasure, incendium:tools, c:fishing_rods, c:tools, bookshelf:fishing_rods"
"Minecraft","minecraft:flint_and_steel",758,"Flint and Steel",64,"minecraft:creeper_igniters, incendium:tools, supplementaries:fire_sources"
"Minecraft","minecraft:golden_axe",790,"Golden Axe",32,"minecraft:axes, immersive_armors:axes, amendments:goes_in_tripwire_hook, c:tools, minecraft:piglin_loved, minecraft:breaks_decorated_pots, galosphere:weapon_racks_can_hold, incendium:gold_unstackable, minecraft:tools, galosphere:preservable_items, incendium:tools_armor, c:axes, incendium:tools"
"Minecraft","minecraft:golden_boots",835,"Golden Boots",91,"galosphere:preservable_items, incendium:armor, c:armor, c:armors, minecraft:piglin_loved, incendium:gold_unstackable, c:boots, bookshelf:armor, minecraft:trimmable_armor, incendium:tools_armor, bookshelf:boots"
"Minecraft","minecraft:golden_chestplate",833,"Golden Chestplate",112,"c:chestplates, galosphere:preservable_items, bookshelf:chestplates, c:armor, c:armors, minecraft:piglin_loved, incendium:armor, incendium:gold_unstackable, bookshelf:armor, minecraft:trimmable_armor, incendium:tools_armor"
"Minecraft","minecraft:golden_helmet",832,"Golden Helmet",77,"galosphere:preservable_items, bookshelf:helmets, incendium:armor, c:armor, c:armors, minecraft:piglin_loved, incendium:gold_unstackable, bookshelf:armor, c:helmets, minecraft:trimmable_armor, incendium:tools_armor"
"Minecraft","minecraft:golden_hoe",791,"Golden Hoe",32,"c:tools, c:hoes, galosphere:weapon_racks_can_hold, minecraft:tools, incendium:tools, minecraft:hoes, minecraft:piglin_loved, galosphere:preservable_items, incendium:gold_unstackable, minecraft:breaks_decorated_pots, incendium:tools_armor, amendments:goes_in_tripwire_hook"
"Minecraft","minecraft:golden_leggings",834,"Golden Leggings",105,"bookshelf:leggings, galosphere:preservable_items, incendium:armor, c:armor, c:armors, minecraft:piglin_loved, incendium:gold_unstackable, bookshelf:armor, c:leggings, minecraft:trimmable_armor, incendium:tools_armor"
"Minecraft","minecraft:golden_pickaxe",789,"Golden Pickaxe",32,"galosphere:preservable_items, minecraft:pickaxes, c:pickaxes, minecraft:tools, c:tools, incendium:tools, minecraft:breaks_decorated_pots, minecraft:piglin_loved, galosphere:weapon_racks_can_hold, incendium:gold_unstackable, incendium:tools_armor, minecraft:cluster_max_harvestables, amendments:goes_in_tripwire_hook, galosphere:stonefish_repellent"
"Minecraft","minecraft:golden_shovel",788,"Golden Shovel",32,"c:tools, galosphere:weapon_racks_can_hold, minecraft:shovels, minecraft:tools, incendium:tools, incendium:gold_unstackable, minecraft:piglin_loved, galosphere:preservable_items, minecraft:breaks_decorated_pots, incendium:tools_armor, amendments:goes_in_tripwire_hook, c:shovels"
"Minecraft","minecraft:golden_sword",787,"Golden Sword",32,"c:tools, minecraft:swords, galosphere:weapon_racks_can_hold, minecraft:tools, incendium:gold_unstackable, bakery:knives, minecraft:piglin_loved, galosphere:preservable_items, minecraft:breaks_decorated_pots, incendium:tools_armor, amendments:goes_in_tripwire_hook, c:swords"
"Minecraft","minecraft:iron_axe",795,"Iron Axe",250,"minecraft:axes, minecraft:tools, galosphere:preservable_items, amendments:goes_in_tripwire_hook, incendium:tools, c:tools, c:axes, galosphere:weapon_racks_can_hold, immersive_armors:axes, incendium:tools_armor, minecraft:breaks_decorated_pots"
"Minecraft","minecraft:iron_boots",827,"Iron Boots",195,"bookshelf:boots, c:boots, incendium:tools_armor, supplementaries:ignite_flint_blocks, c:armors, incendium:armor, galosphere:preservable_items, minecraft:trimmable_armor, bookshelf:armor, c:armor"
"Minecraft","minecraft:iron_chestplate",825,"Iron Chestplate",240,"galosphere:preservable_items, minecraft:trimmable_armor, bookshelf:armor, c:armor, incendium:tools_armor, bookshelf:chestplates, c:chestplates, incendium:armor, c:armors"
"Minecraft","minecraft:iron_helmet",824,"Iron Helmet",165,"galosphere:preservable_items, minecraft:trimmable_armor, bookshelf:armor, c:armor, incendium:tools_armor, c:helmets, bookshelf:helmets, incendium:armor, c:armors"
"Minecraft","minecraft:iron_hoe",796,"Iron Hoe",250,"minecraft:hoes, amendments:goes_in_tripwire_hook, c:hoes, incendium:tools_armor, galosphere:weapon_racks_can_hold, minecraft:breaks_decorated_pots, galosphere:preservable_items, minecraft:tools, c:tools, incendium:tools"
"Minecraft","minecraft:iron_leggings",826,"Iron Leggings",225,"galosphere:preservable_items, minecraft:trimmable_armor, bookshelf:armor, c:armor, incendium:tools_armor, bookshelf:leggings, incendium:armor, c:armors, c:leggings"
"Minecraft","minecraft:iron_pickaxe",794,"Iron Pickaxe",250,"galosphere:stonefish_repellent, c:tools, galosphere:weapon_racks_can_hold, minecraft:cluster_max_harvestables, minecraft:tools, incendium:tools, galosphere:preservable_items, c:pickaxes, minecraft:breaks_decorated_pots, incendium:tools_armor, minecraft:pickaxes, amendments:goes_in_tripwire_hook"
"Minecraft","minecraft:iron_shovel",793,"Iron Shovel",250,"amendments:goes_in_tripwire_hook, incendium:tools_armor, galosphere:weapon_racks_can_hold, minecraft:breaks_decorated_pots, galosphere:preservable_items, minecraft:shovels, c:tools, minecraft:tools, c:shovels, incendium:tools"
"Minecraft","minecraft:iron_sword",792,"Iron Sword",250,"amendments:goes_in_tripwire_hook, incendium:tools_armor, galosphere:weapon_racks_can_hold, minecraft:breaks_decorated_pots, galosphere:preservable_items, minecraft:tools, c:tools, bakery:knives, minecraft:swords, c:swords"
"Minecraft","minecraft:leather_boots",819,"Leather Boots",65,"minecraft:trimmable_armor, minecraft:freeze_immune_wearables, galosphere:preservable_items, c:armor, c:boots, bookshelf:armor, bookshelf:boots, c:armors"
"Minecraft","minecraft:leather_chestplate",817,"Leather Tunic",80,"minecraft:trimmable_armor, minecraft:freeze_immune_wearables, galosphere:preservable_items, c:chestplates, c:armor, bookshelf:chestplates, bookshelf:armor, c:armors"
"Minecraft","minecraft:leather_helmet",816,"Leather Cap",55,"c:helmets, bookshelf:helmets, minecraft:trimmable_armor, minecraft:freeze_immune_wearables, galosphere:preservable_items, c:armor, bookshelf:armor, c:armors"
"Minecraft","minecraft:leather_leggings",818,"Leather Pants",75,"c:leggings, minecraft:trimmable_armor, bookshelf:leggings, minecraft:freeze_immune_wearables, galosphere:preservable_items, c:armor, bookshelf:armor, c:armors"
"Minecraft","minecraft:netherite_axe",805,"Netherite Axe",2031,"c:tools, galosphere:weapon_racks_can_hold, minecraft:tools, galosphere:preservable_items, c:axes, advancednetherite:axes/upgrade_to_netherite_iron, immersive_armors:axes, minecraft:breaks_decorated_pots, advancednetherite:axes/netherite, amendments:goes_in_tripwire_hook, minecraft:axes, furniture:trash_bag_blacklist"
"Minecraft","minecraft:netherite_boots",839,"Netherite Boots",481,"bookshelf:boots, c:boots, advancednetherite:boots/netherite, c:armors, galosphere:preservable_items, minecraft:trimmable_armor, advancednetherite:boots/upgrade_to_netherite_iron, bookshelf:armor, furniture:trash_bag_blacklist, c:armor"
"Minecraft","minecraft:netherite_chestplate",837,"Netherite Chestplate",592,"c:chestplates, galosphere:preservable_items, bookshelf:chestplates, c:armor, c:armors, advancednetherite:chestplates/upgrade_to_netherite_iron, bookshelf:armor, advancednetherite:chestplates/netherite, furniture:trash_bag_blacklist, minecraft:trimmable_armor, incendium:tools_armor"
"Minecraft","minecraft:netherite_helmet",836,"Netherite Helmet",407,"bookshelf:helmets, c:armors, advancednetherite:helmets/upgrade_to_netherite_iron, c:helmets, advancednetherite:helmets/netherite, galosphere:preservable_items, minecraft:trimmable_armor, furniture:trash_bag_blacklist, bookshelf:armor, c:armor"
"Minecraft","minecraft:netherite_hoe",806,"Netherite Hoe",2031,"minecraft:tools, galosphere:preservable_items, c:hoes, amendments:goes_in_tripwire_hook, advancednetherite:hoes/netherite, c:tools, galosphere:weapon_racks_can_hold, advancednetherite:hoes/upgrade_to_netherite_iron, furniture:trash_bag_blacklist, minecraft:breaks_decorated_pots, minecraft:hoes"
"Minecraft","minecraft:netherite_leggings",838,"Netherite Leggings",555,"c:armors, advancednetherite:leggings/netherite, galosphere:preservable_items, minecraft:trimmable_armor, bookshelf:leggings, bookshelf:armor, c:leggings, c:armor, advancednetherite:leggings/upgrade_to_netherite_iron, furniture:trash_bag_blacklist"
"Minecraft","minecraft:netherite_pickaxe",804,"Netherite Pickaxe",2031,"furniture:trash_bag_blacklist, minecraft:cluster_max_harvestables, amendments:goes_in_tripwire_hook, c:pickaxes, c:tools, minecraft:breaks_decorated_pots, galosphere:weapon_racks_can_hold, minecraft:pickaxes, advancednetherite:pickaxes/netherite, advancednetherite:pickaxes/upgrade_to_netherite_iron, galosphere:preservable_items, minecraft:tools, galosphere:stonefish_repellent"
"Minecraft","minecraft:netherite_shovel",803,"Netherite Shovel",2031,"advancednetherite:shovels/netherite, minecraft:tools, advancednetherite:shovels/upgrade_to_netherite_iron, galosphere:preservable_items, amendments:goes_in_tripwire_hook, minecraft:shovels, c:tools, galosphere:weapon_racks_can_hold, c:shovels, furniture:trash_bag_blacklist, minecraft:breaks_decorated_pots"
"Minecraft","minecraft:netherite_sword",802,"Netherite Sword",2031,"c:tools, minecraft:swords, galosphere:weapon_racks_can_hold, advancednetherite:swords/netherite, minecraft:tools, bakery:knives, galosphere:preservable_items, minecraft:breaks_decorated_pots, advancednetherite:swords/upgrade_to_netherite_iron, amendments:goes_in_tripwire_hook, c:swords, furniture:trash_bag_blacklist"
"Minecraft","minecraft:shears",942,"Shears",238,"minecraft:tools, galosphere:preservable_items, c:shears, bakery:knives, incendium:tools, galosphere:weapon_racks_can_hold, bookshelf:shears, meadow:shears, minecraft:breaks_decorated_pots, c:tools/shears, naturalist:shears"
"Minecraft","minecraft:shield",1116,"Shield",336,"farmersdelight:offhand_equipment, amendments:goes_in_tripwire_hook, c:tools, bookshelf:shields, galosphere:weapon_racks_can_hold, c:shields"
"Minecraft","minecraft:stone_axe",785,"Stone Axe",131,"minecraft:axes, minecraft:tools, galosphere:preservable_items, amendments:goes_in_tripwire_hook, incendium:tools, c:tools, c:axes, galosphere:weapon_racks_can_hold, immersive_armors:axes, incendium:tools_armor, minecraft:breaks_decorated_pots"
"Minecraft","minecraft:stone_hoe",786,"Stone Hoe",131,"minecraft:hoes, amendments:goes_in_tripwire_hook, c:hoes, incendium:tools_armor, galosphere:weapon_racks_can_hold, minecraft:breaks_decorated_pots, galosphere:preservable_items, minecraft:tools, c:tools, incendium:tools"
"Minecraft","minecraft:stone_pickaxe",784,"Stone Pickaxe",131,"galosphere:stonefish_repellent, c:tools, galosphere:weapon_racks_can_hold, minecraft:cluster_max_harvestables, minecraft:tools, incendium:tools, galosphere:preservable_items, c:pickaxes, minecraft:breaks_decorated_pots, incendium:tools_armor, minecraft:pickaxes, amendments:goes_in_tripwire_hook"
"Minecraft","minecraft:stone_shovel",783,"Stone Shovel",131,"amendments:goes_in_tripwire_hook, incendium:tools_armor, galosphere:weapon_racks_can_hold, minecraft:breaks_decorated_pots, galosphere:preservable_items, minecraft:shovels, c:tools, minecraft:tools, c:shovels, incendium:tools"
"Minecraft","minecraft:stone_sword",782,"Stone Sword",131,"minecraft:swords, galosphere:weapon_racks_can_hold, galosphere:preservable_items, minecraft:breaks_decorated_pots, c:tools, bakery:knives, c:swords, amendments:goes_in_tripwire_hook, minecraft:tools"
"Minecraft","minecraft:trident",1139,"Trident",250,"supplementaries:pedestal_downright, amendments:goes_in_tripwire_hook, farmersdelight:flat_on_cutting_board, galosphere:weapon_racks_can_hold, minecraft:breaks_decorated_pots, c:tridents, galosphere:preservable_items, c:tools, minecraft:tools, c:spears"
"Minecraft","minecraft:turtle_helmet",756,"Turtle Shell",275,"c:helmets, c:armor, c:armors, bookshelf:armor, galosphere:preservable_items, bookshelf:helmets, minecraft:trimmable_armor"
"Minecraft","minecraft:warped_fungus_on_a_stick",734,"Warped Fungus on a Stick",100,""
"Minecraft","minecraft:wooden_axe",780,"Wooden Axe",59,"galosphere:weapon_racks_can_hold, galosphere:preservable_items, minecraft:breaks_decorated_pots, immersive_armors:axes, c:axes, c:tools, minecraft:axes, amendments:goes_in_tripwire_hook, minecraft:tools"
"Minecraft","minecraft:wooden_hoe",781,"Wooden Hoe",59,"c:hoes, minecraft:breaks_decorated_pots, c:tools, minecraft:hoes, galosphere:weapon_racks_can_hold, galosphere:preservable_items, minecraft:tools, amendments:goes_in_tripwire_hook"
"Minecraft","minecraft:wooden_pickaxe",779,"Wooden Pickaxe",59,"amendments:goes_in_tripwire_hook, minecraft:pickaxes, galosphere:weapon_racks_can_hold, c:pickaxes, minecraft:breaks_decorated_pots, galosphere:preservable_items, galosphere:stonefish_repellent, c:tools, minecraft:cluster_max_harvestables, minecraft:tools"
"Minecraft","minecraft:wooden_shovel",778,"Wooden Shovel",59,"minecraft:shovels, minecraft:breaks_decorated_pots, c:tools, galosphere:weapon_racks_can_hold, galosphere:preservable_items, c:shovels, minecraft:tools, amendments:goes_in_tripwire_hook"
"Minecraft","minecraft:wooden_sword",777,"Wooden Sword",59,"minecraft:tools, galosphere:preservable_items, amendments:goes_in_tripwire_hook, bakery:knives, c:tools, supplementaries:pedestal_upright, galosphere:weapon_racks_can_hold, minecraft:swords, supplementaries:statue_swords, minecraft:breaks_decorated_pots, c:swords"
"Unknown","advancednetherite:netherite_diamond_axe",1878,"Netherite-Diamond Axe",3092,"advancednetherite:tiers/tools/netherite_diamond, advancednetherite:tiers/tools, galosphere:weapon_racks_can_hold, minecraft:breaks_decorated_pots, galosphere:preservable_items, minecraft:tools, minecraft:axes, advancednetherite:axes/netherite_diamond, immersive_armors:axes, tooltiprareness:epic_item"
"Unknown","advancednetherite:netherite_diamond_boots",1874,"Netherite-Diamond Boots",611,"c:boots, advancednetherite:boots/netherite_diamond, bookshelf:armor, advancednetherite:config/pacify_piglins, minecraft:trimmable_armor, c:armors, galosphere:preservable_items, tooltiprareness:epic_item, c:armor, advancednetherite:tiers/armor/netherite_diamond, advancednetherite:tiers/armor, advancednetherite:config/pacify_endermen, bookshelf:boots"
"Unknown","advancednetherite:netherite_diamond_chestplate",1872,"Netherite-Diamond Chestplate",752,"advancednetherite:chestplates/netherite_diamond, bookshelf:armor, advancednetherite:config/pacify_piglins, minecraft:trimmable_armor, bookshelf:chestplates, c:armors, galosphere:preservable_items, tooltiprareness:epic_item, c:armor, c:chestplates, advancednetherite:tiers/armor/netherite_diamond, advancednetherite:tiers/armor, advancednetherite:config/pacify_endermen"
"Unknown","advancednetherite:netherite_diamond_helmet",1871,"Netherite-Diamond Helmet",517,"c:helmets, bookshelf:armor, advancednetherite:config/pacify_piglins, minecraft:trimmable_armor, c:armors, galosphere:preservable_items, tooltiprareness:epic_item, c:armor, advancednetherite:tiers/armor/netherite_diamond, advancednetherite:tiers/armor, bookshelf:helmets, advancednetherite:config/pacify_endermen, advancednetherite:helmets/netherite_diamond"
"Unknown","advancednetherite:netherite_diamond_hoe",1882,"Netherite-Diamond Hoe",3092,"minecraft:tools, galosphere:weapon_racks_can_hold, tooltiprareness:epic_item, galosphere:preservable_items, minecraft:breaks_decorated_pots, advancednetherite:hoes/netherite_diamond, minecraft:hoes, advancednetherite:tiers/tools/netherite_diamond, advancednetherite:tiers/tools"
"Unknown","advancednetherite:netherite_diamond_leggings",1873,"Netherite-Diamond Leggings",705,"c:leggings, bookshelf:armor, advancednetherite:config/pacify_piglins, minecraft:trimmable_armor, advancednetherite:leggings/netherite_diamond, c:armors, galosphere:preservable_items, tooltiprareness:epic_item, c:armor, bookshelf:leggings, advancednetherite:tiers/armor/netherite_diamond, advancednetherite:tiers/armor, advancednetherite:config/pacify_endermen"
"Unknown","advancednetherite:netherite_diamond_pickaxe",1886,"Netherite-Diamond Pickaxe",3092,"minecraft:tools, advancednetherite:tiers/tools/netherite_diamond, advancednetherite:tiers/tools, galosphere:preservable_items, advancednetherite:pickaxes/netherite_diamond, galosphere:weapon_racks_can_hold, minecraft:pickaxes, minecraft:cluster_max_harvestables, tooltiprareness:epic_item, minecraft:breaks_decorated_pots, galosphere:stonefish_repellent"
"Unknown","advancednetherite:netherite_diamond_shovel",1890,"Netherite-Diamond Shovel",3092,"minecraft:tools, galosphere:weapon_racks_can_hold, minecraft:shovels, galosphere:preservable_items, tooltiprareness:epic_item, minecraft:breaks_decorated_pots, advancednetherite:shovels/netherite_diamond, advancednetherite:tiers/tools/netherite_diamond, advancednetherite:tiers/tools"
"Unknown","advancednetherite:netherite_diamond_sword",1894,"Netherite-Diamond Sword",3092,"minecraft:swords, galosphere:weapon_racks_can_hold, minecraft:tools, galosphere:preservable_items, tooltiprareness:epic_item, minecraft:breaks_decorated_pots, advancednetherite:swords/netherite_diamond, advancednetherite:tiers/tools/netherite_diamond, advancednetherite:tiers/tools"
"Unknown","advancednetherite:netherite_emerald_axe",1877,"Netherite-Emerald Axe",2651,"minecraft:axes, advancednetherite:axes/netherite_emerald, advancednetherite:tiers/tools, galosphere:preservable_items, minecraft:tools, advancednetherite:axes/upgrade_to_netherite_diamond, galosphere:weapon_racks_can_hold, tooltiprareness:epic_item, immersive_armors:axes, minecraft:breaks_decorated_pots, advancednetherite:tiers/tools/netherite_emerald"
"Unknown","advancednetherite:netherite_emerald_boots",1870,"Netherite-Emerald Boots",559,"c:boots, advancednetherite:boots/upgrade_to_netherite_diamond, bookshelf:armor, advancednetherite:boots/netherite_emerald, minecraft:trimmable_armor, c:armors, galosphere:preservable_items, tooltiprareness:epic_item, c:armor, advancednetherite:tiers/armor, advancednetherite:config/pacify_endermen, advancednetherite:tiers/armor/netherite_emerald, bookshelf:boots"
"Unknown","advancednetherite:netherite_emerald_chestplate",1868,"Netherite-Emerald Chestplate",688,"advancednetherite:chestplates/upgrade_to_netherite_diamond, advancednetherite:chestplates/netherite_emerald, bookshelf:armor, minecraft:trimmable_armor, bookshelf:chestplates, c:armors, galosphere:preservable_items, tooltiprareness:epic_item, c:armor, c:chestplates, advancednetherite:tiers/armor, advancednetherite:tiers/armor/netherite_emerald, advancednetherite:config/pacify_endermen"
"Unknown","advancednetherite:netherite_emerald_helmet",1867,"Netherite-Emerald Helmet",473,"advancednetherite:helmets/netherite_emerald, advancednetherite:helmets/upgrade_to_netherite_diamond, c:helmets, bookshelf:armor, minecraft:trimmable_armor, c:armors, galosphere:preservable_items, tooltiprareness:epic_item, c:armor, advancednetherite:tiers/armor, advancednetherite:config/pacify_endermen, advancednetherite:tiers/armor/netherite_emerald, bookshelf:helmets"
"Unknown","advancednetherite:netherite_emerald_hoe",1881,"Netherite-Emerald Hoe",2651,"minecraft:hoes, advancednetherite:tiers/tools, galosphere:weapon_racks_can_hold, minecraft:breaks_decorated_pots, advancednetherite:hoes/upgrade_to_netherite_diamond, advancednetherite:hoes/netherite_emerald, galosphere:preservable_items, minecraft:tools, advancednetherite:tiers/tools/netherite_emerald, tooltiprareness:epic_item"
"Unknown","advancednetherite:netherite_emerald_leggings",1869,"Netherite-Emerald Leggings",645,"c:leggings, bookshelf:armor, minecraft:trimmable_armor, c:armors, advancednetherite:leggings/netherite_emerald, galosphere:preservable_items, tooltiprareness:epic_item, bookshelf:leggings, c:armor, advancednetherite:tiers/armor/netherite_emerald, advancednetherite:tiers/armor, advancednetherite:leggings/upgrade_to_netherite_diamond, advancednetherite:config/pacify_endermen"
"Unknown","advancednetherite:netherite_emerald_pickaxe",1885,"Netherite-Emerald Pickaxe",2651,"advancednetherite:pickaxes/netherite_emerald, galosphere:stonefish_repellent, galosphere:weapon_racks_can_hold, minecraft:cluster_max_harvestables, advancednetherite:tiers/tools, minecraft:tools, galosphere:preservable_items, minecraft:breaks_decorated_pots, advancednetherite:pickaxes/upgrade_to_netherite_diamond, minecraft:pickaxes, tooltiprareness:epic_item, advancednetherite:tiers/tools/netherite_emerald"
"Unknown","advancednetherite:netherite_emerald_shovel",1889,"Netherite-Emerald Shovel",2651,"advancednetherite:shovels/netherite_emerald, advancednetherite:tiers/tools, galosphere:weapon_racks_can_hold, minecraft:breaks_decorated_pots, advancednetherite:tiers/tools/netherite_emerald, galosphere:preservable_items, minecraft:shovels, minecraft:tools, advancednetherite:shovels/upgrade_to_netherite_diamond, tooltiprareness:epic_item"
"Unknown","advancednetherite:netherite_emerald_sword",1893,"Netherite-Emerald Sword",2651,"advancednetherite:tiers/tools, galosphere:weapon_racks_can_hold, minecraft:breaks_decorated_pots, advancednetherite:tiers/tools/netherite_emerald, advancednetherite:swords/netherite_emerald, galosphere:preservable_items, advancednetherite:swords/upgrade_to_netherite_diamond, minecraft:tools, minecraft:swords, tooltiprareness:epic_item"
"Unknown","advancednetherite:netherite_gold_axe",1876,"Netherite-Gold Axe",2313,"advancednetherite:axes/upgrade_to_netherite_emerald, galosphere:weapon_racks_can_hold, advancednetherite:tiers/tools, minecraft:tools, advancednetherite:tiers/tools/netherite_gold, minecraft:piglin_loved, galosphere:preservable_items, minecraft:breaks_decorated_pots, immersive_armors:axes, advancednetherite:axes/netherite_gold, minecraft:axes, tooltiprareness:epic_item"
"Unknown","advancednetherite:netherite_gold_boots",1866,"Netherite-Gold Boots",533,"c:armor, c:armors, bookshelf:armor, galosphere:preservable_items, tooltiprareness:epic_item, c:boots, bookshelf:boots, advancednetherite:tiers/armor, advancednetherite:config/pacify_piglins, advancednetherite:boots/upgrade_to_netherite_emerald, minecraft:piglin_loved, advancednetherite:tiers/armor/netherite_gold, minecraft:trimmable_armor, advancednetherite:boots/netherite_gold"
"Unknown","advancednetherite:netherite_gold_chestplate",1864,"Netherite-Gold Chestplate",656,"c:armor, c:armors, bookshelf:armor, c:chestplates, galosphere:preservable_items, tooltiprareness:epic_item, advancednetherite:chestplates/netherite_gold, bookshelf:chestplates, advancednetherite:tiers/armor, advancednetherite:chestplates/upgrade_to_netherite_emerald, advancednetherite:config/pacify_piglins, minecraft:piglin_loved, advancednetherite:tiers/armor/netherite_gold, minecraft:trimmable_armor"
"Unknown","advancednetherite:netherite_gold_helmet",1863,"Netherite-Gold Helmet",451,"c:armor, c:armors, bookshelf:armor, advancednetherite:helmets/upgrade_to_netherite_emerald, galosphere:preservable_items, tooltiprareness:epic_item, bookshelf:helmets, advancednetherite:tiers/armor, advancednetherite:config/pacify_piglins, advancednetherite:helmets/netherite_gold, minecraft:piglin_loved, advancednetherite:tiers/armor/netherite_gold, minecraft:trimmable_armor, c:helmets"
"Unknown","advancednetherite:netherite_gold_hoe",1880,"Netherite-Gold Hoe",2313,"minecraft:tools, advancednetherite:tiers/tools, galosphere:preservable_items, advancednetherite:hoes/netherite_gold, minecraft:piglin_loved, galosphere:weapon_racks_can_hold, advancednetherite:tiers/tools/netherite_gold, tooltiprareness:epic_item, advancednetherite:hoes/upgrade_to_netherite_emerald, minecraft:breaks_decorated_pots, minecraft:hoes"
"Unknown","advancednetherite:netherite_gold_leggings",1865,"Netherite-Gold Leggings",615,"c:armor, c:armors, bookshelf:armor, galosphere:preservable_items, advancednetherite:leggings/netherite_gold, tooltiprareness:epic_item, advancednetherite:leggings/upgrade_to_netherite_emerald, c:leggings, bookshelf:leggings, advancednetherite:tiers/armor, advancednetherite:config/pacify_piglins, minecraft:piglin_loved, advancednetherite:tiers/armor/netherite_gold, minecraft:trimmable_armor"
"Unknown","advancednetherite:netherite_gold_pickaxe",1884,"Netherite-Gold Pickaxe",2313,"advancednetherite:pickaxes/upgrade_to_netherite_emerald, minecraft:cluster_max_harvestables, minecraft:piglin_loved, minecraft:breaks_decorated_pots, advancednetherite:tiers/tools, galosphere:weapon_racks_can_hold, minecraft:pickaxes, minecraft:tools, advancednetherite:tiers/tools/netherite_gold, galosphere:preservable_items, tooltiprareness:epic_item, advancednetherite:pickaxes/netherite_gold, galosphere:stonefish_repellent"
"Unknown","advancednetherite:netherite_gold_shovel",1888,"Netherite-Gold Shovel",2313,"minecraft:tools, advancednetherite:tiers/tools, galosphere:preservable_items, minecraft:shovels, minecraft:piglin_loved, advancednetherite:shovels/netherite_gold, galosphere:weapon_racks_can_hold, advancednetherite:shovels/upgrade_to_netherite_emerald, advancednetherite:tiers/tools/netherite_gold, tooltiprareness:epic_item, minecraft:breaks_decorated_pots"
"Unknown","advancednetherite:netherite_gold_sword",1892,"Netherite-Gold Sword",2313,"minecraft:tools, advancednetherite:tiers/tools, galosphere:preservable_items, minecraft:piglin_loved, galosphere:weapon_racks_can_hold, minecraft:swords, advancednetherite:swords/upgrade_to_netherite_emerald, advancednetherite:tiers/tools/netherite_gold, tooltiprareness:epic_item, minecraft:breaks_decorated_pots, advancednetherite:swords/netherite_gold"
"Unknown","advancednetherite:netherite_iron_axe",1875,"Netherite-Iron Axe",2281,"minecraft:axes, advancednetherite:tiers/tools, galosphere:preservable_items, minecraft:tools, advancednetherite:axes/netherite_iron, galosphere:weapon_racks_can_hold, advancednetherite:tiers/tools/netherite_iron, tooltiprareness:epic_item, advancednetherite:axes/upgrade_to_netherite_gold, immersive_armors:axes, minecraft:breaks_decorated_pots"
"Unknown","advancednetherite:netherite_iron_boots",1862,"Netherite-Iron Boots",507,"advancednetherite:tiers/armor/netherite_iron, c:boots, advancednetherite:boots/netherite_iron, bookshelf:armor, minecraft:trimmable_armor, advancednetherite:boots/upgrade_to_netherite_gold, advancednetherite:config/pacify_phantoms, c:armors, galosphere:preservable_items, tooltiprareness:epic_item, c:armor, advancednetherite:tiers/armor, bookshelf:boots"
"Unknown","advancednetherite:netherite_iron_chestplate",1860,"Netherite-Iron Chestplate",624,"advancednetherite:tiers/armor/netherite_iron, advancednetherite:chestplates/netherite_iron, bookshelf:armor, minecraft:trimmable_armor, bookshelf:chestplates, advancednetherite:config/pacify_phantoms, c:armors, galosphere:preservable_items, tooltiprareness:epic_item, c:armor, c:chestplates, advancednetherite:tiers/armor, advancednetherite:chestplates/upgrade_to_netherite_gold"
"Unknown","advancednetherite:netherite_iron_helmet",1859,"Netherite-Iron Helmet",429,"advancednetherite:tiers/armor/netherite_iron, advancednetherite:helmets/upgrade_to_netherite_gold, c:helmets, bookshelf:armor, minecraft:trimmable_armor, advancednetherite:helmets/netherite_iron, advancednetherite:config/pacify_phantoms, c:armors, galosphere:preservable_items, tooltiprareness:epic_item, c:armor, advancednetherite:tiers/armor, bookshelf:helmets"
"Unknown","advancednetherite:netherite_iron_hoe",1879,"Netherite-Iron Hoe",2281,"minecraft:hoes, advancednetherite:tiers/tools, galosphere:weapon_racks_can_hold, advancednetherite:tiers/tools/netherite_iron, minecraft:breaks_decorated_pots, galosphere:preservable_items, minecraft:tools, advancednetherite:hoes/netherite_iron, advancednetherite:hoes/upgrade_to_netherite_gold, tooltiprareness:epic_item"
"Unknown","advancednetherite:netherite_iron_leggings",1861,"Netherite-Iron Leggings",585,"advancednetherite:tiers/armor/netherite_iron, c:leggings, advancednetherite:leggings/upgrade_to_netherite_gold, bookshelf:armor, minecraft:trimmable_armor, advancednetherite:leggings/netherite_iron, advancednetherite:config/pacify_phantoms, c:armors, galosphere:preservable_items, tooltiprareness:epic_item, c:armor, bookshelf:leggings, advancednetherite:tiers/armor"
"Unknown","advancednetherite:netherite_iron_pickaxe",1883,"Netherite-Iron Pickaxe",2281,"galosphere:stonefish_repellent, galosphere:weapon_racks_can_hold, minecraft:cluster_max_harvestables, advancednetherite:tiers/tools, minecraft:tools, advancednetherite:tiers/tools/netherite_iron, advancednetherite:pickaxes/upgrade_to_netherite_gold, galosphere:preservable_items, minecraft:breaks_decorated_pots, advancednetherite:pickaxes/netherite_iron, minecraft:pickaxes, tooltiprareness:epic_item"
"Unknown","advancednetherite:netherite_iron_shovel",1887,"Netherite-Iron Shovel",2281,"advancednetherite:shovels/netherite_iron, advancednetherite:tiers/tools, galosphere:weapon_racks_can_hold, advancednetherite:shovels/upgrade_to_netherite_gold, advancednetherite:tiers/tools/netherite_iron, minecraft:breaks_decorated_pots, galosphere:preservable_items, minecraft:shovels, minecraft:tools, tooltiprareness:epic_item"
"Unknown","advancednetherite:netherite_iron_sword",1891,"Netherite-Iron Sword",2281,"advancednetherite:tiers/tools, galosphere:weapon_racks_can_hold, advancednetherite:tiers/tools/netherite_iron, minecraft:breaks_decorated_pots, galosphere:preservable_items, minecraft:tools, advancednetherite:swords/netherite_iron, minecraft:swords, tooltiprareness:epic_item, advancednetherite:swords/upgrade_to_netherite_gold"
"Unknown","ae2:certus_quartz_axe",25053,"Certus Quartz Axe",250,"minecraft:tools, minecraft:axes, ae2:quartz_axe, minecraft:breaks_decorated_pots, galosphere:preservable_items, galosphere:weapon_racks_can_hold, immersive_armors:axes"
"Unknown","ae2:certus_quartz_cutting_knife",25059,"Certus Quartz Cutting Knife",50,"ae2:knife"
"Unknown","ae2:certus_quartz_hoe",25054,"Certus Quartz Hoe",250,"minecraft:tools, minecraft:hoes, ae2:quartz_hoe, galosphere:preservable_items, minecraft:breaks_decorated_pots, galosphere:weapon_racks_can_hold"
"Unknown","ae2:certus_quartz_pickaxe",25056,"Certus Quartz Pickaxe",250,"minecraft:pickaxes, minecraft:tools, galosphere:preservable_items, ae2:quartz_pickaxe, minecraft:breaks_decorated_pots, galosphere:weapon_racks_can_hold"
"Unknown","ae2:certus_quartz_shovel",25055,"Certus Quartz Shovel",250,"minecraft:tools, galosphere:preservable_items, minecraft:breaks_decorated_pots, ae2:quartz_shovel, galosphere:weapon_racks_can_hold, minecraft:shovels"
"Unknown","ae2:certus_quartz_sword",25057,"Certus Quartz Sword",250,"minecraft:tools, galosphere:preservable_items, ae2:quartz_sword, minecraft:breaks_decorated_pots, minecraft:swords, galosphere:weapon_racks_can_hold"
"Unknown","ae2:fluix_axe",25068,"Fluix Axe",750,"minecraft:axes, minecraft:tools, galosphere:preservable_items, minecraft:breaks_decorated_pots, immersive_armors:axes, galosphere:weapon_racks_can_hold"
"Unknown","ae2:fluix_hoe",25069,"Fluix Hoe",750,"galosphere:weapon_racks_can_hold, minecraft:breaks_decorated_pots, minecraft:hoes, galosphere:preservable_items, minecraft:tools"
"Unknown","ae2:fluix_pickaxe",25071,"Fluix Pickaxe",750,"minecraft:pickaxes, galosphere:weapon_racks_can_hold, minecraft:breaks_decorated_pots, galosphere:preservable_items, minecraft:tools"
"Unknown","ae2:fluix_shovel",25070,"Fluix Shovel",750,"galosphere:weapon_racks_can_hold, minecraft:breaks_decorated_pots, galosphere:preservable_items, minecraft:shovels, minecraft:tools"
"Unknown","ae2:fluix_sword",25072,"Fluix Sword",750,"galosphere:weapon_racks_can_hold, minecraft:swords, minecraft:breaks_decorated_pots, galosphere:preservable_items, minecraft:tools"
"Unknown","ae2:nether_quartz_axe",25060,"Nether Quartz Axe",250,"minecraft:tools, minecraft:axes, ae2:quartz_axe, minecraft:breaks_decorated_pots, galosphere:preservable_items, galosphere:weapon_racks_can_hold, immersive_armors:axes"
"Unknown","ae2:nether_quartz_cutting_knife",25066,"Nether Quartz Cutting Knife",50,"ae2:knife"
"Unknown","ae2:nether_quartz_hoe",25061,"Nether Quartz Hoe",250,"minecraft:tools, minecraft:hoes, ae2:quartz_hoe, galosphere:preservable_items, minecraft:breaks_decorated_pots, galosphere:weapon_racks_can_hold"
"Unknown","ae2:nether_quartz_pickaxe",25063,"Nether Quartz Pickaxe",250,"minecraft:pickaxes, minecraft:tools, galosphere:preservable_items, ae2:quartz_pickaxe, minecraft:breaks_decorated_pots, galosphere:weapon_racks_can_hold"
"Unknown","ae2:nether_quartz_shovel",25062,"Nether Quartz Shovel",250,"minecraft:tools, galosphere:preservable_items, minecraft:breaks_decorated_pots, ae2:quartz_shovel, galosphere:weapon_racks_can_hold, minecraft:shovels"
"Unknown","ae2:nether_quartz_sword",25064,"Nether Quartz Sword",250,"minecraft:tools, galosphere:preservable_items, ae2:quartz_sword, minecraft:breaks_decorated_pots, minecraft:swords, galosphere:weapon_racks_can_hold"
"Unknown","bakery:bread_knife",1964,"Bread Knife",250,"minecraft:tools, bakery:knives, minecraft:breaks_decorated_pots, farmersdelight:tools/knives, galosphere:weapon_racks_can_hold, farmersdelight:straw_harvesters, galosphere:preservable_items"
"Unknown","bakery:rolling_pin",1963,"Rolling Pin",59,""
"Unknown","bakery:small_cooking_pot",1965,"Small Cooking Pot",200,"farm_and_charm:hangable"
"Unknown","betterend:aeternium_axe",2160,"Aeternium Axe",2196,"amendments:goes_in_tripwire_hook, galosphere:weapon_racks_can_hold, minecraft:breaks_decorated_pots, fabric:axes, galosphere:preservable_items, minecraft:tools, c:tools, minecraft:axes, c:axes, immersive_armors:axes"
"Unknown","betterend:aeternium_boots",2150,"Aeternium Boots",520,""
"Unknown","betterend:aeternium_chestplate",2148,"Aeternium Chestplate",640,""
"Unknown","betterend:aeternium_hammer",2162,"Aeternium Smith Hammer",2196,"galosphere:weapon_racks_can_hold, minecraft:breaks_decorated_pots, galosphere:preservable_items, minecraft:tools, c:hammers"
"Unknown","betterend:aeternium_helmet",2147,"Aeternium Helmet",440,""
"Unknown","betterend:aeternium_hoe",2161,"Aeternium Hoe",2196,"galosphere:weapon_racks_can_hold, galosphere:preservable_items, minecraft:breaks_decorated_pots, c:hoes, c:tools, minecraft:hoes, fabric:hoes, amendments:goes_in_tripwire_hook, minecraft:tools"
"Unknown","betterend:aeternium_leggings",2149,"Aeternium Leggings",600,""
"Unknown","betterend:aeternium_pickaxe",2159,"Aeternium Pickaxe",2196,"fabric:pickaxes, galosphere:weapon_racks_can_hold, minecraft:tools, galosphere:preservable_items, minecraft:breaks_decorated_pots, c:pickaxes, c:tools, minecraft:pickaxes, amendments:goes_in_tripwire_hook"
"Unknown","betterend:aeternium_shovel",2157,"Aeternium Shovel",2196,"galosphere:weapon_racks_can_hold, minecraft:shovels, galosphere:preservable_items, fabric:shovels, minecraft:breaks_decorated_pots, c:tools, c:shovels, amendments:goes_in_tripwire_hook, minecraft:tools"
"Unknown","betterend:aeternium_sword",2158,"Aeternium Sword",2196,"minecraft:swords, galosphere:weapon_racks_can_hold, fabric:swords, galosphere:preservable_items, minecraft:breaks_decorated_pots, c:tools, c:swords, amendments:goes_in_tripwire_hook, minecraft:tools"
"Unknown","betterend:crystalite_boots",2154,"Crystalite Boots",390,""
"Unknown","betterend:crystalite_chestplate",2152,"Crystalite Chestplate",480,""
"Unknown","betterend:crystalite_helmet",2151,"Crystalite Helmet",330,""
"Unknown","betterend:crystalite_leggings",2153,"Crystalite Leggings",450,""
"Unknown","betterend:diamond_hammer",2172,"Diamond Smith Hammer",1561,"galosphere:weapon_racks_can_hold, minecraft:breaks_decorated_pots, galosphere:preservable_items, minecraft:tools, c:hammers"
"Unknown","betterend:elytra_armored",2155,"Armored Elytra",900,"trinkets:chest/cape"
"Unknown","betterend:elytra_crystalite",2156,"Crystalite Elytra",650,"trinkets:chest/cape"
"Unknown","betterend:golden_hammer",2171,"Golden Smith Hammer",32,"galosphere:weapon_racks_can_hold, minecraft:breaks_decorated_pots, galosphere:preservable_items, minecraft:tools, c:hammers"
"Unknown","betterend:iron_hammer",2170,"Iron Smith Hammer",250,"galosphere:weapon_racks_can_hold, minecraft:breaks_decorated_pots, galosphere:preservable_items, minecraft:tools, c:hammers"
"Unknown","betterend:netherite_hammer",2173,"Netherite Smith Hammer",2031,"galosphere:weapon_racks_can_hold, minecraft:breaks_decorated_pots, galosphere:preservable_items, minecraft:tools, c:hammers"
"Unknown","betterend:terminite_axe",2796,"Terminite Axe",1230,"amendments:goes_in_tripwire_hook, galosphere:weapon_racks_can_hold, minecraft:breaks_decorated_pots, fabric:axes, galosphere:preservable_items, minecraft:tools, c:tools, minecraft:axes, c:axes, immersive_armors:axes"
"Unknown","betterend:terminite_boots",2803,"Terminite Boots",1230,""
"Unknown","betterend:terminite_chestplate",2801,"Terminite Chestplate",1230,""
"Unknown","betterend:terminite_hammer",2798,"Terminite Smith Hammer",1230,"galosphere:weapon_racks_can_hold, minecraft:breaks_decorated_pots, galosphere:preservable_items, minecraft:tools, c:hammers"
"Unknown","betterend:terminite_helmet",2800,"Terminite Helmet",1230,""
"Unknown","betterend:terminite_hoe",2797,"Terminite Hoe",1230,"galosphere:weapon_racks_can_hold, galosphere:preservable_items, minecraft:breaks_decorated_pots, c:hoes, c:tools, minecraft:hoes, fabric:hoes, amendments:goes_in_tripwire_hook, minecraft:tools"
"Unknown","betterend:terminite_leggings",2802,"Terminite Leggings",1230,""
"Unknown","betterend:terminite_pickaxe",2795,"Terminite Pickaxe",1230,"fabric:pickaxes, galosphere:weapon_racks_can_hold, minecraft:tools, galosphere:preservable_items, minecraft:breaks_decorated_pots, c:pickaxes, c:tools, minecraft:pickaxes, amendments:goes_in_tripwire_hook"
"Unknown","betterend:terminite_shovel",2793,"Terminite Shovel",1230,"galosphere:weapon_racks_can_hold, minecraft:shovels, galosphere:preservable_items, fabric:shovels, minecraft:breaks_decorated_pots, c:tools, c:shovels, amendments:goes_in_tripwire_hook, minecraft:tools"
"Unknown","betterend:terminite_sword",2794,"Terminite Sword",1230,"minecraft:swords, galosphere:weapon_racks_can_hold, fabric:swords, galosphere:preservable_items, minecraft:breaks_decorated_pots, c:tools, c:swords, amendments:goes_in_tripwire_hook, minecraft:tools"
"Unknown","betterend:thallasium_axe",2749,"Thallasium Axe",320,"amendments:goes_in_tripwire_hook, galosphere:weapon_racks_can_hold, minecraft:breaks_decorated_pots, fabric:axes, galosphere:preservable_items, minecraft:tools, c:tools, minecraft:axes, c:axes, immersive_armors:axes"
"Unknown","betterend:thallasium_boots",2756,"Thallasium Boots",320,""
"Unknown","betterend:thallasium_chestplate",2754,"Thallasium Chestplate",320,""
"Unknown","betterend:thallasium_hammer",2751,"Thallasium Hammer",320,"galosphere:weapon_racks_can_hold, minecraft:breaks_decorated_pots, galosphere:preservable_items, minecraft:tools, c:hammers"
"Unknown","betterend:thallasium_helmet",2753,"Thallasium Helmet",320,""
"Unknown","betterend:thallasium_hoe",2750,"Thallasium Hoe",320,"galosphere:weapon_racks_can_hold, galosphere:preservable_items, minecraft:breaks_decorated_pots, c:hoes, c:tools, minecraft:hoes, fabric:hoes, amendments:goes_in_tripwire_hook, minecraft:tools"
"Unknown","betterend:thallasium_leggings",2755,"Thallasium Leggings",320,""
"Unknown","betterend:thallasium_pickaxe",2748,"Thallasium Pickaxe",320,"fabric:pickaxes, galosphere:weapon_racks_can_hold, minecraft:tools, galosphere:preservable_items, minecraft:breaks_decorated_pots, c:pickaxes, c:tools, minecraft:pickaxes, amendments:goes_in_tripwire_hook"
"Unknown","betterend:thallasium_shovel",2746,"Thallasium Shovel",320,"galosphere:weapon_racks_can_hold, minecraft:shovels, galosphere:preservable_items, fabric:shovels, minecraft:breaks_decorated_pots, c:tools, c:shovels, amendments:goes_in_tripwire_hook, minecraft:tools"
"Unknown","betterend:thallasium_sword",2747,"Thallasium Sword",320,"minecraft:swords, galosphere:weapon_racks_can_hold, fabric:swords, galosphere:preservable_items, minecraft:breaks_decorated_pots, c:tools, c:swords, amendments:goes_in_tripwire_hook, minecraft:tools"
"Unknown","betternether:cincinnasite_axe",1811,"Cincinnasite Axe",512,"amendments:goes_in_tripwire_hook, galosphere:weapon_racks_can_hold, minecraft:breaks_decorated_pots, fabric:axes, galosphere:preservable_items, minecraft:tools, c:tools, minecraft:axes, c:axes, immersive_armors:axes"
"Unknown","betternether:cincinnasite_axe_diamond",1830,"Cincinnasite-Diamond Axe",2061,"amendments:goes_in_tripwire_hook, galosphere:weapon_racks_can_hold, minecraft:breaks_decorated_pots, fabric:axes, galosphere:preservable_items, minecraft:tools, c:tools, minecraft:axes, c:axes, immersive_armors:axes"
"Unknown","betternether:cincinnasite_boots",1819,"Cincinnasite Boots",156,"environmentz:warm_armor"
"Unknown","betternether:cincinnasite_chestplate",1818,"Cincinnasite Chestplate",192,"environmentz:warm_armor"
"Unknown","betternether:cincinnasite_helmet",1820,"Cincinnasite Helmet",132,"environmentz:warm_armor"
"Unknown","betternether:cincinnasite_hoe",1814,"Cincinnasite Hoe",512,"galosphere:weapon_racks_can_hold, galosphere:preservable_items, minecraft:breaks_decorated_pots, c:hoes, c:tools, minecraft:hoes, fabric:hoes, amendments:goes_in_tripwire_hook, minecraft:tools"
"Unknown","betternether:cincinnasite_hoe_diamond",1833,"Cincinnasite-Diamond Hoe",2061,"galosphere:weapon_racks_can_hold, galosphere:preservable_items, minecraft:breaks_decorated_pots, c:hoes, c:tools, minecraft:hoes, fabric:hoes, amendments:goes_in_tripwire_hook, minecraft:tools"
"Unknown","betternether:cincinnasite_leggings",1817,"Cincinnasite Leggings",180,"environmentz:warm_armor"
"Unknown","betternether:cincinnasite_pickaxe",1812,"Cincinnasite Pickaxe",512,"fabric:pickaxes, galosphere:weapon_racks_can_hold, minecraft:tools, galosphere:preservable_items, minecraft:breaks_decorated_pots, c:pickaxes, c:tools, minecraft:pickaxes, amendments:goes_in_tripwire_hook"
"Unknown","betternether:cincinnasite_pickaxe_diamond",1831,"Cincinnasite-Diamond Pickaxe",2061,"fabric:pickaxes, galosphere:weapon_racks_can_hold, minecraft:tools, galosphere:preservable_items, minecraft:breaks_decorated_pots, c:pickaxes, c:tools, minecraft:pickaxes, amendments:goes_in_tripwire_hook"
"Unknown","betternether:cincinnasite_shears",1816,"Cincinnasite Shears",384,"galosphere:weapon_racks_can_hold, galosphere:preservable_items, meadow:shears, minecraft:breaks_decorated_pots, fabric:shears, bookshelf:shears, naturalist:shears, c:shears, minecraft:tools"
"Unknown","betternether:cincinnasite_shovel",1813,"Cincinnasite Shovel",512,"galosphere:weapon_racks_can_hold, minecraft:shovels, galosphere:preservable_items, fabric:shovels, minecraft:breaks_decorated_pots, c:tools, c:shovels, amendments:goes_in_tripwire_hook, minecraft:tools"
"Unknown","betternether:cincinnasite_shovel_diamond",1832,"Cincinnasite-Diamond Shovel",2061,"galosphere:weapon_racks_can_hold, minecraft:shovels, galosphere:preservable_items, fabric:shovels, minecraft:breaks_decorated_pots, c:tools, c:shovels, amendments:goes_in_tripwire_hook, minecraft:tools"
"Unknown","betternether:cincinnasite_sword",1815,"Cincinnasite Sword",512,"minecraft:swords, galosphere:weapon_racks_can_hold, fabric:swords, galosphere:preservable_items, minecraft:breaks_decorated_pots, c:tools, c:swords, amendments:goes_in_tripwire_hook, minecraft:tools"
"Unknown","betternether:cincinnasite_sword_diamond",1834,"Cincinnasite-Diamond Sword",2061,"minecraft:swords, galosphere:weapon_racks_can_hold, fabric:swords, galosphere:preservable_items, minecraft:breaks_decorated_pots, c:tools, c:swords, amendments:goes_in_tripwire_hook, minecraft:tools"
"Unknown","betternether:flaming_ruby_axe",1835,"Fireruby Axe",2861,"amendments:goes_in_tripwire_hook, galosphere:weapon_racks_can_hold, minecraft:breaks_decorated_pots, fabric:axes, galosphere:preservable_items, minecraft:tools, c:tools, minecraft:axes, c:axes, immersive_armors:axes"
"Unknown","betternether:flaming_ruby_boots",1842,"Fireruby Boots",390,""
"Unknown","betternether:flaming_ruby_chestplate",1841,"Fireruby Chestplate",480,""
"Unknown","betternether:flaming_ruby_helmet",1843,"Fireruby Helmet",330,""
"Unknown","betternether:flaming_ruby_hoe",1838,"Fireruby Hoe",2861,"galosphere:weapon_racks_can_hold, galosphere:preservable_items, minecraft:breaks_decorated_pots, c:hoes, c:tools, minecraft:hoes, fabric:hoes, amendments:goes_in_tripwire_hook, minecraft:tools"
"Unknown","betternether:flaming_ruby_leggings",1840,"Fireruby Leggings",450,""
"Unknown","betternether:flaming_ruby_pickaxe",1836,"Fireruby Pickaxe",2861,"fabric:pickaxes, galosphere:weapon_racks_can_hold, minecraft:tools, galosphere:preservable_items, minecraft:breaks_decorated_pots, c:pickaxes, c:tools, minecraft:pickaxes, amendments:goes_in_tripwire_hook"
"Unknown","betternether:flaming_ruby_shovel",1837,"Fireruby Shovel",2861,"galosphere:weapon_racks_can_hold, minecraft:shovels, galosphere:preservable_items, fabric:shovels, minecraft:breaks_decorated_pots, c:tools, c:shovels, amendments:goes_in_tripwire_hook, minecraft:tools"
"Unknown","betternether:flaming_ruby_sword",1839,"Fireruby Sword",2861,"minecraft:swords, galosphere:weapon_racks_can_hold, fabric:swords, galosphere:preservable_items, minecraft:breaks_decorated_pots, c:tools, c:swords, amendments:goes_in_tripwire_hook, minecraft:tools"
"Unknown","betternether:nether_ruby_axe",1821,"Nether Ruby Axe",2561,"amendments:goes_in_tripwire_hook, galosphere:weapon_racks_can_hold, minecraft:breaks_decorated_pots, fabric:axes, galosphere:preservable_items, minecraft:tools, c:tools, minecraft:axes, c:axes, immersive_armors:axes"
"Unknown","betternether:nether_ruby_boots",1828,"Nether Ruby Boots",234,"environmentz:warm_armor"
"Unknown","betternether:nether_ruby_chestplate",1827,"Nether Ruby Chestplate",288,"environmentz:warm_armor"
"Unknown","betternether:nether_ruby_helmet",1829,"Nether Ruby Helmet",198,"environmentz:warm_armor"
"Unknown","betternether:nether_ruby_hoe",1824,"Nether Ruby Hoe",2561,"galosphere:weapon_racks_can_hold, galosphere:preservable_items, minecraft:breaks_decorated_pots, c:hoes, c:tools, minecraft:hoes, fabric:hoes, amendments:goes_in_tripwire_hook, minecraft:tools"
"Unknown","betternether:nether_ruby_leggings",1826,"Nether Ruby Leggings",270,"environmentz:warm_armor"
"Unknown","betternether:nether_ruby_pickaxe",1822,"Nether Ruby Pickaxe",2561,"fabric:pickaxes, galosphere:weapon_racks_can_hold, minecraft:tools, galosphere:preservable_items, minecraft:breaks_decorated_pots, c:pickaxes, c:tools, minecraft:pickaxes, amendments:goes_in_tripwire_hook"
"Unknown","betternether:nether_ruby_shovel",1823,"Nether Ruby Shovel",2561,"galosphere:weapon_racks_can_hold, minecraft:shovels, galosphere:preservable_items, fabric:shovels, minecraft:breaks_decorated_pots, c:tools, c:shovels, amendments:goes_in_tripwire_hook, minecraft:tools"
"Unknown","betternether:nether_ruby_sword",1825,"Nether Ruby Sword",2561,"minecraft:swords, galosphere:weapon_racks_can_hold, fabric:swords, galosphere:preservable_items, minecraft:breaks_decorated_pots, c:tools, c:swords, amendments:goes_in_tripwire_hook, minecraft:tools"
"Unknown","brewery:brewfest_blouse",4817,"Brewfest Blouse",64,""
"Unknown","brewery:brewfest_boots",4815,"Brewfest Boots",52,""
"Unknown","brewery:brewfest_dress",4816,"Brewfest Dress",60,""
"Unknown","brewery:brewfest_hat",4811,"Brewfest Hat",44,""
"Unknown","brewery:brewfest_hat_red",4812,"Brewfest Hat",44,""
"Unknown","brewery:brewfest_regalia",4813,"Brewfest Regalia",64,""
"Unknown","brewery:brewfest_shoes",4818,"Brewfest Shoes",52,""
"Unknown","brewery:brewfest_trousers",4814,"Brewfest Trousers",64,""
"Unknown","camping:multitool",4870,"Multitool",92,""
"Unknown","camping:walking_stick",4869,"Walking Stick",200,""
"Unknown","candlelight:chefs_boots",4943,"Chefs Boots",65,""
"Unknown","candlelight:chefs_jacket",4941,"Chefs Jacket",80,""
"Unknown","candlelight:chefs_pants",4942,"Chefs Pants",75,""
"Unknown","candlelight:cooking_hat",4940,"Cooking Hat",55,""
"Unknown","candlelight:cooking_pan",4968,"Cooking Pan",200,"farm_and_charm:hangable"
"Unknown","candlelight:dress",4945,"Dress",80,""
"Unknown","candlelight:flower_crown",4944,"Flower Crown",55,""
"Unknown","candlelight:formal_shirt",4947,"Formal Shirt",80,""
"Unknown","candlelight:gold_ring",4939,"Gold Ring",80,"candlelight:rings, trinkets:hand/ring"
"Unknown","candlelight:necktie",4948,"Necktie",55,""
"Unknown","candlelight:shirt",4946,"Shirt",80,""
"Unknown","candlelight:trousers_and_vest",4949,"Trousers and Vest",75,""
"Unknown","ecologics:crab_claw",12313,"Crab Claw",50,"c:enchantable/mining, galosphere:weapon_racks_can_hold, minecraft:tools, c:enchantables, c:tools/shears, galosphere:preservable_items, meadow:shears, c:tools, amendments:goes_in_tripwire_hook, minecraft:breaks_decorated_pots, bookshelf:shears, c:enchantable/vanishing, naturalist:shears, c:shears, c:enchantable/durability"
"Unknown","elemental_wizards_rpg:dripstone_chest",12373,"Terra Robe Top",320,"rpg_series:tier_2_equipment, spell_power:enchant_critical_chance, spell_power:enchant_critical_damage, spell_power:enchant_spell_power_soulfrost, spell_power:enchant_spell_power_sunfire, spell_power:enchant_critical, wizards:wizard_robes, rpg_series:tier_2_armors, more_rpg_classes:enchant_elemental_mastery, spell_power:enchant_spell_power_energize, spell_power:enchant_spell_power_specialized, elemental_wizards_rpg:elemental_robes"
"Unknown","elemental_wizards_rpg:dripstone_feet",12375,"Terra Boots",260,"rpg_series:tier_2_equipment, spell_power:enchant_critical_chance, spell_power:enchant_critical_damage, spell_power:enchant_spell_power_soulfrost, spell_power:enchant_spell_power_sunfire, spell_power:enchant_critical, wizards:wizard_robes, rpg_series:tier_2_armors, more_rpg_classes:enchant_elemental_mastery, spell_power:enchant_spell_power_energize, spell_power:enchant_spell_power_specialized, elemental_wizards_rpg:elemental_robes"
"Unknown","elemental_wizards_rpg:dripstone_head",12372,"Terra Hat",220,"rpg_series:tier_2_equipment, spell_power:enchant_critical_chance, spell_power:enchant_critical_damage, spell_power:enchant_spell_power_soulfrost, spell_power:enchant_spell_power_sunfire, spell_power:enchant_critical, wizards:wizard_robes, rpg_series:tier_2_armors, more_rpg_classes:enchant_elemental_mastery, spell_power:enchant_spell_power_energize, spell_power:enchant_spell_power_specialized, elemental_wizards_rpg:elemental_robes"
"Unknown","elemental_wizards_rpg:dripstone_legs",12374,"Terra Robe Bottom",300,"rpg_series:tier_2_equipment, spell_power:enchant_critical_chance, spell_power:enchant_critical_damage, spell_power:enchant_spell_power_soulfrost, spell_power:enchant_spell_power_sunfire, spell_power:enchant_critical, wizards:wizard_robes, rpg_series:tier_2_armors, more_rpg_classes:enchant_elemental_mastery, spell_power:enchant_spell_power_energize, spell_power:enchant_spell_power_specialized, elemental_wizards_rpg:elemental_robes"
"Unknown","elemental_wizards_rpg:elemental_chest",12365,"Elemental Apprentice Robe Top",160,"spell_power:enchant_critical_chance, spell_power:enchant_critical_damage, spell_power:enchant_spell_power_soulfrost, spell_power:enchant_spell_power_sunfire, rpg_series:tier_1_equipment, spell_power:enchant_critical, wizards:wizard_robes, more_rpg_classes:enchant_elemental_mastery, spell_power:enchant_spell_power_energize, spell_power:enchant_spell_power_specialized, elemental_wizards_rpg:elemental_robes, rpg_series:tier_1_armors"
"Unknown","elemental_wizards_rpg:elemental_feet",12367,"Elemental Apprentice Boots",130,"spell_power:enchant_critical_chance, spell_power:enchant_critical_damage, spell_power:enchant_spell_power_soulfrost, spell_power:enchant_spell_power_sunfire, rpg_series:tier_1_equipment, spell_power:enchant_critical, wizards:wizard_robes, more_rpg_classes:enchant_elemental_mastery, spell_power:enchant_spell_power_energize, spell_power:enchant_spell_power_specialized, elemental_wizards_rpg:elemental_robes, rpg_series:tier_1_armors"
"Unknown","elemental_wizards_rpg:elemental_head",12364,"Elemental Apprentice Hat",110,"spell_power:enchant_critical_chance, spell_power:enchant_critical_damage, spell_power:enchant_spell_power_soulfrost, spell_power:enchant_spell_power_sunfire, rpg_series:tier_1_equipment, spell_power:enchant_critical, wizards:wizard_robes, more_rpg_classes:enchant_elemental_mastery, spell_power:enchant_spell_power_energize, spell_power:enchant_spell_power_specialized, elemental_wizards_rpg:elemental_robes, rpg_series:tier_1_armors"
"Unknown","elemental_wizards_rpg:elemental_legs",12366,"Elemental Apprentice Robe Bottom",150,"spell_power:enchant_critical_chance, spell_power:enchant_critical_damage, spell_power:enchant_spell_power_soulfrost, spell_power:enchant_spell_power_sunfire, rpg_series:tier_1_equipment, spell_power:enchant_critical, wizards:wizard_robes, more_rpg_classes:enchant_elemental_mastery, spell_power:enchant_spell_power_energize, spell_power:enchant_spell_power_specialized, elemental_wizards_rpg:elemental_robes, rpg_series:tier_1_armors"
"Unknown","elemental_wizards_rpg:kelp_chest",12369,"Aqua Robe Top",320,"rpg_series:tier_2_equipment, spell_power:enchant_critical_chance, spell_power:enchant_critical_damage, spell_power:enchant_spell_power_soulfrost, spell_power:enchant_spell_power_sunfire, spell_power:enchant_critical, wizards:wizard_robes, rpg_series:tier_2_armors, more_rpg_classes:enchant_elemental_mastery, spell_power:enchant_spell_power_energize, spell_power:enchant_spell_power_specialized, elemental_wizards_rpg:elemental_robes"
"Unknown","elemental_wizards_rpg:kelp_feet",12371,"Aqua Boots",260,"rpg_series:tier_2_equipment, spell_power:enchant_critical_chance, spell_power:enchant_critical_damage, spell_power:enchant_spell_power_soulfrost, spell_power:enchant_spell_power_sunfire, spell_power:enchant_critical, wizards:wizard_robes, rpg_series:tier_2_armors, more_rpg_classes:enchant_elemental_mastery, spell_power:enchant_spell_power_energize, spell_power:enchant_spell_power_specialized, elemental_wizards_rpg:elemental_robes"
"Unknown","elemental_wizards_rpg:kelp_head",12368,"Aqua Hat",220,"rpg_series:tier_2_equipment, spell_power:enchant_critical_chance, spell_power:enchant_critical_damage, spell_power:enchant_spell_power_soulfrost, spell_power:enchant_spell_power_sunfire, spell_power:enchant_critical, wizards:wizard_robes, rpg_series:tier_2_armors, more_rpg_classes:enchant_elemental_mastery, spell_power:enchant_spell_power_energize, spell_power:enchant_spell_power_specialized, elemental_wizards_rpg:elemental_robes"
"Unknown","elemental_wizards_rpg:kelp_legs",12370,"Aqua Robe Bottom",300,"rpg_series:tier_2_equipment, spell_power:enchant_critical_chance, spell_power:enchant_critical_damage, spell_power:enchant_spell_power_soulfrost, spell_power:enchant_spell_power_sunfire, spell_power:enchant_critical, wizards:wizard_robes, rpg_series:tier_2_armors, more_rpg_classes:enchant_elemental_mastery, spell_power:enchant_spell_power_energize, spell_power:enchant_spell_power_specialized, elemental_wizards_rpg:elemental_robes"
"Unknown","elemental_wizards_rpg:netherite_dripstone_chest",12385,"Netherite Terra Robe Top",480,"spell_power:enchant_critical_chance, spell_power:enchant_critical_damage, spell_power:enchant_spell_power_soulfrost, spell_power:enchant_spell_power_sunfire, spell_power:enchant_critical, rpg_series:tier_3_equipment, wizards:wizard_robes, more_rpg_classes:enchant_elemental_mastery, spell_power:enchant_spell_power_energize, spell_power:enchant_spell_power_specialized, rpg_series:tier_3_armors, elemental_wizards_rpg:elemental_robes"
"Unknown","elemental_wizards_rpg:netherite_dripstone_feet",12387,"Netherite Terra Boots",390,"spell_power:enchant_critical_chance, spell_power:enchant_critical_damage, spell_power:enchant_spell_power_soulfrost, spell_power:enchant_spell_power_sunfire, spell_power:enchant_critical, rpg_series:tier_3_equipment, wizards:wizard_robes, more_rpg_classes:enchant_elemental_mastery, spell_power:enchant_spell_power_energize, spell_power:enchant_spell_power_specialized, rpg_series:tier_3_armors, elemental_wizards_rpg:elemental_robes"
"Unknown","elemental_wizards_rpg:netherite_dripstone_head",12384,"Netherite Terra Hat",330,"spell_power:enchant_critical_chance, spell_power:enchant_critical_damage, spell_power:enchant_spell_power_soulfrost, spell_power:enchant_spell_power_sunfire, spell_power:enchant_critical, rpg_series:tier_3_equipment, wizards:wizard_robes, more_rpg_classes:enchant_elemental_mastery, spell_power:enchant_spell_power_energize, spell_power:enchant_spell_power_specialized, rpg_series:tier_3_armors, elemental_wizards_rpg:elemental_robes"
"Unknown","elemental_wizards_rpg:netherite_dripstone_legs",12386,"Netherite Terra Robe Bottom",450,"spell_power:enchant_critical_chance, spell_power:enchant_critical_damage, spell_power:enchant_spell_power_soulfrost, spell_power:enchant_spell_power_sunfire, spell_power:enchant_critical, rpg_series:tier_3_equipment, wizards:wizard_robes, more_rpg_classes:enchant_elemental_mastery, spell_power:enchant_spell_power_energize, spell_power:enchant_spell_power_specialized, rpg_series:tier_3_armors, elemental_wizards_rpg:elemental_robes"
"Unknown","elemental_wizards_rpg:netherite_kelp_chest",12381,"Netherite Aqua Robe Top",480,"spell_power:enchant_critical_chance, spell_power:enchant_critical_damage, spell_power:enchant_spell_power_soulfrost, spell_power:enchant_spell_power_sunfire, spell_power:enchant_critical, rpg_series:tier_3_equipment, wizards:wizard_robes, more_rpg_classes:enchant_elemental_mastery, spell_power:enchant_spell_power_energize, spell_power:enchant_spell_power_specialized, rpg_series:tier_3_armors, elemental_wizards_rpg:elemental_robes"
"Unknown","elemental_wizards_rpg:netherite_kelp_feet",12383,"Netherite Aqua Boots",390,"spell_power:enchant_critical_chance, spell_power:enchant_critical_damage, spell_power:enchant_spell_power_soulfrost, spell_power:enchant_spell_power_sunfire, spell_power:enchant_critical, rpg_series:tier_3_equipment, wizards:wizard_robes, more_rpg_classes:enchant_elemental_mastery, spell_power:enchant_spell_power_energize, spell_power:enchant_spell_power_specialized, rpg_series:tier_3_armors, elemental_wizards_rpg:elemental_robes"
"Unknown","elemental_wizards_rpg:netherite_kelp_head",12380,"Netherite Aqua Hat",330,"spell_power:enchant_critical_chance, spell_power:enchant_critical_damage, spell_power:enchant_spell_power_soulfrost, spell_power:enchant_spell_power_sunfire, spell_power:enchant_critical, rpg_series:tier_3_equipment, wizards:wizard_robes, more_rpg_classes:enchant_elemental_mastery, spell_power:enchant_spell_power_energize, spell_power:enchant_spell_power_specialized, rpg_series:tier_3_armors, elemental_wizards_rpg:elemental_robes"
"Unknown","elemental_wizards_rpg:netherite_kelp_legs",12382,"Netherite Aqua Robe Bottom",450,"spell_power:enchant_critical_chance, spell_power:enchant_critical_damage, spell_power:enchant_spell_power_soulfrost, spell_power:enchant_spell_power_sunfire, spell_power:enchant_critical, rpg_series:tier_3_equipment, wizards:wizard_robes, more_rpg_classes:enchant_elemental_mastery, spell_power:enchant_spell_power_energize, spell_power:enchant_spell_power_specialized, rpg_series:tier_3_armors, elemental_wizards_rpg:elemental_robes"
"Unknown","elemental_wizards_rpg:netherite_wind_chest",12389,"Netherite Wind Robe Top",480,"spell_power:enchant_critical_chance, spell_power:enchant_critical_damage, spell_power:enchant_spell_power_soulfrost, spell_power:enchant_spell_power_sunfire, spell_power:enchant_critical, rpg_series:tier_3_equipment, wizards:wizard_robes, more_rpg_classes:enchant_elemental_mastery, spell_power:enchant_spell_power_energize, spell_power:enchant_spell_power_specialized, rpg_series:tier_3_armors, elemental_wizards_rpg:elemental_robes"
"Unknown","elemental_wizards_rpg:netherite_wind_feet",12391,"Netherite Wind Boots",390,"spell_power:enchant_critical_chance, spell_power:enchant_critical_damage, spell_power:enchant_spell_power_soulfrost, spell_power:enchant_spell_power_sunfire, spell_power:enchant_critical, rpg_series:tier_3_equipment, wizards:wizard_robes, more_rpg_classes:enchant_elemental_mastery, spell_power:enchant_spell_power_energize, spell_power:enchant_spell_power_specialized, rpg_series:tier_3_armors, elemental_wizards_rpg:elemental_robes"
"Unknown","elemental_wizards_rpg:netherite_wind_head",12388,"Netherite Wind Hat",330,"spell_power:enchant_critical_chance, spell_power:enchant_critical_damage, spell_power:enchant_spell_power_soulfrost, spell_power:enchant_spell_power_sunfire, spell_power:enchant_critical, rpg_series:tier_3_equipment, wizards:wizard_robes, more_rpg_classes:enchant_elemental_mastery, spell_power:enchant_spell_power_energize, spell_power:enchant_spell_power_specialized, rpg_series:tier_3_armors, elemental_wizards_rpg:elemental_robes"
"Unknown","elemental_wizards_rpg:netherite_wind_legs",12390,"Netherite Wind Robe Bottom",450,"spell_power:enchant_critical_chance, spell_power:enchant_critical_damage, spell_power:enchant_spell_power_soulfrost, spell_power:enchant_spell_power_sunfire, spell_power:enchant_critical, rpg_series:tier_3_equipment, wizards:wizard_robes, more_rpg_classes:enchant_elemental_mastery, spell_power:enchant_spell_power_energize, spell_power:enchant_spell_power_specialized, rpg_series:tier_3_armors, elemental_wizards_rpg:elemental_robes"
"Unknown","elemental_wizards_rpg:staff_aeternium_wind",12363,"Aeternium Wind Staff",2031,"elemental_wizards_rpg:elemental_staves, spell_power:enchant_spell_power_generic, rpg_series:tier_4_weapons, wizards:staves, rpg_series:tier_4_equipment, spell_power:enchant_haste"
"Unknown","elemental_wizards_rpg:staff_aqua",12355,"Aqua Staff",1561,"elemental_wizards_rpg:elemental_staves, spell_power:enchant_spell_power_generic, rpg_series:tier_2_equipment, wizards:staves, rpg_series:tier_2_weapons, spell_power:enchant_haste"
"Unknown","elemental_wizards_rpg:staff_crystal_aqua",12362,"Crystal Aqua Staff",2031,"elemental_wizards_rpg:elemental_staves, spell_power:enchant_spell_power_generic, rpg_series:tier_4_weapons, wizards:staves, rpg_series:tier_4_equipment, spell_power:enchant_haste"
"Unknown","elemental_wizards_rpg:staff_elemental",12354,"Elemental Staff",250,"spell_power:enchant_haste, elemental_wizards_rpg:elemental_staves, spell_power:enchant_spell_power_generic, wizards:staves"
"Unknown","elemental_wizards_rpg:staff_netherite_aqua",12356,"Netherite Aqua Staff",2031,"elemental_wizards_rpg:elemental_staves, spell_power:enchant_spell_power_generic, rpg_series:tier_3_equipment, rpg_series:tier_3_weapons, wizards:staves, spell_power:enchant_haste"
"Unknown","elemental_wizards_rpg:staff_netherite_terra",12358,"Netherite Terra Staff",2031,"elemental_wizards_rpg:elemental_staves, spell_power:enchant_spell_power_generic, rpg_series:tier_3_equipment, rpg_series:tier_3_weapons, wizards:staves, spell_power:enchant_haste"
"Unknown","elemental_wizards_rpg:staff_netherite_wind",12360,"Netherite Wind Staff",2031,"elemental_wizards_rpg:elemental_staves, spell_power:enchant_spell_power_generic, rpg_series:tier_3_equipment, rpg_series:tier_3_weapons, wizards:staves, spell_power:enchant_haste"
"Unknown","elemental_wizards_rpg:staff_ruby_terra",12361,"Ruby Terra Staff",2031,"elemental_wizards_rpg:elemental_staves, spell_power:enchant_spell_power_generic, rpg_series:tier_4_weapons, wizards:staves, rpg_series:tier_4_equipment, spell_power:enchant_haste"
"Unknown","elemental_wizards_rpg:staff_terra",12357,"Terra Staff",1561,"elemental_wizards_rpg:elemental_staves, spell_power:enchant_spell_power_generic, rpg_series:tier_2_equipment, wizards:staves, rpg_series:tier_2_weapons, spell_power:enchant_haste"
"Unknown","elemental_wizards_rpg:staff_wind",12359,"Wind Staff",1561,"elemental_wizards_rpg:elemental_staves, spell_power:enchant_spell_power_generic, rpg_series:tier_2_equipment, wizards:staves, rpg_series:tier_2_weapons, spell_power:enchant_haste"
"Unknown","elemental_wizards_rpg:wand_aqua",12346,"Aqua Wand",250,"spell_power:enchant_spell_power_generic, rpg_series:tier_1_equipment, rpg_series:tier_2_equipment, spell_power:enchant_haste, wizards:wands, rpg_series:tier_1_weapons, rpg_series:tier_2_weapons, elemental_wizards_rpg:elemental_wands"
"Unknown","elemental_wizards_rpg:wand_clay",12348,"Clay Wand",59,"elemental_wizards_rpg:elemental_wands, spell_power:enchant_haste, spell_power:enchant_spell_power_generic, rpg_series:tier_0_equipment, rpg_series:tier_0_weapons, wizards:wands"
"Unknown","elemental_wizards_rpg:wand_feather",12351,"Feather Wand",59,"elemental_wizards_rpg:elemental_wands, spell_power:enchant_haste, spell_power:enchant_spell_power_generic, rpg_series:tier_0_equipment, rpg_series:tier_0_weapons, wizards:wands"
"Unknown","elemental_wizards_rpg:wand_kelp",12345,"Kelp Wand",59,"elemental_wizards_rpg:elemental_wands, spell_power:enchant_haste, spell_power:enchant_spell_power_generic, rpg_series:tier_0_equipment, rpg_series:tier_0_weapons, wizards:wands"
"Unknown","elemental_wizards_rpg:wand_netherite_aqua",12347,"Netherite Aqua Wand",2031,"spell_power:enchant_haste, spell_power:enchant_spell_power_generic, rpg_series:tier_3_equipment, rpg_series:tier_3_weapons, elemental_wizards_rpg:elemental_wands, wizards:wands"
"Unknown","elemental_wizards_rpg:wand_netherite_terra",12350,"Netherite Terra Wand",2031,"spell_power:enchant_haste, spell_power:enchant_spell_power_generic, rpg_series:tier_3_equipment, rpg_series:tier_3_weapons, elemental_wizards_rpg:elemental_wands, wizards:wands"
"Unknown","elemental_wizards_rpg:wand_netherite_wind",12353,"Netherite Wind Wand",2031,"spell_power:enchant_haste, spell_power:enchant_spell_power_generic, rpg_series:tier_3_equipment, rpg_series:tier_3_weapons, elemental_wizards_rpg:elemental_wands, wizards:wands"
"Unknown","elemental_wizards_rpg:wand_terra",12349,"Terra Wand",250,"spell_power:enchant_spell_power_generic, rpg_series:tier_1_equipment, rpg_series:tier_2_equipment, spell_power:enchant_haste, wizards:wands, rpg_series:tier_1_weapons, rpg_series:tier_2_weapons, elemental_wizards_rpg:elemental_wands"
"Unknown","elemental_wizards_rpg:wand_wind",12352,"Wind Wand",250,"spell_power:enchant_spell_power_generic, rpg_series:tier_1_equipment, rpg_series:tier_2_equipment, spell_power:enchant_haste, wizards:wands, rpg_series:tier_1_weapons, rpg_series:tier_2_weapons, elemental_wizards_rpg:elemental_wands"
"Unknown","elemental_wizards_rpg:wind_chest",12377,"Wind Robe Top",320,"rpg_series:tier_2_equipment, spell_power:enchant_critical_chance, spell_power:enchant_critical_damage, spell_power:enchant_spell_power_soulfrost, spell_power:enchant_spell_power_sunfire, spell_power:enchant_critical, wizards:wizard_robes, rpg_series:tier_2_armors, more_rpg_classes:enchant_elemental_mastery, spell_power:enchant_spell_power_energize, spell_power:enchant_spell_power_specialized, elemental_wizards_rpg:elemental_robes"
"Unknown","elemental_wizards_rpg:wind_feet",12379,"Wind Boots",260,"rpg_series:tier_2_equipment, spell_power:enchant_critical_chance, spell_power:enchant_critical_damage, spell_power:enchant_spell_power_soulfrost, spell_power:enchant_spell_power_sunfire, spell_power:enchant_critical, wizards:wizard_robes, rpg_series:tier_2_armors, more_rpg_classes:enchant_elemental_mastery, spell_power:enchant_spell_power_energize, spell_power:enchant_spell_power_specialized, elemental_wizards_rpg:elemental_robes"
"Unknown","elemental_wizards_rpg:wind_head",12376,"Wind Hat",220,"rpg_series:tier_2_equipment, spell_power:enchant_critical_chance, spell_power:enchant_critical_damage, spell_power:enchant_spell_power_soulfrost, spell_power:enchant_spell_power_sunfire, spell_power:enchant_critical, wizards:wizard_robes, rpg_series:tier_2_armors, more_rpg_classes:enchant_elemental_mastery, spell_power:enchant_spell_power_energize, spell_power:enchant_spell_power_specialized, elemental_wizards_rpg:elemental_robes"
"Unknown","elemental_wizards_rpg:wind_legs",12378,"Wind Robe Bottom",300,"rpg_series:tier_2_equipment, spell_power:enchant_critical_chance, spell_power:enchant_critical_damage, spell_power:enchant_spell_power_soulfrost, spell_power:enchant_spell_power_sunfire, spell_power:enchant_critical, wizards:wizard_robes, rpg_series:tier_2_armors, more_rpg_classes:enchant_elemental_mastery, spell_power:enchant_spell_power_energize, spell_power:enchant_spell_power_specialized, elemental_wizards_rpg:elemental_robes"
"Unknown","endermanoverhaul:badlands_hood",12416,"Badlands Hood",225,""
"Unknown","endermanoverhaul:corrupted_blade",12428,"Corrupted Blade",250,""
"Unknown","endermanoverhaul:corrupted_shield",12429,"Corrupted Shield",672,""
"Unknown","endermanoverhaul:savanna_hood",12417,"Savanna Hood",225,""
"Unknown","endermanoverhaul:snowy_hood",12418,"Snowy Hood",225,""
"Unknown","farm_and_charm:compost",16967,"Compost",10,""
"Unknown","farm_and_charm:dungarees",16975,"Dungarees",75,""
"Unknown","farm_and_charm:pitchfork",16869,"Pitchfork",250,""
"Unknown","farmersdelight:diamond_knife",17047,"Diamond Knife",1561,"amendments:goes_in_tripwire_hook, farmersdelight:tools/knives, galosphere:weapon_racks_can_hold, minecraft:breaks_decorated_pots, farmersdelight:straw_harvesters, galosphere:preservable_items, minecraft:tools, c:tools, c:tools/knives, bakery:knives"
"Unknown","farmersdelight:flint_knife",17045,"Flint Knife",131,"amendments:goes_in_tripwire_hook, farmersdelight:tools/knives, galosphere:weapon_racks_can_hold, minecraft:breaks_decorated_pots, farmersdelight:straw_harvesters, galosphere:preservable_items, minecraft:tools, c:tools, c:tools/knives, bakery:knives"
"Unknown","farmersdelight:golden_knife",17049,"Golden Knife",32,"minecraft:tools, galosphere:preservable_items, amendments:goes_in_tripwire_hook, bakery:knives, minecraft:piglin_loved, c:tools, c:tools/knives, galosphere:weapon_racks_can_hold, farmersdelight:straw_harvesters, farmersdelight:tools/knives, minecraft:breaks_decorated_pots"
"Unknown","farmersdelight:iron_knife",17046,"Iron Knife",250,"amendments:goes_in_tripwire_hook, farmersdelight:tools/knives, galosphere:weapon_racks_can_hold, minecraft:breaks_decorated_pots, farmersdelight:straw_harvesters, galosphere:preservable_items, minecraft:tools, c:tools, c:tools/knives, bakery:knives"
"Unknown","farmersdelight:netherite_knife",17048,"Netherite Knife",2031,"amendments:goes_in_tripwire_hook, farmersdelight:tools/knives, galosphere:weapon_racks_can_hold, minecraft:breaks_decorated_pots, farmersdelight:straw_harvesters, galosphere:preservable_items, minecraft:tools, c:tools, c:tools/knives, bakery:knives"
"Unknown","farmersdelight:skillet",16979,"Skillet",250,""
"Unknown","friendsandfoes:wildfire_crown",20453,"Wildfire Crown",385,""
"Unknown","galosphere:echo_bell",20690,"Echo Bell",432,"minecraft:tools, galosphere:weapon_racks_can_hold, galosphere:preservable_items, minecraft:breaks_decorated_pots"
"Unknown","galosphere:preserved_flesh",20820,"Preserved Flesh",180,"c:foods"
"Unknown","galosphere:saltbound_tablet",20776,"Saltbound Tablet",432,"galosphere:saltbound_tablet_enchantable"
"Unknown","galosphere:sterling_boots",20727,"Sterling Boots",132,"minecraft:freeze_immune_wearables, galosphere:preservable_items, minecraft:trimmable_armor"
"Unknown","galosphere:sterling_chestplate",20723,"Sterling Chestplate",180,"minecraft:freeze_immune_wearables, galosphere:preservable_items, minecraft:trimmable_armor"
"Unknown","galosphere:sterling_helmet",20758,"Sterling Helmet",156,"minecraft:freeze_immune_wearables, galosphere:preservable_items, minecraft:trimmable_armor"
"Unknown","galosphere:sterling_leggings",20769,"Sterling Leggings",192,"minecraft:freeze_immune_wearables, galosphere:preservable_items, minecraft:trimmable_armor"
"Unknown","grapplemod:grappling_hook",20866,"Grappling Hook",500,""
"Unknown","grapplemod:long_fall_boots",20861,"Long Fall Boots",800,""
"Unknown","herbalbrews:jug",21194,"Jug",2,""
"Unknown","herbalbrews:top_hat",21218,"Top Hat",55,""
"Unknown","herbalbrews:witch_hat",21217,"Witch Hat",55,""
"Unknown","hybrid-aquatic:barbed_hook",21235,"Barbed Hook",16,"hybrid-aquatic:lure_items"
"Unknown","hybrid-aquatic:coral_axe",21247,"Coral Axe",250,"minecraft:axes, minecraft:tools, galosphere:preservable_items, minecraft:breaks_decorated_pots, immersive_armors:axes, galosphere:weapon_racks_can_hold"
"Unknown","hybrid-aquatic:coral_blade",21245,"Coral Blade",131,"galosphere:weapon_racks_can_hold, minecraft:swords, minecraft:breaks_decorated_pots, galosphere:preservable_items, minecraft:tools"
"Unknown","hybrid-aquatic:coral_hoe",21249,"Coral Hoe",250,"galosphere:weapon_racks_can_hold, minecraft:breaks_decorated_pots, minecraft:hoes, galosphere:preservable_items, minecraft:tools"
"Unknown","hybrid-aquatic:coral_pickaxe",21246,"Coral Pickaxe",131,"minecraft:pickaxes, galosphere:weapon_racks_can_hold, minecraft:breaks_decorated_pots, galosphere:preservable_items, minecraft:tools"
"Unknown","hybrid-aquatic:coral_shovel",21248,"Coral Shovel",250,"galosphere:weapon_racks_can_hold, minecraft:breaks_decorated_pots, galosphere:preservable_items, minecraft:shovels, minecraft:tools"
"Unknown","hybrid-aquatic:creepermagnet_hook",21238,"CreeperMagnet Hook",1,"hybrid-aquatic:lure_items"
"Unknown","hybrid-aquatic:diving_boots",21224,"Diving Boots",195,"c:armors"
"Unknown","hybrid-aquatic:diving_helmet",21221,"Diving Helmet",165,"c:armors"
"Unknown","hybrid-aquatic:diving_leggings",21223,"Diving Leggings",225,"c:armors"
"Unknown","hybrid-aquatic:diving_suit",21222,"Diving Suit",240,"c:armors"
"Unknown","hybrid-aquatic:eel_scarf",21230,"Eel Scarf",240,"hybrid-aquatic:scarf, trinkets:chest/cape, c:armors"
"Unknown","hybrid-aquatic:glowing_hook",21236,"Glowing Hook",16,"hybrid-aquatic:lure_items"
"Unknown","hybrid-aquatic:magnetic_hook",21237,"Magnetic Hook",8,"hybrid-aquatic:lure_items"
"Unknown","hybrid-aquatic:manglerfish_fin",21229,"Manglerfish Fin",240,"trinkets:chest/cape, c:armors, hybrid-aquatic:back_fin"
"Unknown","hybrid-aquatic:manglerfish_lure",21228,"Manglerfish Lure",165,"hybrid-aquatic:hat, trinkets:head/hat, c:armors"
"Unknown","hybrid-aquatic:moon_jellyfish_hat",21231,"Moon Jellyfish Hat",165,"hybrid-aquatic:hat, trinkets:head/hat, c:armors"
"Unknown","hybrid-aquatic:nautilus_helmet",21225,"Nautilus Helmet",165,"c:armors"
"Unknown","hybrid-aquatic:nautilus_pauldrons",21226,"Nautilus Pauldrons",240,"c:armors"
"Unknown","hybrid-aquatic:ominous_hook",21239,"Ominous Hook",1,"hybrid-aquatic:lure_items"
"Unknown","hybrid-aquatic:seashell_axe",21242,"Seashell Axe",131,"minecraft:axes, minecraft:tools, galosphere:preservable_items, minecraft:breaks_decorated_pots, immersive_armors:axes, galosphere:weapon_racks_can_hold"
"Unknown","hybrid-aquatic:seashell_hoe",21244,"Seashell Hoe",131,"galosphere:weapon_racks_can_hold, minecraft:breaks_decorated_pots, minecraft:hoes, galosphere:preservable_items, minecraft:tools"
"Unknown","hybrid-aquatic:seashell_pickaxe",21241,"Seashell Pickaxe",131,"minecraft:pickaxes, galosphere:weapon_racks_can_hold, minecraft:breaks_decorated_pots, galosphere:preservable_items, minecraft:tools"
"Unknown","hybrid-aquatic:seashell_shovel",21243,"Seashell Shovel",131,"galosphere:weapon_racks_can_hold, minecraft:breaks_decorated_pots, galosphere:preservable_items, minecraft:shovels, minecraft:tools"
"Unknown","hybrid-aquatic:seashell_spear",21240,"Seashell Spear",131,"galosphere:weapon_racks_can_hold, minecraft:swords, minecraft:breaks_decorated_pots, galosphere:preservable_items, minecraft:tools"
"Unknown","hybrid-aquatic:turtle_chestplate",21227,"Turtle Chestplate",400,""
"Unknown","immersive_armors:bone_boots",22081,"Bone Boots",104,"galosphere:preservable_items, immersive_armors:armor, minecraft:trimmable_armor"
"Unknown","immersive_armors:bone_chestplate",22079,"Bone Chestplate",128,"galosphere:preservable_items, immersive_armors:armor, minecraft:trimmable_armor"
"Unknown","immersive_armors:bone_helmet",22078,"Bone Helmet",88,"galosphere:preservable_items, immersive_armors:armor, minecraft:trimmable_armor"
"Unknown","immersive_armors:bone_leggings",22080,"Bone Leggings",120,"galosphere:preservable_items, immersive_armors:armor, minecraft:trimmable_armor"
"Unknown","immersive_armors:divine_boots",22105,"Divine Boots",234,"galosphere:preservable_items, immersive_armors:armor, minecraft:trimmable_armor"
"Unknown","immersive_armors:divine_chestplate",22103,"Divine Chestplate",288,"galosphere:preservable_items, immersive_armors:armor, minecraft:trimmable_armor"
"Unknown","immersive_armors:divine_helmet",22102,"Divine Helmet",198,"galosphere:preservable_items, immersive_armors:armor, minecraft:trimmable_armor"
"Unknown","immersive_armors:divine_leggings",22104,"Divine Leggings",270,"galosphere:preservable_items, immersive_armors:armor, minecraft:trimmable_armor"
"Unknown","immersive_armors:heavy_boots",22093,"Heavy Boots",260,"galosphere:preservable_items, immersive_armors:armor, minecraft:trimmable_armor"
"Unknown","immersive_armors:heavy_chestplate",22091,"Heavy Chestplate",320,"galosphere:preservable_items, immersive_armors:armor, minecraft:trimmable_armor"
"Unknown","immersive_armors:heavy_helmet",22090,"Heavy Helmet",220,"galosphere:preservable_items, immersive_armors:armor, minecraft:trimmable_armor"
"Unknown","immersive_armors:heavy_leggings",22092,"Heavy Leggings",300,"galosphere:preservable_items, immersive_armors:armor, minecraft:trimmable_armor"
"Unknown","immersive_armors:prismarine_boots",22109,"Prismarine Boots",234,"galosphere:preservable_items, immersive_armors:armor, minecraft:trimmable_armor"
"Unknown","immersive_armors:prismarine_chestplate",22107,"Prismarine Chestplate",288,"galosphere:preservable_items, immersive_armors:armor, minecraft:trimmable_armor"
"Unknown","immersive_armors:prismarine_helmet",22106,"Prismarine Helmet",198,"galosphere:preservable_items, immersive_armors:armor, minecraft:trimmable_armor"
"Unknown","immersive_armors:prismarine_leggings",22108,"Prismarine Leggings",270,"galosphere:preservable_items, immersive_armors:armor, minecraft:trimmable_armor"
"Unknown","immersive_armors:robe_boots",22097,"Robe Boots",182,"galosphere:preservable_items, immersive_armors:armor, minecraft:trimmable_armor"
"Unknown","immersive_armors:robe_chestplate",22095,"Robe Chestplate",224,"galosphere:preservable_items, immersive_armors:armor, minecraft:trimmable_armor"
"Unknown","immersive_armors:robe_helmet",22094,"Robe Helmet",154,"galosphere:preservable_items, immersive_armors:armor, minecraft:trimmable_armor"
"Unknown","immersive_armors:robe_leggings",22096,"Robe Leggings",210,"galosphere:preservable_items, immersive_armors:armor, minecraft:trimmable_armor"
"Unknown","immersive_armors:slime_boots",22101,"Slime Boots",260,"galosphere:preservable_items, immersive_armors:armor, minecraft:trimmable_armor"
"Unknown","immersive_armors:slime_chestplate",22099,"Slime Chestplate",320,"galosphere:preservable_items, immersive_armors:armor, minecraft:trimmable_armor"
"Unknown","immersive_armors:slime_helmet",22098,"Slime Helmet",220,"galosphere:preservable_items, immersive_armors:armor, minecraft:trimmable_armor"
"Unknown","immersive_armors:slime_leggings",22100,"Slime Leggings",300,"galosphere:preservable_items, immersive_armors:armor, minecraft:trimmable_armor"
"Unknown","immersive_armors:steampunk_boots",22117,"Steampunk Boots",130,"galosphere:preservable_items, immersive_armors:armor, minecraft:trimmable_armor"
"Unknown","immersive_armors:steampunk_chestplate",22115,"Steampunk Chestplate",160,"galosphere:preservable_items, immersive_armors:armor, minecraft:trimmable_armor"
"Unknown","immersive_armors:steampunk_helmet",22114,"Steampunk Helmet",110,"galosphere:preservable_items, immersive_armors:armor, minecraft:trimmable_armor"
"Unknown","immersive_armors:steampunk_leggings",22116,"Steampunk Leggings",150,"galosphere:preservable_items, immersive_armors:armor, minecraft:trimmable_armor"
"Unknown","immersive_armors:warrior_boots",22089,"Warrior Boots",195,"galosphere:preservable_items, immersive_armors:armor, minecraft:trimmable_armor"
"Unknown","immersive_armors:warrior_chestplate",22087,"Warrior Chestplate",240,"galosphere:preservable_items, immersive_armors:armor, minecraft:trimmable_armor"
"Unknown","immersive_armors:warrior_helmet",22086,"Warrior Helmet",165,"galosphere:preservable_items, immersive_armors:armor, minecraft:trimmable_armor"
"Unknown","immersive_armors:warrior_leggings",22088,"Warrior Leggings",225,"galosphere:preservable_items, immersive_armors:armor, minecraft:trimmable_armor"
"Unknown","immersive_armors:wither_boots",22085,"Wither Boots",156,"galosphere:preservable_items, immersive_armors:armor, minecraft:trimmable_armor"
"Unknown","immersive_armors:wither_chestplate",22083,"Wither Chestplate",192,"galosphere:preservable_items, immersive_armors:armor, minecraft:trimmable_armor"
"Unknown","immersive_armors:wither_helmet",22082,"Wither Helmet",132,"galosphere:preservable_items, immersive_armors:armor, minecraft:trimmable_armor"
"Unknown","immersive_armors:wither_leggings",22084,"Wither Leggings",180,"galosphere:preservable_items, immersive_armors:armor, minecraft:trimmable_armor"
"Unknown","immersive_armors:wooden_boots",22113,"Wooden Boots",104,"galosphere:preservable_items, immersive_armors:armor, minecraft:trimmable_armor"
"Unknown","immersive_armors:wooden_chestplate",22111,"Wooden Chestplate",128,"galosphere:preservable_items, immersive_armors:armor, minecraft:trimmable_armor"
"Unknown","immersive_armors:wooden_helmet",22110,"Wooden Helmet",88,"galosphere:preservable_items, immersive_armors:armor, minecraft:trimmable_armor"
"Unknown","immersive_armors:wooden_leggings",22112,"Wooden Leggings",120,"galosphere:preservable_items, immersive_armors:armor, minecraft:trimmable_armor"
"Unknown","lilis_lucky_lures:anglers_hat",22171,"Anglers Hat",55,""
"Unknown","lilis_lucky_lures:bamboo_fishing_rod",22172,"Bamboo Fishing Rod",32,""
"Unknown","lilis_lucky_lures:spear",22185,"Spear",124,""
"Unknown","meadow:fur_boots",23527,"Fur Boots",195,""
"Unknown","meadow:fur_chestplate",23525,"Fur Chestplate",240,""
"Unknown","meadow:fur_helmet",23524,"Fur Helmet",165,""
"Unknown","meadow:fur_leggings",23526,"Fur Leggings",225,""
"Unknown","meadow:watering_can",23516,"Watering Can",5,""
"Unknown","moredelight:stone_knife",23592,"Stone Knife",131,"amendments:goes_in_tripwire_hook, farmersdelight:tools/knives, galosphere:weapon_racks_can_hold, minecraft:breaks_decorated_pots, farmersdelight:straw_harvesters, galosphere:preservable_items, minecraft:tools, c:tools, c:tools/knives, bakery:knives"
"Unknown","moredelight:wooden_knife",23591,"Wooden Knife",59,"amendments:goes_in_tripwire_hook, farmersdelight:tools/knives, galosphere:weapon_racks_can_hold, minecraft:breaks_decorated_pots, farmersdelight:straw_harvesters, galosphere:preservable_items, minecraft:tools, c:tools, c:tools/knives, bakery:knives"
"Unknown","naturalist:bug_net",23651,"Bug Net",64,""
"Unknown","simplyswords:arcanethyst",24160,"Arcanethyst",3270,"minecraft:tools, simplyswords:uniques, galosphere:preservable_items, simplyswords:conditional_uniques_type_1, amendments:goes_in_tripwire_hook, simplyswords:swords, c:tools, galosphere:weapon_racks_can_hold, minecraft:swords, minecraft:breaks_decorated_pots, c:swords"
"Unknown","simplyswords:awakened_lichblade",24165,"Awakened Lichblade",3270,"amendments:goes_in_tripwire_hook, galosphere:weapon_racks_can_hold, simplyswords:uniques, minecraft:breaks_decorated_pots, simplyswords:swords, galosphere:preservable_items, minecraft:tools, c:tools, minecraft:swords, c:swords"
"Unknown","simplyswords:bramblethorn",24146,"Bramblethorn",3270,"minecraft:tools, simplyswords:uniques, galosphere:preservable_items, simplyswords:conditional_uniques_type_1, amendments:goes_in_tripwire_hook, simplyswords:swords, c:tools, galosphere:weapon_racks_can_hold, minecraft:swords, minecraft:breaks_decorated_pots, c:swords"
"Unknown","simplyswords:brimstone_claymore",24141,"Brimstone Claymore",3270,"minecraft:tools, simplyswords:uniques, galosphere:preservable_items, simplyswords:conditional_uniques_type_1, amendments:goes_in_tripwire_hook, simplyswords:swords, c:tools, galosphere:weapon_racks_can_hold, minecraft:swords, minecraft:breaks_decorated_pots, c:swords"
"Unknown","simplyswords:caelestis",24186,"Caelestis",3270,"minecraft:tools, simplyswords:uniques, galosphere:preservable_items, simplyswords:conditional_uniques_type_1, amendments:goes_in_tripwire_hook, simplyswords:swords, c:tools, galosphere:weapon_racks_can_hold, minecraft:swords, minecraft:breaks_decorated_pots, c:swords"
"Unknown","simplyswords:decaying_relic",24181,"Decaying relic",3270,"minecraft:tools, simplyswords:uniques, galosphere:preservable_items, amendments:goes_in_tripwire_hook, simplyswords:swords, simplyswords:conditional_uniques_type_2, c:tools, galosphere:weapon_racks_can_hold, minecraft:swords, minecraft:breaks_decorated_pots, c:swords"
"Unknown","simplyswords:diamond_chakram",24108,"Diamond Chakram",1561,"amendments:goes_in_tripwire_hook, galosphere:weapon_racks_can_hold, simplyswords:swords, minecraft:breaks_decorated_pots, galosphere:preservable_items, minecraft:tools, c:tools, simplyswords:diamond_gear, minecraft:swords, c:swords"
"Unknown","simplyswords:diamond_claymore",24105,"Diamond Claymore",1561,"amendments:goes_in_tripwire_hook, galosphere:weapon_racks_can_hold, simplyswords:swords, minecraft:breaks_decorated_pots, galosphere:preservable_items, minecraft:tools, c:tools, simplyswords:diamond_gear, minecraft:swords, c:swords"
"Unknown","simplyswords:diamond_cutlass",24104,"Diamond Cutlass",1561,"amendments:goes_in_tripwire_hook, galosphere:weapon_racks_can_hold, simplyswords:swords, minecraft:breaks_decorated_pots, galosphere:preservable_items, minecraft:tools, c:tools, simplyswords:diamond_gear, minecraft:swords, c:swords"
"Unknown","simplyswords:diamond_glaive",24102,"Diamond Glaive",1561,"amendments:goes_in_tripwire_hook, galosphere:weapon_racks_can_hold, simplyswords:swords, minecraft:breaks_decorated_pots, galosphere:preservable_items, minecraft:tools, c:tools, simplyswords:diamond_gear, minecraft:swords, c:swords"
"Unknown","simplyswords:diamond_greataxe",24107,"Diamond Greataxe",1561,"amendments:goes_in_tripwire_hook, galosphere:weapon_racks_can_hold, simplyswords:swords, minecraft:breaks_decorated_pots, galosphere:preservable_items, minecraft:tools, c:tools, simplyswords:diamond_gear, minecraft:swords, c:swords"
"Unknown","simplyswords:diamond_greathammer",24106,"Diamond Greathammer",1561,"amendments:goes_in_tripwire_hook, galosphere:weapon_racks_can_hold, simplyswords:swords, minecraft:breaks_decorated_pots, galosphere:preservable_items, minecraft:tools, c:tools, simplyswords:diamond_gear, minecraft:swords, c:swords"
"Unknown","simplyswords:diamond_halberd",24110,"Diamond Halberd",1561,"amendments:goes_in_tripwire_hook, galosphere:weapon_racks_can_hold, simplyswords:swords, minecraft:breaks_decorated_pots, galosphere:preservable_items, minecraft:tools, c:tools, simplyswords:diamond_gear, minecraft:swords, c:swords"
"Unknown","simplyswords:diamond_katana",24099,"Diamond Katana",1561,"amendments:goes_in_tripwire_hook, galosphere:weapon_racks_can_hold, simplyswords:swords, minecraft:breaks_decorated_pots, galosphere:preservable_items, minecraft:tools, c:tools, simplyswords:diamond_gear, minecraft:swords, c:swords"
"Unknown","simplyswords:diamond_longsword",24096,"Diamond Longsword",1561,"amendments:goes_in_tripwire_hook, galosphere:weapon_racks_can_hold, simplyswords:swords, minecraft:breaks_decorated_pots, galosphere:preservable_items, minecraft:tools, c:tools, simplyswords:diamond_gear, minecraft:swords, c:swords"
"Unknown","simplyswords:diamond_rapier",24098,"Diamond Rapier",1561,"amendments:goes_in_tripwire_hook, galosphere:weapon_racks_can_hold, simplyswords:swords, minecraft:breaks_decorated_pots, galosphere:preservable_items, minecraft:tools, c:tools, simplyswords:diamond_gear, minecraft:swords, c:swords"
"Unknown","simplyswords:diamond_sai",24100,"Diamond Sai",1561,"amendments:goes_in_tripwire_hook, galosphere:weapon_racks_can_hold, simplyswords:swords, minecraft:breaks_decorated_pots, galosphere:preservable_items, minecraft:tools, c:tools, simplyswords:diamond_gear, minecraft:swords, c:swords"
"Unknown","simplyswords:diamond_scythe",24109,"Diamond Scythe",1561,"amendments:goes_in_tripwire_hook, galosphere:weapon_racks_can_hold, simplyswords:swords, minecraft:breaks_decorated_pots, galosphere:preservable_items, minecraft:tools, c:tools, simplyswords:diamond_gear, minecraft:swords, c:swords"
"Unknown","simplyswords:diamond_spear",24101,"Diamond Spear",1561,"amendments:goes_in_tripwire_hook, galosphere:weapon_racks_can_hold, simplyswords:swords, minecraft:breaks_decorated_pots, galosphere:preservable_items, minecraft:tools, c:tools, simplyswords:diamond_gear, minecraft:swords, c:swords"
"Unknown","simplyswords:diamond_twinblade",24097,"Diamond Twinblade",1561,"amendments:goes_in_tripwire_hook, galosphere:weapon_racks_can_hold, simplyswords:swords, minecraft:breaks_decorated_pots, galosphere:preservable_items, minecraft:tools, c:tools, simplyswords:diamond_gear, minecraft:swords, c:swords"
"Unknown","simplyswords:diamond_warglaive",24103,"Diamond Warglaive",1561,"amendments:goes_in_tripwire_hook, galosphere:weapon_racks_can_hold, simplyswords:swords, minecraft:breaks_decorated_pots, galosphere:preservable_items, minecraft:tools, c:tools, simplyswords:diamond_gear, minecraft:swords, c:swords"
"Unknown","simplyswords:dormant_relic",24167,"Dormant Relic",3270,"minecraft:tools, simplyswords:uniques, galosphere:preservable_items, amendments:goes_in_tripwire_hook, simplyswords:swords, simplyswords:conditional_uniques_type_2, c:tools, galosphere:weapon_racks_can_hold, minecraft:swords, minecraft:breaks_decorated_pots, c:swords"
"Unknown","simplyswords:emberblade",24149,"Emberblade",3270,"minecraft:tools, simplyswords:uniques, galosphere:preservable_items, simplyswords:conditional_uniques_type_1, amendments:goes_in_tripwire_hook, simplyswords:swords, c:tools, galosphere:weapon_racks_can_hold, minecraft:swords, minecraft:breaks_decorated_pots, c:swords"
"Unknown","simplyswords:emberlash",24173,"Emberlash",3270,"minecraft:tools, simplyswords:uniques, galosphere:preservable_items, simplyswords:conditional_uniques_type_1, amendments:goes_in_tripwire_hook, simplyswords:swords, c:tools, galosphere:weapon_racks_can_hold, minecraft:swords, minecraft:breaks_decorated_pots, c:swords"
"Unknown","simplyswords:enigma",24183,"Enigma",3270,"minecraft:tools, simplyswords:uniques, galosphere:preservable_items, amendments:goes_in_tripwire_hook, simplyswords:swords, simplyswords:conditional_uniques_type_2, c:tools, galosphere:weapon_racks_can_hold, minecraft:swords, minecraft:breaks_decorated_pots, c:swords"
"Unknown","simplyswords:flamewind",24179,"Flamewind",3270,"minecraft:tools, simplyswords:uniques, galosphere:preservable_items, simplyswords:conditional_uniques_type_1, amendments:goes_in_tripwire_hook, simplyswords:swords, c:tools, galosphere:weapon_racks_can_hold, minecraft:swords, minecraft:breaks_decorated_pots, c:swords"
"Unknown","simplyswords:frostfall",24156,"Frostfall",3270,"minecraft:tools, simplyswords:uniques, galosphere:preservable_items, simplyswords:conditional_uniques_type_1, amendments:goes_in_tripwire_hook, simplyswords:swords, c:tools, galosphere:weapon_racks_can_hold, minecraft:swords, minecraft:breaks_decorated_pots, c:swords"
"Unknown","simplyswords:gold_chakram",24093,"Gold Chakram",32,"amendments:goes_in_tripwire_hook, simplyswords:gold_gear, galosphere:weapon_racks_can_hold, simplyswords:swords, minecraft:breaks_decorated_pots, galosphere:preservable_items, minecraft:tools, c:tools, minecraft:swords, c:swords"
"Unknown","simplyswords:gold_claymore",24090,"Gold Claymore",32,"amendments:goes_in_tripwire_hook, simplyswords:gold_gear, galosphere:weapon_racks_can_hold, simplyswords:swords, minecraft:breaks_decorated_pots, galosphere:preservable_items, minecraft:tools, c:tools, minecraft:swords, c:swords"
"Unknown","simplyswords:gold_cutlass",24089,"Gold Cutlass",32,"amendments:goes_in_tripwire_hook, simplyswords:gold_gear, galosphere:weapon_racks_can_hold, simplyswords:swords, minecraft:breaks_decorated_pots, galosphere:preservable_items, minecraft:tools, c:tools, minecraft:swords, c:swords"
"Unknown","simplyswords:gold_glaive",24087,"Gold Glaive",32,"amendments:goes_in_tripwire_hook, simplyswords:gold_gear, galosphere:weapon_racks_can_hold, simplyswords:swords, minecraft:breaks_decorated_pots, galosphere:preservable_items, minecraft:tools, c:tools, minecraft:swords, c:swords"
"Unknown","simplyswords:gold_greataxe",24092,"Gold Greataxe",32,"amendments:goes_in_tripwire_hook, simplyswords:gold_gear, galosphere:weapon_racks_can_hold, simplyswords:swords, minecraft:breaks_decorated_pots, galosphere:preservable_items, minecraft:tools, c:tools, minecraft:swords, c:swords"
"Unknown","simplyswords:gold_greathammer",24091,"Gold Greathammer",32,"amendments:goes_in_tripwire_hook, simplyswords:gold_gear, galosphere:weapon_racks_can_hold, simplyswords:swords, minecraft:breaks_decorated_pots, galosphere:preservable_items, minecraft:tools, c:tools, minecraft:swords, c:swords"
"Unknown","simplyswords:gold_halberd",24095,"Gold Halberd",32,"amendments:goes_in_tripwire_hook, simplyswords:gold_gear, galosphere:weapon_racks_can_hold, simplyswords:swords, minecraft:breaks_decorated_pots, galosphere:preservable_items, minecraft:tools, c:tools, minecraft:swords, c:swords"
"Unknown","simplyswords:gold_katana",24084,"Gold Katana",32,"amendments:goes_in_tripwire_hook, simplyswords:gold_gear, galosphere:weapon_racks_can_hold, simplyswords:swords, minecraft:breaks_decorated_pots, galosphere:preservable_items, minecraft:tools, c:tools, minecraft:swords, c:swords"
"Unknown","simplyswords:gold_longsword",24081,"Gold Longsword",32,"amendments:goes_in_tripwire_hook, simplyswords:gold_gear, galosphere:weapon_racks_can_hold, simplyswords:swords, minecraft:breaks_decorated_pots, galosphere:preservable_items, minecraft:tools, c:tools, minecraft:swords, c:swords"
"Unknown","simplyswords:gold_rapier",24083,"Gold Rapier",32,"amendments:goes_in_tripwire_hook, simplyswords:gold_gear, galosphere:weapon_racks_can_hold, simplyswords:swords, minecraft:breaks_decorated_pots, galosphere:preservable_items, minecraft:tools, c:tools, minecraft:swords, c:swords"
"Unknown","simplyswords:gold_sai",24085,"Gold Sai",32,"amendments:goes_in_tripwire_hook, simplyswords:gold_gear, galosphere:weapon_racks_can_hold, simplyswords:swords, minecraft:breaks_decorated_pots, galosphere:preservable_items, minecraft:tools, c:tools, minecraft:swords, c:swords"
"Unknown","simplyswords:gold_scythe",24094,"Gold Scythe",32,"amendments:goes_in_tripwire_hook, simplyswords:gold_gear, galosphere:weapon_racks_can_hold, simplyswords:swords, minecraft:breaks_decorated_pots, galosphere:preservable_items, minecraft:tools, c:tools, minecraft:swords, c:swords"
"Unknown","simplyswords:gold_spear",24086,"Gold Spear",32,"amendments:goes_in_tripwire_hook, simplyswords:gold_gear, galosphere:weapon_racks_can_hold, simplyswords:swords, minecraft:breaks_decorated_pots, galosphere:preservable_items, minecraft:tools, c:tools, minecraft:swords, c:swords"
"Unknown","simplyswords:gold_twinblade",24082,"Gold Twinblade",32,"amendments:goes_in_tripwire_hook, simplyswords:gold_gear, galosphere:weapon_racks_can_hold, simplyswords:swords, minecraft:breaks_decorated_pots, galosphere:preservable_items, minecraft:tools, c:tools, minecraft:swords, c:swords"
"Unknown","simplyswords:gold_warglaive",24088,"Gold Warglaive",32,"amendments:goes_in_tripwire_hook, simplyswords:gold_gear, galosphere:weapon_racks_can_hold, simplyswords:swords, minecraft:breaks_decorated_pots, galosphere:preservable_items, minecraft:tools, c:tools, minecraft:swords, c:swords"
"Unknown","simplyswords:harbinger",24171,"Harbinger",3270,"amendments:goes_in_tripwire_hook, galosphere:weapon_racks_can_hold, simplyswords:uniques, minecraft:breaks_decorated_pots, simplyswords:swords, galosphere:preservable_items, minecraft:tools, c:tools, minecraft:swords, c:swords"
"Unknown","simplyswords:hearthflame",24150,"Hearthflame",3270,"minecraft:tools, simplyswords:uniques, galosphere:preservable_items, simplyswords:conditional_uniques_type_1, amendments:goes_in_tripwire_hook, simplyswords:swords, c:tools, galosphere:weapon_racks_can_hold, minecraft:swords, minecraft:breaks_decorated_pots, c:swords"
"Unknown","simplyswords:hiveheart",24175,"Hiveheart",3270,"minecraft:tools, simplyswords:uniques, galosphere:preservable_items, simplyswords:conditional_uniques_type_1, amendments:goes_in_tripwire_hook, simplyswords:swords, c:tools, galosphere:weapon_racks_can_hold, minecraft:swords, minecraft:breaks_decorated_pots, c:swords"
"Unknown","simplyswords:icewhisper",24159,"Icewhisper",3270,"minecraft:tools, simplyswords:uniques, galosphere:preservable_items, simplyswords:conditional_uniques_type_1, amendments:goes_in_tripwire_hook, simplyswords:swords, c:tools, galosphere:weapon_racks_can_hold, minecraft:swords, minecraft:breaks_decorated_pots, c:swords"
"Unknown","simplyswords:iron_chakram",24078,"Iron Chakram",250,"amendments:goes_in_tripwire_hook, galosphere:weapon_racks_can_hold, simplyswords:swords, minecraft:breaks_decorated_pots, galosphere:preservable_items, minecraft:tools, c:tools, minecraft:swords, simplyswords:iron_gear, c:swords"
"Unknown","simplyswords:iron_claymore",24075,"Iron Claymore",250,"amendments:goes_in_tripwire_hook, galosphere:weapon_racks_can_hold, simplyswords:swords, minecraft:breaks_decorated_pots, galosphere:preservable_items, minecraft:tools, c:tools, minecraft:swords, simplyswords:iron_gear, c:swords"
"Unknown","simplyswords:iron_cutlass",24074,"Iron Cutlass",250,"amendments:goes_in_tripwire_hook, galosphere:weapon_racks_can_hold, simplyswords:swords, minecraft:breaks_decorated_pots, galosphere:preservable_items, minecraft:tools, c:tools, minecraft:swords, simplyswords:iron_gear, c:swords"
"Unknown","simplyswords:iron_glaive",24072,"Iron Glaive",250,"amendments:goes_in_tripwire_hook, galosphere:weapon_racks_can_hold, simplyswords:swords, minecraft:breaks_decorated_pots, galosphere:preservable_items, minecraft:tools, c:tools, minecraft:swords, simplyswords:iron_gear, c:swords"
"Unknown","simplyswords:iron_greataxe",24077,"Iron Greataxe",250,"amendments:goes_in_tripwire_hook, galosphere:weapon_racks_can_hold, simplyswords:swords, minecraft:breaks_decorated_pots, galosphere:preservable_items, minecraft:tools, c:tools, minecraft:swords, simplyswords:iron_gear, c:swords"
"Unknown","simplyswords:iron_greathammer",24076,"Iron Greathammer",250,"amendments:goes_in_tripwire_hook, galosphere:weapon_racks_can_hold, simplyswords:swords, minecraft:breaks_decorated_pots, galosphere:preservable_items, minecraft:tools, c:tools, minecraft:swords, simplyswords:iron_gear, c:swords"
"Unknown","simplyswords:iron_halberd",24080,"Iron Halberd",250,"amendments:goes_in_tripwire_hook, galosphere:weapon_racks_can_hold, simplyswords:swords, minecraft:breaks_decorated_pots, galosphere:preservable_items, minecraft:tools, c:tools, minecraft:swords, simplyswords:iron_gear, c:swords"
"Unknown","simplyswords:iron_katana",24069,"Iron Katana",250,"amendments:goes_in_tripwire_hook, galosphere:weapon_racks_can_hold, simplyswords:swords, minecraft:breaks_decorated_pots, galosphere:preservable_items, minecraft:tools, c:tools, minecraft:swords, simplyswords:iron_gear, c:swords"
"Unknown","simplyswords:iron_longsword",24066,"Iron Longsword",250,"amendments:goes_in_tripwire_hook, galosphere:weapon_racks_can_hold, simplyswords:swords, minecraft:breaks_decorated_pots, galosphere:preservable_items, minecraft:tools, c:tools, minecraft:swords, simplyswords:iron_gear, c:swords"
"Unknown","simplyswords:iron_rapier",24068,"Iron Rapier",250,"amendments:goes_in_tripwire_hook, galosphere:weapon_racks_can_hold, simplyswords:swords, minecraft:breaks_decorated_pots, galosphere:preservable_items, minecraft:tools, c:tools, minecraft:swords, simplyswords:iron_gear, c:swords"
"Unknown","simplyswords:iron_sai",24070,"Iron Sai",250,"amendments:goes_in_tripwire_hook, galosphere:weapon_racks_can_hold, simplyswords:swords, minecraft:breaks_decorated_pots, galosphere:preservable_items, minecraft:tools, c:tools, minecraft:swords, simplyswords:iron_gear, c:swords"
"Unknown","simplyswords:iron_scythe",24079,"Iron Scythe",250,"amendments:goes_in_tripwire_hook, galosphere:weapon_racks_can_hold, simplyswords:swords, minecraft:breaks_decorated_pots, galosphere:preservable_items, minecraft:tools, c:tools, minecraft:swords, simplyswords:iron_gear, c:swords"
"Unknown","simplyswords:iron_spear",24071,"Iron Spear",250,"amendments:goes_in_tripwire_hook, galosphere:weapon_racks_can_hold, simplyswords:swords, minecraft:breaks_decorated_pots, galosphere:preservable_items, minecraft:tools, c:tools, minecraft:swords, simplyswords:iron_gear, c:swords"
"Unknown","simplyswords:iron_twinblade",24067,"Iron Twinblade",250,"amendments:goes_in_tripwire_hook, galosphere:weapon_racks_can_hold, simplyswords:swords, minecraft:breaks_decorated_pots, galosphere:preservable_items, minecraft:tools, c:tools, minecraft:swords, simplyswords:iron_gear, c:swords"
"Unknown","simplyswords:iron_warglaive",24073,"Iron Warglaive",250,"amendments:goes_in_tripwire_hook, galosphere:weapon_racks_can_hold, simplyswords:swords, minecraft:breaks_decorated_pots, galosphere:preservable_items, minecraft:tools, c:tools, minecraft:swords, simplyswords:iron_gear, c:swords"
"Unknown","simplyswords:livyatan",24158,"Livyatan",3270,"minecraft:tools, simplyswords:uniques, galosphere:preservable_items, simplyswords:conditional_uniques_type_1, amendments:goes_in_tripwire_hook, simplyswords:swords, c:tools, galosphere:weapon_racks_can_hold, minecraft:swords, minecraft:breaks_decorated_pots, c:swords"
"Unknown","simplyswords:magiblade",24185,"Magiblade",3270,"amendments:goes_in_tripwire_hook, galosphere:weapon_racks_can_hold, simplyswords:uniques, minecraft:breaks_decorated_pots, simplyswords:swords, galosphere:preservable_items, minecraft:tools, c:tools, minecraft:swords, c:swords"
"Unknown","simplyswords:magiscythe",24182,"Magiscythe",3270,"amendments:goes_in_tripwire_hook, galosphere:weapon_racks_can_hold, simplyswords:uniques, minecraft:breaks_decorated_pots, simplyswords:swords, galosphere:preservable_items, minecraft:tools, c:tools, minecraft:swords, c:swords"
"Unknown","simplyswords:magispear",24184,"Magispear",3270,"amendments:goes_in_tripwire_hook, galosphere:weapon_racks_can_hold, simplyswords:uniques, minecraft:breaks_decorated_pots, simplyswords:swords, galosphere:preservable_items, minecraft:tools, c:tools, minecraft:swords, c:swords"
"Unknown","simplyswords:mjolnir",24162,"Mjolnir",3270,"minecraft:tools, simplyswords:uniques, galosphere:preservable_items, simplyswords:conditional_uniques_type_1, amendments:goes_in_tripwire_hook, simplyswords:swords, c:tools, galosphere:weapon_racks_can_hold, minecraft:swords, minecraft:breaks_decorated_pots, c:swords"
"Unknown","simplyswords:molten_edge",24157,"Molten Edge",3270,"minecraft:tools, simplyswords:uniques, galosphere:preservable_items, simplyswords:conditional_uniques_type_1, amendments:goes_in_tripwire_hook, simplyswords:swords, c:tools, galosphere:weapon_racks_can_hold, minecraft:swords, minecraft:breaks_decorated_pots, c:swords"
"Unknown","simplyswords:netherite_chakram",24123,"Netherite Chakram",2031,"amendments:goes_in_tripwire_hook, simplyswords:netherite_gear, galosphere:weapon_racks_can_hold, simplyswords:swords, minecraft:breaks_decorated_pots, galosphere:preservable_items, minecraft:tools, c:tools, minecraft:swords, c:swords"
"Unknown","simplyswords:netherite_claymore",24120,"Netherite Claymore",2031,"amendments:goes_in_tripwire_hook, simplyswords:netherite_gear, galosphere:weapon_racks_can_hold, simplyswords:swords, minecraft:breaks_decorated_pots, galosphere:preservable_items, minecraft:tools, c:tools, minecraft:swords, c:swords"
"Unknown","simplyswords:netherite_cutlass",24119,"Netherite Cutlass",2031,"amendments:goes_in_tripwire_hook, simplyswords:netherite_gear, galosphere:weapon_racks_can_hold, simplyswords:swords, minecraft:breaks_decorated_pots, galosphere:preservable_items, minecraft:tools, c:tools, minecraft:swords, c:swords"
"Unknown","simplyswords:netherite_glaive",24117,"Netherite Glaive",2031,"amendments:goes_in_tripwire_hook, simplyswords:netherite_gear, galosphere:weapon_racks_can_hold, simplyswords:swords, minecraft:breaks_decorated_pots, galosphere:preservable_items, minecraft:tools, c:tools, minecraft:swords, c:swords"
"Unknown","simplyswords:netherite_greataxe",24122,"Netherite Greataxe",2031,"amendments:goes_in_tripwire_hook, simplyswords:netherite_gear, galosphere:weapon_racks_can_hold, simplyswords:swords, minecraft:breaks_decorated_pots, galosphere:preservable_items, minecraft:tools, c:tools, minecraft:swords, c:swords"
"Unknown","simplyswords:netherite_greathammer",24121,"Netherite Greathammer",2031,"amendments:goes_in_tripwire_hook, simplyswords:netherite_gear, galosphere:weapon_racks_can_hold, simplyswords:swords, minecraft:breaks_decorated_pots, galosphere:preservable_items, minecraft:tools, c:tools, minecraft:swords, c:swords"
"Unknown","simplyswords:netherite_halberd",24125,"Netherite Halberd",2031,"amendments:goes_in_tripwire_hook, simplyswords:netherite_gear, galosphere:weapon_racks_can_hold, simplyswords:swords, minecraft:breaks_decorated_pots, galosphere:preservable_items, minecraft:tools, c:tools, minecraft:swords, c:swords"
"Unknown","simplyswords:netherite_katana",24114,"Netherite Katana",2031,"amendments:goes_in_tripwire_hook, simplyswords:netherite_gear, galosphere:weapon_racks_can_hold, simplyswords:swords, minecraft:breaks_decorated_pots, galosphere:preservable_items, minecraft:tools, c:tools, minecraft:swords, c:swords"
"Unknown","simplyswords:netherite_longsword",24111,"Netherite Longsword",2031,"amendments:goes_in_tripwire_hook, simplyswords:netherite_gear, galosphere:weapon_racks_can_hold, simplyswords:swords, minecraft:breaks_decorated_pots, galosphere:preservable_items, minecraft:tools, c:tools, minecraft:swords, c:swords"
"Unknown","simplyswords:netherite_rapier",24113,"Netherite Rapier",2031,"amendments:goes_in_tripwire_hook, simplyswords:netherite_gear, galosphere:weapon_racks_can_hold, simplyswords:swords, minecraft:breaks_decorated_pots, galosphere:preservable_items, minecraft:tools, c:tools, minecraft:swords, c:swords"
"Unknown","simplyswords:netherite_sai",24115,"Netherite Sai",2031,"amendments:goes_in_tripwire_hook, simplyswords:netherite_gear, galosphere:weapon_racks_can_hold, simplyswords:swords, minecraft:breaks_decorated_pots, galosphere:preservable_items, minecraft:tools, c:tools, minecraft:swords, c:swords"
"Unknown","simplyswords:netherite_scythe",24124,"Netherite Scythe",2031,"amendments:goes_in_tripwire_hook, simplyswords:netherite_gear, galosphere:weapon_racks_can_hold, simplyswords:swords, minecraft:breaks_decorated_pots, galosphere:preservable_items, minecraft:tools, c:tools, minecraft:swords, c:swords"
"Unknown","simplyswords:netherite_spear",24116,"Netherite Spear",2031,"amendments:goes_in_tripwire_hook, simplyswords:netherite_gear, galosphere:weapon_racks_can_hold, simplyswords:swords, minecraft:breaks_decorated_pots, galosphere:preservable_items, minecraft:tools, c:tools, minecraft:swords, c:swords"
"Unknown","simplyswords:netherite_twinblade",24112,"Netherite Twinblade",2031,"amendments:goes_in_tripwire_hook, simplyswords:netherite_gear, galosphere:weapon_racks_can_hold, simplyswords:swords, minecraft:breaks_decorated_pots, galosphere:preservable_items, minecraft:tools, c:tools, minecraft:swords, c:swords"
"Unknown","simplyswords:netherite_warglaive",24118,"Netherite Warglaive",2031,"amendments:goes_in_tripwire_hook, simplyswords:netherite_gear, galosphere:weapon_racks_can_hold, simplyswords:swords, minecraft:breaks_decorated_pots, galosphere:preservable_items, minecraft:tools, c:tools, minecraft:swords, c:swords"
"Unknown","simplyswords:ribboncleaver",24180,"Ribboncleaver",3270,"minecraft:tools, simplyswords:uniques, galosphere:preservable_items, simplyswords:conditional_uniques_type_1, amendments:goes_in_tripwire_hook, simplyswords:swords, c:tools, galosphere:weapon_racks_can_hold, minecraft:swords, minecraft:breaks_decorated_pots, c:swords"
"Unknown","simplyswords:righteous_relic",24168,"Righteous Relic",3270,"amendments:goes_in_tripwire_hook, galosphere:weapon_racks_can_hold, simplyswords:uniques, minecraft:breaks_decorated_pots, simplyswords:swords, galosphere:preservable_items, minecraft:tools, c:tools, minecraft:swords, c:swords"
"Unknown","simplyswords:runic_chakram",24135,"Runic Chakram",2031,"amendments:goes_in_tripwire_hook, galosphere:weapon_racks_can_hold, simplyswords:swords, minecraft:breaks_decorated_pots, galosphere:preservable_items, minecraft:tools, c:tools, simplyswords:runic_gear, minecraft:swords, c:swords"
"Unknown","simplyswords:runic_claymore",24134,"Runic Claymore",2031,"amendments:goes_in_tripwire_hook, galosphere:weapon_racks_can_hold, simplyswords:swords, minecraft:breaks_decorated_pots, galosphere:preservable_items, minecraft:tools, c:tools, simplyswords:runic_gear, minecraft:swords, c:swords"
"Unknown","simplyswords:runic_cutlass",24133,"Runic Cutlass",2031,"amendments:goes_in_tripwire_hook, galosphere:weapon_racks_can_hold, simplyswords:swords, minecraft:breaks_decorated_pots, galosphere:preservable_items, minecraft:tools, c:tools, simplyswords:runic_gear, minecraft:swords, c:swords"
"Unknown","simplyswords:runic_glaive",24132,"Runic Glaive",2031,"amendments:goes_in_tripwire_hook, galosphere:weapon_racks_can_hold, simplyswords:swords, minecraft:breaks_decorated_pots, galosphere:preservable_items, minecraft:tools, c:tools, simplyswords:runic_gear, minecraft:swords, c:swords"
"Unknown","simplyswords:runic_greataxe",24136,"Runic Greataxe",2031,"amendments:goes_in_tripwire_hook, galosphere:weapon_racks_can_hold, simplyswords:swords, minecraft:breaks_decorated_pots, galosphere:preservable_items, minecraft:tools, c:tools, simplyswords:runic_gear, minecraft:swords, c:swords"
"Unknown","simplyswords:runic_greathammer",24137,"Runic Greathammer",2031,"amendments:goes_in_tripwire_hook, galosphere:weapon_racks_can_hold, simplyswords:swords, minecraft:breaks_decorated_pots, galosphere:preservable_items, minecraft:tools, c:tools, simplyswords:runic_gear, minecraft:swords, c:swords"
"Unknown","simplyswords:runic_halberd",24140,"Runic Halberd",2031,"amendments:goes_in_tripwire_hook, galosphere:weapon_racks_can_hold, simplyswords:swords, minecraft:breaks_decorated_pots, galosphere:preservable_items, minecraft:tools, c:tools, simplyswords:runic_gear, minecraft:swords, c:swords"
"Unknown","simplyswords:runic_katana",24129,"Runic Katana",2031,"amendments:goes_in_tripwire_hook, galosphere:weapon_racks_can_hold, simplyswords:swords, minecraft:breaks_decorated_pots, galosphere:preservable_items, minecraft:tools, c:tools, simplyswords:runic_gear, minecraft:swords, c:swords"
"Unknown","simplyswords:runic_longsword",24126,"Runic Longsword",2031,"amendments:goes_in_tripwire_hook, galosphere:weapon_racks_can_hold, simplyswords:swords, minecraft:breaks_decorated_pots, galosphere:preservable_items, minecraft:tools, c:tools, simplyswords:runic_gear, minecraft:swords, c:swords"
"Unknown","simplyswords:runic_rapier",24128,"Runic Rapier",2031,"amendments:goes_in_tripwire_hook, galosphere:weapon_racks_can_hold, simplyswords:swords, minecraft:breaks_decorated_pots, galosphere:preservable_items, minecraft:tools, c:tools, simplyswords:runic_gear, minecraft:swords, c:swords"
"Unknown","simplyswords:runic_sai",24130,"Runic Sai",2031,"amendments:goes_in_tripwire_hook, galosphere:weapon_racks_can_hold, simplyswords:swords, minecraft:breaks_decorated_pots, galosphere:preservable_items, minecraft:tools, c:tools, simplyswords:runic_gear, minecraft:swords, c:swords"
"Unknown","simplyswords:runic_scythe",24139,"Runic Scythe",2031,"amendments:goes_in_tripwire_hook, galosphere:weapon_racks_can_hold, simplyswords:swords, minecraft:breaks_decorated_pots, galosphere:preservable_items, minecraft:tools, c:tools, simplyswords:runic_gear, minecraft:swords, c:swords"
"Unknown","simplyswords:runic_spear",24131,"Runic Spear",2031,"amendments:goes_in_tripwire_hook, galosphere:weapon_racks_can_hold, simplyswords:swords, minecraft:breaks_decorated_pots, galosphere:preservable_items, minecraft:tools, c:tools, simplyswords:runic_gear, minecraft:swords, c:swords"
"Unknown","simplyswords:runic_twinblade",24127,"Runic Twinblade",2031,"amendments:goes_in_tripwire_hook, galosphere:weapon_racks_can_hold, simplyswords:swords, minecraft:breaks_decorated_pots, galosphere:preservable_items, minecraft:tools, c:tools, simplyswords:runic_gear, minecraft:swords, c:swords"
"Unknown","simplyswords:runic_warglaive",24138,"Runic Warglaive",2031,"amendments:goes_in_tripwire_hook, galosphere:weapon_racks_can_hold, simplyswords:swords, minecraft:breaks_decorated_pots, galosphere:preservable_items, minecraft:tools, c:tools, simplyswords:runic_gear, minecraft:swords, c:swords"
"Unknown","simplyswords:shadowsting",24166,"Shadowsting",3270,"minecraft:tools, simplyswords:uniques, galosphere:preservable_items, simplyswords:conditional_uniques_type_1, amendments:goes_in_tripwire_hook, simplyswords:swords, c:tools, galosphere:weapon_racks_can_hold, minecraft:swords, minecraft:breaks_decorated_pots, c:swords"
"Unknown","simplyswords:slumbering_lichblade",24163,"Slumbering Lichblade",3270,"minecraft:tools, simplyswords:uniques, galosphere:preservable_items, simplyswords:conditional_uniques_type_1, amendments:goes_in_tripwire_hook, simplyswords:swords, c:tools, galosphere:weapon_racks_can_hold, minecraft:swords, minecraft:breaks_decorated_pots, c:swords"
"Unknown","simplyswords:soulkeeper",24151,"Soulkeeper",3270,"minecraft:tools, simplyswords:uniques, galosphere:preservable_items, simplyswords:conditional_uniques_type_1, amendments:goes_in_tripwire_hook, simplyswords:swords, c:tools, galosphere:weapon_racks_can_hold, minecraft:swords, minecraft:breaks_decorated_pots, c:swords"
"Unknown","simplyswords:soulpyre",24155,"Soul Pyre",3270,"minecraft:tools, simplyswords:uniques, galosphere:preservable_items, simplyswords:conditional_uniques_type_1, amendments:goes_in_tripwire_hook, simplyswords:swords, c:tools, galosphere:weapon_racks_can_hold, minecraft:swords, minecraft:breaks_decorated_pots, c:swords"
"Unknown","simplyswords:soulrender",24154,"Soulrender",3270,"minecraft:tools, simplyswords:uniques, galosphere:preservable_items, simplyswords:conditional_uniques_type_1, amendments:goes_in_tripwire_hook, simplyswords:swords, c:tools, galosphere:weapon_racks_can_hold, minecraft:swords, minecraft:breaks_decorated_pots, c:swords"
"Unknown","simplyswords:soulstealer",24153,"Soulstealer",3270,"minecraft:tools, simplyswords:uniques, galosphere:preservable_items, simplyswords:conditional_uniques_type_1, amendments:goes_in_tripwire_hook, simplyswords:swords, c:tools, galosphere:weapon_racks_can_hold, minecraft:swords, minecraft:breaks_decorated_pots, c:swords"
"Unknown","simplyswords:stars_edge",24176,"Star's Edge",3270,"minecraft:tools, simplyswords:uniques, galosphere:preservable_items, simplyswords:conditional_uniques_type_1, amendments:goes_in_tripwire_hook, simplyswords:swords, c:tools, galosphere:weapon_racks_can_hold, minecraft:swords, minecraft:breaks_decorated_pots, c:swords"
"Unknown","simplyswords:stormbringer",24144,"Stormbringer",3270,"minecraft:tools, simplyswords:uniques, galosphere:preservable_items, simplyswords:conditional_uniques_type_1, amendments:goes_in_tripwire_hook, simplyswords:swords, c:tools, galosphere:weapon_racks_can_hold, minecraft:swords, minecraft:breaks_decorated_pots, c:swords"
"Unknown","simplyswords:storms_edge",24143,"Storm's Edge",3270,"minecraft:tools, simplyswords:uniques, galosphere:preservable_items, simplyswords:conditional_uniques_type_1, amendments:goes_in_tripwire_hook, simplyswords:swords, c:tools, galosphere:weapon_racks_can_hold, minecraft:swords, minecraft:breaks_decorated_pots, c:swords"
"Unknown","simplyswords:sunfire",24170,"Sunfire",3270,"amendments:goes_in_tripwire_hook, galosphere:weapon_racks_can_hold, simplyswords:uniques, minecraft:breaks_decorated_pots, simplyswords:swords, galosphere:preservable_items, minecraft:tools, c:tools, minecraft:swords, c:swords"
"Unknown","simplyswords:sword_on_a_stick",24145,"Sword on a Stick",59,"minecraft:swords, galosphere:weapon_racks_can_hold, galosphere:preservable_items, minecraft:breaks_decorated_pots, c:tools, simplyswords:swords, c:swords, amendments:goes_in_tripwire_hook, minecraft:tools"
"Unknown","simplyswords:tainted_relic",24169,"Tainted Relic",3270,"amendments:goes_in_tripwire_hook, galosphere:weapon_racks_can_hold, simplyswords:uniques, minecraft:breaks_decorated_pots, simplyswords:swords, galosphere:preservable_items, minecraft:tools, c:tools, minecraft:swords, c:swords"
"Unknown","simplyswords:tempest",24178,"Tempest",3270,"minecraft:tools, simplyswords:uniques, galosphere:preservable_items, simplyswords:conditional_uniques_type_1, amendments:goes_in_tripwire_hook, simplyswords:swords, c:tools, galosphere:weapon_racks_can_hold, minecraft:swords, minecraft:breaks_decorated_pots, c:swords"
"Unknown","simplyswords:thunderbrand",24161,"Thunderbrand",3270,"minecraft:tools, simplyswords:uniques, galosphere:preservable_items, simplyswords:conditional_uniques_type_1, amendments:goes_in_tripwire_hook, simplyswords:swords, c:tools, galosphere:weapon_racks_can_hold, minecraft:swords, minecraft:breaks_decorated_pots, c:swords"
"Unknown","simplyswords:toxic_longsword",24148,"Longsword of the Plague",3270,"minecraft:tools, simplyswords:uniques, galosphere:preservable_items, simplyswords:conditional_uniques_type_1, amendments:goes_in_tripwire_hook, simplyswords:swords, c:tools, galosphere:weapon_racks_can_hold, minecraft:swords, minecraft:breaks_decorated_pots, c:swords"
"Unknown","simplyswords:twisted_blade",24152,"Twisted Blade",3270,"minecraft:tools, simplyswords:uniques, galosphere:preservable_items, simplyswords:conditional_uniques_type_1, amendments:goes_in_tripwire_hook, simplyswords:swords, c:tools, galosphere:weapon_racks_can_hold, minecraft:swords, minecraft:breaks_decorated_pots, c:swords"
"Unknown","simplyswords:waking_lichblade",24164,"Waking Lichblade",3270,"amendments:goes_in_tripwire_hook, galosphere:weapon_racks_can_hold, simplyswords:uniques, minecraft:breaks_decorated_pots, simplyswords:swords, galosphere:preservable_items, minecraft:tools, c:tools, minecraft:swords, c:swords"
"Unknown","simplyswords:watcher_claymore",24142,"The Watcher",3270,"minecraft:tools, simplyswords:uniques, galosphere:preservable_items, simplyswords:conditional_uniques_type_1, amendments:goes_in_tripwire_hook, simplyswords:swords, c:tools, galosphere:weapon_racks_can_hold, minecraft:swords, minecraft:breaks_decorated_pots, c:swords"
"Unknown","simplyswords:watching_warglaive",24147,"Watching Warglaive",3270,"minecraft:tools, simplyswords:uniques, galosphere:preservable_items, simplyswords:conditional_uniques_type_1, amendments:goes_in_tripwire_hook, simplyswords:swords, c:tools, galosphere:weapon_racks_can_hold, minecraft:swords, minecraft:breaks_decorated_pots, c:swords"
"Unknown","simplyswords:waxweaver",24174,"Waxweaver",3270,"minecraft:tools, simplyswords:uniques, galosphere:preservable_items, simplyswords:conditional_uniques_type_1, amendments:goes_in_tripwire_hook, simplyswords:swords, c:tools, galosphere:weapon_racks_can_hold, minecraft:swords, minecraft:breaks_decorated_pots, c:swords"
"Unknown","simplyswords:whisperwind",24172,"Whisperwind",3270,"minecraft:tools, simplyswords:uniques, galosphere:preservable_items, simplyswords:conditional_uniques_type_1, amendments:goes_in_tripwire_hook, simplyswords:swords, c:tools, galosphere:weapon_racks_can_hold, minecraft:swords, minecraft:breaks_decorated_pots, c:swords"
"Unknown","simplyswords:wickpiercer",24177,"Wickpiercer",3270,"minecraft:tools, simplyswords:uniques, galosphere:preservable_items, simplyswords:conditional_uniques_type_1, amendments:goes_in_tripwire_hook, simplyswords:swords, c:tools, galosphere:weapon_racks_can_hold, minecraft:swords, minecraft:breaks_decorated_pots, c:swords"
"Unknown","sophisticatedstorage:packing_tape",24403,"Packing Tape",8,""
"Unknown","supplementaries:bamboo_spikes_tipped",25451,"Bamboo Spikes of Uncraftable tipped arrow",16,""
"Unknown","supplementaries:bubble_blower",25333,"Bubble Blower",250,""
"Unknown","supplementaries:flute",25336,"Flute",64,""
"Unknown","supplementaries:rope_arrow",25332,"Rope Arrow",32,"minecraft:arrows"
"Unknown","supplementaries:slingshot",25334,"Slingshot",192,""
"Unknown","supplementaries:wrench",25340,"Wrench",200,"amendments:goes_in_tripwire_hook, supplementaries:statue_tools"
"Unknown","vc_gliders:paraglider_diamond",24645,"Diamond Paraglider",300,"curios:glider, trinkets:chest/back, vc_gliders:gliders, trinkets:chest/cape"
"Unknown","vc_gliders:paraglider_gold",24644,"Gold Paraglider",200,"curios:glider, trinkets:chest/back, vc_gliders:gliders, trinkets:chest/cape"
"Unknown","vc_gliders:paraglider_iron",24643,"Iron Paraglider",100,"curios:glider, trinkets:chest/back, vc_gliders:gliders, trinkets:chest/cape"
"Unknown","vc_gliders:paraglider_netherite",24646,"Netherite Paraglider",500,"curios:glider, trinkets:chest/back, vc_gliders:gliders, trinkets:chest/cape"
"Unknown","vc_gliders:paraglider_wood",24642,"Basic Paraglider",50,"curios:glider, trinkets:chest/back, vc_gliders:gliders, trinkets:chest/cape"
"Unknown","vinery:straw_hat",24740,"Straw Hat",55,""
"Unknown","vinery:winemaker_apron",24741,"Winemaker Apron",80,""
"Unknown","vinery:winemaker_boots",24743,"Winemaker Boots",65,""
"Unknown","vinery:winemaker_leggings",24742,"Winemaker Leggings",75,""
"Unknown","waystones:warp_stone",24848,"Warp Stone",100,"waystones:warp_stones"
"Unknown","wildernature:blunderbuss",24862,"Blunderbuss",128,""
"Unknown","wildernature:fur_cloak",24865,"Fur Cloak",80,"trinkets:chest/cape"
"Unknown","wildernature:stylin_purple_hat",24897,"Stylin' Purple Hat",55,""
"Unknown","wizards:arcane_robe_chest",24923,"Arcane Robe Top",320,"rpg_series:tier_2_armors, more_rpg_classes:enchant_elemental_mastery, spell_power:enchant_critical_damage, spell_power:enchant_critical_chance, spell_power:enchant_spell_power_energize, spell_power:enchant_spell_power_specialized, wizards:wizard_robes, spell_power:enchant_spell_power_sunfire, spell_power:enchant_spell_power_soulfrost, spell_power:enchant_critical, rpg_series:tier_2_equipment"
"Unknown","wizards:arcane_robe_feet",24925,"Arcane Boots",260,"rpg_series:tier_2_armors, more_rpg_classes:enchant_elemental_mastery, spell_power:enchant_critical_damage, spell_power:enchant_critical_chance, spell_power:enchant_spell_power_energize, spell_power:enchant_spell_power_specialized, wizards:wizard_robes, spell_power:enchant_spell_power_sunfire, spell_power:enchant_spell_power_soulfrost, spell_power:enchant_critical, rpg_series:tier_2_equipment"
"Unknown","wizards:arcane_robe_head",24922,"Arcane Hat",220,"rpg_series:tier_2_armors, more_rpg_classes:enchant_elemental_mastery, spell_power:enchant_critical_damage, spell_power:enchant_critical_chance, spell_power:enchant_spell_power_energize, spell_power:enchant_spell_power_specialized, wizards:wizard_robes, spell_power:enchant_spell_power_sunfire, spell_power:enchant_spell_power_soulfrost, spell_power:enchant_critical, rpg_series:tier_2_equipment"
"Unknown","wizards:arcane_robe_legs",24924,"Arcane Robe Bottom",300,"rpg_series:tier_2_armors, more_rpg_classes:enchant_elemental_mastery, spell_power:enchant_critical_damage, spell_power:enchant_critical_chance, spell_power:enchant_spell_power_energize, spell_power:enchant_spell_power_specialized, wizards:wizard_robes, spell_power:enchant_spell_power_sunfire, spell_power:enchant_spell_power_soulfrost, spell_power:enchant_critical, rpg_series:tier_2_equipment"
"Unknown","wizards:fire_robe_chest",24927,"Fire Robe Top",320,"rpg_series:tier_2_armors, more_rpg_classes:enchant_elemental_mastery, spell_power:enchant_critical_damage, spell_power:enchant_critical_chance, spell_power:enchant_spell_power_energize, spell_power:enchant_spell_power_specialized, wizards:wizard_robes, spell_power:enchant_spell_power_sunfire, spell_power:enchant_spell_power_soulfrost, spell_power:enchant_critical, rpg_series:tier_2_equipment"
"Unknown","wizards:fire_robe_feet",24929,"Fire Boots",260,"rpg_series:tier_2_armors, more_rpg_classes:enchant_elemental_mastery, spell_power:enchant_critical_damage, spell_power:enchant_critical_chance, spell_power:enchant_spell_power_energize, spell_power:enchant_spell_power_specialized, wizards:wizard_robes, spell_power:enchant_spell_power_sunfire, spell_power:enchant_spell_power_soulfrost, spell_power:enchant_critical, rpg_series:tier_2_equipment"
"Unknown","wizards:fire_robe_head",24926,"Fire Hat",220,"rpg_series:tier_2_armors, more_rpg_classes:enchant_elemental_mastery, spell_power:enchant_critical_damage, spell_power:enchant_critical_chance, spell_power:enchant_spell_power_energize, spell_power:enchant_spell_power_specialized, wizards:wizard_robes, spell_power:enchant_spell_power_sunfire, spell_power:enchant_spell_power_soulfrost, spell_power:enchant_critical, rpg_series:tier_2_equipment"
"Unknown","wizards:fire_robe_legs",24928,"Fire Robe Bottom",300,"rpg_series:tier_2_armors, more_rpg_classes:enchant_elemental_mastery, spell_power:enchant_critical_damage, spell_power:enchant_critical_chance, spell_power:enchant_spell_power_energize, spell_power:enchant_spell_power_specialized, wizards:wizard_robes, spell_power:enchant_spell_power_sunfire, spell_power:enchant_spell_power_soulfrost, spell_power:enchant_critical, rpg_series:tier_2_equipment"
"Unknown","wizards:frost_robe_chest",24931,"Frost Robe Top",320,"rpg_series:tier_2_armors, more_rpg_classes:enchant_elemental_mastery, spell_power:enchant_critical_damage, spell_power:enchant_critical_chance, spell_power:enchant_spell_power_energize, spell_power:enchant_spell_power_specialized, wizards:wizard_robes, spell_power:enchant_spell_power_sunfire, spell_power:enchant_spell_power_soulfrost, spell_power:enchant_critical, rpg_series:tier_2_equipment"
"Unknown","wizards:frost_robe_feet",24933,"Frost Boots",260,"rpg_series:tier_2_armors, more_rpg_classes:enchant_elemental_mastery, spell_power:enchant_critical_damage, spell_power:enchant_critical_chance, spell_power:enchant_spell_power_energize, spell_power:enchant_spell_power_specialized, wizards:wizard_robes, spell_power:enchant_spell_power_sunfire, spell_power:enchant_spell_power_soulfrost, spell_power:enchant_critical, rpg_series:tier_2_equipment"
"Unknown","wizards:frost_robe_head",24930,"Frost Hat",220,"rpg_series:tier_2_armors, more_rpg_classes:enchant_elemental_mastery, spell_power:enchant_critical_damage, spell_power:enchant_critical_chance, spell_power:enchant_spell_power_energize, spell_power:enchant_spell_power_specialized, wizards:wizard_robes, spell_power:enchant_spell_power_sunfire, spell_power:enchant_spell_power_soulfrost, spell_power:enchant_critical, rpg_series:tier_2_equipment"
"Unknown","wizards:frost_robe_legs",24932,"Frost Robe Bottom",300,"rpg_series:tier_2_armors, more_rpg_classes:enchant_elemental_mastery, spell_power:enchant_critical_damage, spell_power:enchant_critical_chance, spell_power:enchant_spell_power_energize, spell_power:enchant_spell_power_specialized, wizards:wizard_robes, spell_power:enchant_spell_power_sunfire, spell_power:enchant_spell_power_soulfrost, spell_power:enchant_critical, rpg_series:tier_2_equipment"
"Unknown","wizards:netherite_arcane_robe_chest",24935,"Netherite Arcane Robe Top",480,"more_rpg_classes:enchant_elemental_mastery, spell_power:enchant_critical_damage, spell_power:enchant_critical_chance, spell_power:enchant_spell_power_energize, spell_power:enchant_spell_power_specialized, wizards:wizard_robes, rpg_series:tier_3_armors, spell_power:enchant_spell_power_sunfire, spell_power:enchant_spell_power_soulfrost, spell_power:enchant_critical, rpg_series:tier_3_equipment"
"Unknown","wizards:netherite_arcane_robe_feet",24937,"Netherite Arcane Boots",390,"more_rpg_classes:enchant_elemental_mastery, spell_power:enchant_critical_damage, spell_power:enchant_critical_chance, spell_power:enchant_spell_power_energize, spell_power:enchant_spell_power_specialized, wizards:wizard_robes, rpg_series:tier_3_armors, spell_power:enchant_spell_power_sunfire, spell_power:enchant_spell_power_soulfrost, spell_power:enchant_critical, rpg_series:tier_3_equipment"
"Unknown","wizards:netherite_arcane_robe_head",24934,"Netherite Arcane Hat",330,"more_rpg_classes:enchant_elemental_mastery, spell_power:enchant_critical_damage, spell_power:enchant_critical_chance, spell_power:enchant_spell_power_energize, spell_power:enchant_spell_power_specialized, wizards:wizard_robes, rpg_series:tier_3_armors, spell_power:enchant_spell_power_sunfire, spell_power:enchant_spell_power_soulfrost, spell_power:enchant_critical, rpg_series:tier_3_equipment"
"Unknown","wizards:netherite_arcane_robe_legs",24936,"Netherite Arcane Robe Bottom",450,"more_rpg_classes:enchant_elemental_mastery, spell_power:enchant_critical_damage, spell_power:enchant_critical_chance, spell_power:enchant_spell_power_energize, spell_power:enchant_spell_power_specialized, wizards:wizard_robes, rpg_series:tier_3_armors, spell_power:enchant_spell_power_sunfire, spell_power:enchant_spell_power_soulfrost, spell_power:enchant_critical, rpg_series:tier_3_equipment"
"Unknown","wizards:netherite_fire_robe_chest",24939,"Netherite Fire Robe Top",480,"more_rpg_classes:enchant_elemental_mastery, spell_power:enchant_critical_damage, spell_power:enchant_critical_chance, spell_power:enchant_spell_power_energize, spell_power:enchant_spell_power_specialized, wizards:wizard_robes, rpg_series:tier_3_armors, spell_power:enchant_spell_power_sunfire, spell_power:enchant_spell_power_soulfrost, spell_power:enchant_critical, rpg_series:tier_3_equipment"
"Unknown","wizards:netherite_fire_robe_feet",24941,"Netherite Fire Boots",390,"more_rpg_classes:enchant_elemental_mastery, spell_power:enchant_critical_damage, spell_power:enchant_critical_chance, spell_power:enchant_spell_power_energize, spell_power:enchant_spell_power_specialized, wizards:wizard_robes, rpg_series:tier_3_armors, spell_power:enchant_spell_power_sunfire, spell_power:enchant_spell_power_soulfrost, spell_power:enchant_critical, rpg_series:tier_3_equipment"
"Unknown","wizards:netherite_fire_robe_head",24938,"Netherite Fire Hat",330,"more_rpg_classes:enchant_elemental_mastery, spell_power:enchant_critical_damage, spell_power:enchant_critical_chance, spell_power:enchant_spell_power_energize, spell_power:enchant_spell_power_specialized, wizards:wizard_robes, rpg_series:tier_3_armors, spell_power:enchant_spell_power_sunfire, spell_power:enchant_spell_power_soulfrost, spell_power:enchant_critical, rpg_series:tier_3_equipment"
"Unknown","wizards:netherite_fire_robe_legs",24940,"Netherite Fire Robe Bottom",450,"more_rpg_classes:enchant_elemental_mastery, spell_power:enchant_critical_damage, spell_power:enchant_critical_chance, spell_power:enchant_spell_power_energize, spell_power:enchant_spell_power_specialized, wizards:wizard_robes, rpg_series:tier_3_armors, spell_power:enchant_spell_power_sunfire, spell_power:enchant_spell_power_soulfrost, spell_power:enchant_critical, rpg_series:tier_3_equipment"
"Unknown","wizards:netherite_frost_robe_chest",24943,"Netherite Frost Robe Top",480,"more_rpg_classes:enchant_elemental_mastery, spell_power:enchant_critical_damage, spell_power:enchant_critical_chance, spell_power:enchant_spell_power_energize, spell_power:enchant_spell_power_specialized, wizards:wizard_robes, rpg_series:tier_3_armors, spell_power:enchant_spell_power_sunfire, spell_power:enchant_spell_power_soulfrost, spell_power:enchant_critical, rpg_series:tier_3_equipment"
"Unknown","wizards:netherite_frost_robe_feet",24945,"Netherite Frost Boots",390,"more_rpg_classes:enchant_elemental_mastery, spell_power:enchant_critical_damage, spell_power:enchant_critical_chance, spell_power:enchant_spell_power_energize, spell_power:enchant_spell_power_specialized, wizards:wizard_robes, rpg_series:tier_3_armors, spell_power:enchant_spell_power_sunfire, spell_power:enchant_spell_power_soulfrost, spell_power:enchant_critical, rpg_series:tier_3_equipment"
"Unknown","wizards:netherite_frost_robe_head",24942,"Netherite Frost Hat",330,"more_rpg_classes:enchant_elemental_mastery, spell_power:enchant_critical_damage, spell_power:enchant_critical_chance, spell_power:enchant_spell_power_energize, spell_power:enchant_spell_power_specialized, wizards:wizard_robes, rpg_series:tier_3_armors, spell_power:enchant_spell_power_sunfire, spell_power:enchant_spell_power_soulfrost, spell_power:enchant_critical, rpg_series:tier_3_equipment"
"Unknown","wizards:netherite_frost_robe_legs",24944,"Netherite Frost Robe Bottom",450,"more_rpg_classes:enchant_elemental_mastery, spell_power:enchant_critical_damage, spell_power:enchant_critical_chance, spell_power:enchant_spell_power_energize, spell_power:enchant_spell_power_specialized, wizards:wizard_robes, rpg_series:tier_3_armors, spell_power:enchant_spell_power_sunfire, spell_power:enchant_spell_power_soulfrost, spell_power:enchant_critical, rpg_series:tier_3_equipment"
"Unknown","wizards:staff_arcane",24909,"Arcane Staff",1561,"rpg_series:tier_2_weapons, spell_power:enchant_haste, spell_power:enchant_spell_power_generic, wizards:staves, rpg_series:tier_2_equipment"
"Unknown","wizards:staff_crystal_arcane",24916,"Crystal Arcane Staff",2031,"rpg_series:tier_4_weapons, spell_power:enchant_haste, spell_power:enchant_spell_power_generic, wizards:staves, rpg_series:tier_4_equipment"
"Unknown","wizards:staff_fire",24910,"Fire Staff",1561,"rpg_series:tier_2_weapons, spell_power:enchant_haste, spell_power:enchant_spell_power_generic, wizards:staves, rpg_series:tier_2_equipment"
"Unknown","wizards:staff_frost",24911,"Frost Staff",1561,"rpg_series:tier_2_weapons, spell_power:enchant_haste, spell_power:enchant_spell_power_generic, wizards:staves, rpg_series:tier_2_equipment"
"Unknown","wizards:staff_netherite_arcane",24912,"Netherite Arcane Staff",2031,"spell_power:enchant_haste, spell_power:enchant_spell_power_generic, rpg_series:tier_3_equipment, wizards:staves, rpg_series:tier_3_weapons"
"Unknown","wizards:staff_netherite_fire",24913,"Netherite Fire Staff",2031,"spell_power:enchant_haste, spell_power:enchant_spell_power_generic, rpg_series:tier_3_equipment, wizards:staves, rpg_series:tier_3_weapons"
"Unknown","wizards:staff_netherite_frost",24914,"Netherite Frost Staff",2031,"spell_power:enchant_haste, spell_power:enchant_spell_power_generic, rpg_series:tier_3_equipment, wizards:staves, rpg_series:tier_3_weapons"
"Unknown","wizards:staff_ruby_fire",24915,"Ruby Fire Staff",2031,"rpg_series:tier_4_weapons, spell_power:enchant_haste, spell_power:enchant_spell_power_generic, wizards:staves, rpg_series:tier_4_equipment"
"Unknown","wizards:staff_smaragdant_frost",24917,"Smaragdant Frost Staff",2031,"rpg_series:tier_4_weapons, spell_power:enchant_haste, spell_power:enchant_spell_power_generic, wizards:staves, rpg_series:tier_4_equipment"
"Unknown","wizards:staff_wizard",24908,"Wizard Staff",250,"spell_power:enchant_haste, spell_power:enchant_spell_power_generic, wizards:staves, rpg_series:tier_1_equipment, rpg_series:tier_1_weapons"
"Unknown","wizards:wand_arcane",24902,"Arcane Wand",250,"wizards:wands, spell_power:enchant_haste, spell_power:enchant_spell_power_generic"
"Unknown","wizards:wand_fire",24903,"Fire Wand",250,"wizards:wands, spell_power:enchant_haste, spell_power:enchant_spell_power_generic"
"Unknown","wizards:wand_frost",24904,"Frost Wand",250,"wizards:wands, spell_power:enchant_haste, spell_power:enchant_spell_power_generic"
"Unknown","wizards:wand_netherite_arcane",24905,"Netherite Arcane Wand",2031,"wizards:wands, spell_power:enchant_haste, spell_power:enchant_spell_power_generic"
"Unknown","wizards:wand_netherite_fire",24906,"Netherite Fire Wand",2031,"wizards:wands, spell_power:enchant_haste, spell_power:enchant_spell_power_generic"
"Unknown","wizards:wand_netherite_frost",24907,"Netherite Frost Wand",2031,"wizards:wands, spell_power:enchant_haste, spell_power:enchant_spell_power_generic"
"Unknown","wizards:wand_novice",24901,"Novice Wand",59,"wizards:wands, rpg_series:tier_0_weapons, spell_power:enchant_haste, spell_power:enchant_spell_power_generic, rpg_series:tier_0_equipment"
"Unknown","wizards:wizard_robe_chest",24919,"Wizard Robe Top",160,"more_rpg_classes:enchant_elemental_mastery, rpg_series:tier_1_equipment, spell_power:enchant_critical_damage, spell_power:enchant_critical_chance, spell_power:enchant_spell_power_energize, spell_power:enchant_spell_power_specialized, wizards:wizard_robes, rpg_series:tier_1_armors, spell_power:enchant_spell_power_sunfire, spell_power:enchant_spell_power_soulfrost, spell_power:enchant_critical"
"Unknown","wizards:wizard_robe_feet",24921,"Wizard Boots",130,"more_rpg_classes:enchant_elemental_mastery, rpg_series:tier_1_equipment, spell_power:enchant_critical_damage, spell_power:enchant_critical_chance, spell_power:enchant_spell_power_energize, spell_power:enchant_spell_power_specialized, wizards:wizard_robes, rpg_series:tier_1_armors, spell_power:enchant_spell_power_sunfire, spell_power:enchant_spell_power_soulfrost, spell_power:enchant_critical"
"Unknown","wizards:wizard_robe_head",24918,"Wizard Hat",110,"more_rpg_classes:enchant_elemental_mastery, rpg_series:tier_1_equipment, spell_power:enchant_critical_damage, spell_power:enchant_critical_chance, spell_power:enchant_spell_power_energize, spell_power:enchant_spell_power_specialized, wizards:wizard_robes, rpg_series:tier_1_armors, spell_power:enchant_spell_power_sunfire, spell_power:enchant_spell_power_soulfrost, spell_power:enchant_critical"
"Unknown","wizards:wizard_robe_legs",24920,"Wizard Robe Bottom",150,"more_rpg_classes:enchant_elemental_mastery, rpg_series:tier_1_equipment, spell_power:enchant_critical_damage, spell_power:enchant_critical_chance, spell_power:enchant_spell_power_energize, spell_power:enchant_spell_power_specialized, wizards:wizard_robes, rpg_series:tier_1_armors, spell_power:enchant_spell_power_sunfire, spell_power:enchant_spell_power_soulfrost, spell_power:enchant_critical"
