"Registry name","ID"
"ae2:guide.click",2514
"amendments:explosion.fireball",2517
"artifacts:block.water.step",1480
"artifacts:entity.mimic.close",1478
"artifacts:entity.mimic.death",1476
"artifacts:entity.mimic.hurt",1475
"artifacts:entity.mimic.open",1477
"artifacts:generic.pop",1474
"artifacts:item.whoopee_cushion.fart",1479
"bakery:cabinet_close",1486
"bakery:cabinet_open",1485
"bakery:cake_cut",1482
"bakery:cooking_pot_hit",1481
"bakery:drawer_close",1484
"bakery:drawer_open",1483
"beautify:block.blinds_close",1494
"beautify:block.blinds_open",1493
"beautify:block.bookstack_break",1488
"beautify:block.bookstack_fall",1492
"beautify:block.bookstack_hit",1491
"beautify:block.bookstack_next",1487
"beautify:block.bookstack_place",1490
"beautify:block.bookstack_step",1489
"bettercombat:anchor_slam",1495
"bettercombat:axe_slash",1496
"bettercombat:claymore_slam",1499
"bettercombat:claymore_stab",1498
"bettercombat:claymore_swing",1497
"bettercombat:dagger_slash",1500
"bettercombat:double_axe_swing",1501
"bettercombat:fist_punch",1502
"bettercombat:glaive_slash_quick",1503
"bettercombat:glaive_slash_slow",1504
"bettercombat:hammer_slam",1505
"bettercombat:katana_slash",1506
"bettercombat:mace_slam",1507
"bettercombat:mace_slash",1508
"bettercombat:pickaxe_swing",1509
"bettercombat:rapier_slash",1510
"bettercombat:rapier_stab",1511
"bettercombat:scythe_slash",1512
"bettercombat:sickle_slash",1518
"bettercombat:spear_stab",1513
"bettercombat:staff_slam",1514
"bettercombat:staff_slash",1515
"bettercombat:staff_spin",1516
"bettercombat:staff_stab",1517
"bettercombat:sword_slash",1519
"bettercombat:wand_swing",1520
"betterend:betterend.ambient.amber_land",1536
"betterend:betterend.ambient.blossoming_spires",1531
"betterend:betterend.ambient.caves",1535
"betterend:betterend.ambient.chorus_forest",1527
"betterend:betterend.ambient.dust_wastelands",1529
"betterend:betterend.ambient.foggy_mushroomland",1526
"betterend:betterend.ambient.glowing_grasslands",1534
"betterend:betterend.ambient.megalake",1528
"betterend:betterend.ambient.megalake_grove",1530
"betterend:betterend.ambient.sulphur_springs",1532
"betterend:betterend.ambient.umbra_valley",1537
"betterend:betterend.ambient.umbrella_jungle",1533
"betterend:betterend.entity.dragonfly",1538
"betterend:betterend.entity.shadow_walker",1539
"betterend:betterend.entity.shadow_walker_damage",1540
"betterend:betterend.entity.shadow_walker_death",1541
"betterend:betterend.music.caves",1525
"betterend:betterend.music.dark",1523
"betterend:betterend.music.forest",1521
"betterend:betterend.music.openspace",1524
"betterend:betterend.music.water",1522
"betterend:betterend.record.endseeker",1544
"betterend:betterend.record.eo_dracona",1545
"betterend:betterend.record.grasping_at_stars",1543
"betterend:betterend.record.strange_and_alien",1542
"betternether:betternether.ambient.gravel_desert",1547
"betternether:betternether.ambient.mushroom_forest",1546
"betternether:betternether.ambient.nether_jungle",1548
"betternether:betternether.ambient.swampland",1549
"betternether:betternether.mob.firefly.fly",1550
"betternether:betternether.mob.jellyfish",1551
"betternether:betternether.mob.naga_attack",1553
"betternether:betternether.mob.naga_idle",1552
"betternether:betternether.mob.skull_flight",1554
"brewery:beer_elemental_ambient",1563
"brewery:beer_elemental_attack",1562
"brewery:beer_elemental_death",1564
"brewery:beer_elemental_hurt",1565
"brewery:breath",1555
"brewery:brewstation_ambient",1558
"brewery:brewstation_kettle",1557
"brewery:brewstation_oven",1556
"brewery:brewstation_process_failed",1561
"brewery:brewstation_timer_loop",1560
"brewery:brewstation_whistle",1559
"brewery:cabinet_close",1568
"brewery:cabinet_open",1566
"brewery:drawer_close",1569
"brewery:drawer_open",1567
"camerapture:camera_shutter",1570
"candlelight:cabinet_close",1575
"candlelight:cabinet_open",1573
"candlelight:cooking_pot_hit",1571
"candlelight:dinner_bell_ring",1572
"candlelight:drawer_close",1576
"candlelight:drawer_open",1574
"candlelight:typewriter",1577
"combatroll:roll",1579
"combatroll:roll_cooldown_ready",1580
"creeperoverhaul:entity.ocean.creeper.death",1599
"creeperoverhaul:entity.ocean.creeper.deflate",1603
"creeperoverhaul:entity.ocean.creeper.hurt_deflated",1601
"creeperoverhaul:entity.ocean.creeper.hurt_inflated",1600
"creeperoverhaul:entity.ocean.creeper.inflate",1602
"creeperoverhaul:entity.plant.creeper.death",1581
"creeperoverhaul:entity.plant.creeper.explosion",1582
"creeperoverhaul:entity.plant.creeper.hit",1583
"creeperoverhaul:entity.plant.creeper.hurt",1584
"creeperoverhaul:entity.plant.creeper.prime",1585
"creeperoverhaul:entity.sand.creeper.death",1586
"creeperoverhaul:entity.sand.creeper.explosion",1587
"creeperoverhaul:entity.sand.creeper.hurt",1588
"creeperoverhaul:entity.sand.creeper.prime",1589
"creeperoverhaul:entity.stone.creeper.death",1590
"creeperoverhaul:entity.stone.creeper.explosion",1591
"creeperoverhaul:entity.stone.creeper.hurt",1592
"creeperoverhaul:entity.stone.creeper.prime",1593
"creeperoverhaul:entity.wood.creeper.death",1594
"creeperoverhaul:entity.wood.creeper.explosion",1595
"creeperoverhaul:entity.wood.creeper.hit",1596
"creeperoverhaul:entity.wood.creeper.hurt",1597
"creeperoverhaul:entity.wood.creeper.prime",1598
"crittersandcompanions:entity.bite_attack",1604
"crittersandcompanions:entity.bubble_pop",1605
"crittersandcompanions:entity.dragonfly.ambient",1606
"crittersandcompanions:entity.ferret.ambient",1607
"crittersandcompanions:entity.ferret.death",1608
"crittersandcompanions:entity.ferret.hurt",1609
"crittersandcompanions:entity.leaf_insect.death",1610
"crittersandcompanions:entity.leaf_insect.hurt",1611
"crittersandcompanions:entity.otter.ambient",1612
"crittersandcompanions:entity.otter.clam_break",1615
"crittersandcompanions:entity.otter.clam_break_land",1616
"crittersandcompanions:entity.otter.death",1613
"crittersandcompanions:entity.otter.eat",1614
"crittersandcompanions:entity.otter.hurt",1617
"crittersandcompanions:entity.otter.swim",1618
"crittersandcompanions:entity.red_panda.ambient",1619
"crittersandcompanions:entity.red_panda.death",1620
"crittersandcompanions:entity.red_panda.hurt",1621
"crittersandcompanions:entity.sea_bunny.death",1622
"crittersandcompanions:entity.sea_bunny.hurt",1623
"crittersandcompanions:entity.shima_enaga.ambient",1624
"dehydration:cauldron_bubble",1628
"dehydration:empty_flask",1627
"dehydration:fill_flask",1625
"dehydration:water_sip",1626
"doapi:beer_elemental_ambient",1645
"doapi:beer_elemental_attack",1648
"doapi:beer_elemental_death",1647
"doapi:beer_elemental_hurt",1646
"doapi:breath",1644
"doapi:brewstation_ambient",1649
"doapi:brewstation_kettle",1650
"doapi:brewstation_oven",1651
"doapi:brewstation_process_failed",1652
"doapi:brewstation_timer",1653
"doapi:brewstation_whistle",1654
"doapi:cabinet_close",1633
"doapi:cabinet_open",1632
"doapi:cake_cut",1634
"doapi:cart_moving",1641
"doapi:cooking_pot_boiling",1635
"doapi:cooking_pot_hit",1629
"doapi:crafting_bowl_stirring",1638
"doapi:dinner_bell",1642
"doapi:drawer_close",1631
"doapi:drawer_open",1630
"doapi:mincer_cranking",1639
"doapi:roaster_cooking",1636
"doapi:stove_crackling",1637
"doapi:typewriter",1643
"doapi:water_sprinkler",1640
"ecologics:camel_ambient",1667
"ecologics:camel_angry",1670
"ecologics:camel_chest",1673
"ecologics:camel_death",1668
"ecologics:camel_eat",1671
"ecologics:camel_hurt",1669
"ecologics:camel_step",1672
"ecologics:coconut_crab_ambient",1656
"ecologics:coconut_crab_death",1657
"ecologics:coconut_crab_hurt",1658
"ecologics:coconut_smash",1655
"ecologics:music_disc_coconut",1659
"ecologics:penguin_ambient",1661
"ecologics:penguin_death",1662
"ecologics:penguin_hurt",1663
"ecologics:squirrel_ambient",1664
"ecologics:squirrel_death",1665
"ecologics:squirrel_hurt",1666
"ecologics:thin_ice_crack",1660
"effective:ambience.waterfall",2515
"effective:entity.parry",2516
"endermanoverhaul:ancient_pearl_hit",1685
"endermanoverhaul:bubble_pearl_hit",1686
"endermanoverhaul:bubble_pearl_thrown",1687
"endermanoverhaul:cave_enderman_ambient",1675
"endermanoverhaul:cave_enderman_hurt",1676
"endermanoverhaul:corrupted_pearl_hit",1688
"endermanoverhaul:dark_oak_enderman_ambient",1682
"endermanoverhaul:dark_oak_enderman_darkness",1683
"endermanoverhaul:dark_oak_enderman_stare",1684
"endermanoverhaul:icy_pearl_hit",1691
"endermanoverhaul:plant_enderman_ambient",1677
"endermanoverhaul:plant_enderman_hurt",1678
"endermanoverhaul:soul_pearl_hit",1689
"endermanoverhaul:summoner_pearl_hit",1690
"endermanoverhaul:tall_enderman_ambient",1679
"endermanoverhaul:tall_enderman_death",1680
"endermanoverhaul:tall_enderman_stare",1681
"extshape:block.amethyst_fence_gate.close",1693
"extshape:block.amethyst_fence_gate.open",1692
"extshape:block.moss_button.click_off",1719
"extshape:block.moss_button.click_on",1718
"extshape:block.moss_fence_gate.close",1723
"extshape:block.moss_fence_gate.open",1722
"extshape:block.moss_pressure_plate.click_off",1721
"extshape:block.moss_pressure_plate.click_on",1720
"extshape:block.sculk_button.click_off",1713
"extshape:block.sculk_button.click_on",1712
"extshape:block.sculk_fence_gate.close",1717
"extshape:block.sculk_fence_gate.open",1716
"extshape:block.sculk_pressure_plate.click_off",1715
"extshape:block.sculk_pressure_plate.click_on",1714
"extshape:block.slime_button.click_off",1725
"extshape:block.slime_button.click_on",1724
"extshape:block.slime_fence_gate.close",1729
"extshape:block.slime_fence_gate.open",1728
"extshape:block.slime_pressure_plate.click_off",1727
"extshape:block.slime_pressure_plate.click_on",1726
"extshape:block.snow_button.click_off",1701
"extshape:block.snow_button.click_on",1700
"extshape:block.snow_fence_gate.close",1705
"extshape:block.snow_fence_gate.open",1704
"extshape:block.snow_pressure_plate.click_off",1703
"extshape:block.snow_pressure_plate.click_on",1702
"extshape:block.wart_button.click_off",1707
"extshape:block.wart_button.click_on",1706
"extshape:block.wart_fence_gate.close",1711
"extshape:block.wart_fence_gate.open",1710
"extshape:block.wart_pressure_plate.click_off",1709
"extshape:block.wart_pressure_plate.click_on",1708
"extshape:block.wool_button.click_off",1695
"extshape:block.wool_button.click_on",1694
"extshape:block.wool_fence_gate.close",1699
"extshape:block.wool_fence_gate.open",1698
"extshape:block.wool_pressure_plate.click_off",1697
"extshape:block.wool_pressure_plate.click_on",1696
"farm_and_charm:cart_moving",1736
"farm_and_charm:cooking_pot_boiling",1730
"farm_and_charm:crafting_bowl_stirring",1731
"farm_and_charm:mincer_cranking",1732
"farm_and_charm:roaster_cooking",1733
"farm_and_charm:stove_crackling",1734
"farm_and_charm:water_sprinkler",1735
"farmersdelight:block.cabinet.close",1742
"farmersdelight:block.cabinet.open",1741
"farmersdelight:block.cooking_pot.boil",1738
"farmersdelight:block.cooking_pot.boil_soup",1739
"farmersdelight:block.cutting_board.knife",1740
"farmersdelight:block.skillet.add_food",1578
"farmersdelight:block.skillet.sizzle",1743
"farmersdelight:block.stove.crackle",1737
"farmersdelight:block.tomato_bush.pick_tomatoes",1746
"farmersdelight:entity.rotten_tomato.hit",1748
"farmersdelight:entity.rotten_tomato.throw",1747
"farmersdelight:item.skillet.attack.strong",1744
"farmersdelight:item.skillet.attack.weak",1745
"fetzisasiandeco:gong_1",1750
"fetzisasiandeco:gong_2",1751
"fetzisasiandeco:slide",1749
"friendsandfoes:entity.copper_golem.death",1752
"friendsandfoes:entity.copper_golem.head_spin",1753
"friendsandfoes:entity.copper_golem.hurt",1754
"friendsandfoes:entity.copper_golem.repair",1755
"friendsandfoes:entity.copper_golem.step",1756
"friendsandfoes:entity.crab.death",1757
"friendsandfoes:entity.crab.hurt",1758
"friendsandfoes:entity.crab.step",1759
"friendsandfoes:entity.glare.ambient",1760
"friendsandfoes:entity.glare.death",1761
"friendsandfoes:entity.glare.eat",1762
"friendsandfoes:entity.glare.grumpiness",1763
"friendsandfoes:entity.glare.grumpiness_short",1764
"friendsandfoes:entity.glare.hurt",1765
"friendsandfoes:entity.glare.rustle",1766
"friendsandfoes:entity.glare.shake",1767
"friendsandfoes:entity.ice_chunk.ambient",1768
"friendsandfoes:entity.ice_chunk.hit",1769
"friendsandfoes:entity.ice_chunk.summon",1770
"friendsandfoes:entity.iceologer.ambient",1771
"friendsandfoes:entity.iceologer.cast_spell",1772
"friendsandfoes:entity.iceologer.death",1773
"friendsandfoes:entity.iceologer.hurt",1774
"friendsandfoes:entity.iceologer.prepare_slowness",1775
"friendsandfoes:entity.iceologer.prepare_summon",1776
"friendsandfoes:entity.mauler.bite",1777
"friendsandfoes:entity.mauler.death",1778
"friendsandfoes:entity.mauler.growl",1779
"friendsandfoes:entity.mauler.hurt",1780
"friendsandfoes:entity.moobloom.convert",1781
"friendsandfoes:entity.player.mirror_move",1782
"friendsandfoes:entity.rascal.ambient",1783
"friendsandfoes:entity.rascal.disappear",1784
"friendsandfoes:entity.rascal.hurt",1785
"friendsandfoes:entity.rascal.nod",1786
"friendsandfoes:entity.rascal.reappear",1787
"friendsandfoes:entity.rascal.reward",1788
"friendsandfoes:entity.rascal.reward_bad",1789
"friendsandfoes:entity.shield_debris.impact",1798
"friendsandfoes:entity.tuff_golem.glue_off",1791
"friendsandfoes:entity.tuff_golem.glue_on",1790
"friendsandfoes:entity.tuff_golem.hurt",1792
"friendsandfoes:entity.tuff_golem.move",1793
"friendsandfoes:entity.tuff_golem.repair",1794
"friendsandfoes:entity.tuff_golem.sleep",1795
"friendsandfoes:entity.tuff_golem.step",1796
"friendsandfoes:entity.tuff_golem.wake",1797
"friendsandfoes:entity.wildfire.ambient",1799
"friendsandfoes:entity.wildfire.death",1800
"friendsandfoes:entity.wildfire.hurt",1801
"friendsandfoes:entity.wildfire.shield_break",1802
"friendsandfoes:entity.wildfire.shockwave",1803
"friendsandfoes:entity.wildfire.shoot",1804
"friendsandfoes:entity.wildfire.step",1805
"friendsandfoes:entity.wildfire.summon_blaze",1806
"furniture:cabinet_close",1809
"furniture:cabinet_open",1808
"furniture:coffer_close",1811
"furniture:coffer_open",1810
"furniture:cphs_pride",1812
"furniture:grandfathers_clock_ticking",1807
"furniture:letsdo_theme",1813
"galosphere:block.allurite.break",1857
"galosphere:block.allurite.fall",1861
"galosphere:block.allurite.hit",1860
"galosphere:block.allurite.place",1859
"galosphere:block.allurite.step",1858
"galosphere:block.allurite_cluster.break",1862
"galosphere:block.allurite_cluster.fall",1866
"galosphere:block.allurite_cluster.hit",1865
"galosphere:block.allurite_cluster.place",1864
"galosphere:block.allurite_cluster.step",1863
"galosphere:block.bowl_lichen.break",1867
"galosphere:block.bowl_lichen.fall",1871
"galosphere:block.bowl_lichen.hit",1870
"galosphere:block.bowl_lichen.place",1869
"galosphere:block.bowl_lichen.step",1868
"galosphere:block.combustion_table.break",1872
"galosphere:block.combustion_table.fall",1876
"galosphere:block.combustion_table.hit",1875
"galosphere:block.combustion_table.place",1874
"galosphere:block.combustion_table.step",1873
"galosphere:block.cured_membrane.break",1942
"galosphere:block.cured_membrane.fall",1946
"galosphere:block.cured_membrane.hit",1945
"galosphere:block.cured_membrane.place",1944
"galosphere:block.cured_membrane.step",1943
"galosphere:block.gilded_beads.break",1937
"galosphere:block.gilded_beads.fall",1941
"galosphere:block.gilded_beads.hit",1940
"galosphere:block.gilded_beads.place",1939
"galosphere:block.gilded_beads.step",1938
"galosphere:block.glow_ink_clumps.break",1877
"galosphere:block.glow_ink_clumps.fall",1881
"galosphere:block.glow_ink_clumps.hit",1880
"galosphere:block.glow_ink_clumps.place",1879
"galosphere:block.glow_ink_clumps.step",1878
"galosphere:block.lichen_cordyceps.break",1882
"galosphere:block.lichen_cordyceps.fall",1886
"galosphere:block.lichen_cordyceps.hit",1885
"galosphere:block.lichen_cordyceps.place",1884
"galosphere:block.lichen_cordyceps.step",1883
"galosphere:block.lichen_moss.break",1887
"galosphere:block.lichen_moss.fall",1891
"galosphere:block.lichen_moss.hit",1890
"galosphere:block.lichen_moss.place",1889
"galosphere:block.lichen_moss.step",1888
"galosphere:block.lichen_roots.break",1892
"galosphere:block.lichen_roots.fall",1896
"galosphere:block.lichen_roots.hit",1895
"galosphere:block.lichen_roots.place",1894
"galosphere:block.lichen_roots.step",1893
"galosphere:block.lichen_shelf.break",1897
"galosphere:block.lichen_shelf.fall",1901
"galosphere:block.lichen_shelf.hit",1900
"galosphere:block.lichen_shelf.place",1899
"galosphere:block.lichen_shelf.step",1898
"galosphere:block.lumiere.break",1902
"galosphere:block.lumiere.compost",1817
"galosphere:block.lumiere.fall",1906
"galosphere:block.lumiere.hit",1905
"galosphere:block.lumiere.place",1904
"galosphere:block.lumiere.step",1903
"galosphere:block.lumiere_cluster.break",1907
"galosphere:block.lumiere_cluster.fall",1911
"galosphere:block.lumiere_cluster.hit",1910
"galosphere:block.lumiere_cluster.place",1909
"galosphere:block.lumiere_cluster.step",1908
"galosphere:block.monstrometer.activate",1820
"galosphere:block.monstrometer.charge",1819
"galosphere:block.monstrometer.deactivate",1821
"galosphere:block.palladium.break",1912
"galosphere:block.palladium.fall",1916
"galosphere:block.palladium.hit",1915
"galosphere:block.palladium.place",1914
"galosphere:block.palladium.step",1913
"galosphere:block.palladium_lattice.break",1917
"galosphere:block.palladium_lattice.fall",1921
"galosphere:block.palladium_lattice.hit",1920
"galosphere:block.palladium_lattice.place",1919
"galosphere:block.palladium_lattice.step",1918
"galosphere:block.pink_salt.break",1922
"galosphere:block.pink_salt.fall",1926
"galosphere:block.pink_salt.hit",1925
"galosphere:block.pink_salt.place",1924
"galosphere:block.pink_salt.step",1923
"galosphere:block.pink_salt_cluster.break",1927
"galosphere:block.pink_salt_cluster.fall",1931
"galosphere:block.pink_salt_cluster.hit",1930
"galosphere:block.pink_salt_cluster.place",1929
"galosphere:block.pink_salt_cluster.step",1928
"galosphere:block.pink_salt_lamp.break",1932
"galosphere:block.pink_salt_lamp.fall",1936
"galosphere:block.pink_salt_lamp.hit",1935
"galosphere:block.pink_salt_lamp.place",1934
"galosphere:block.pink_salt_lamp.step",1933
"galosphere:block.stranded_membrane.break",1947
"galosphere:block.stranded_membrane.fall",1951
"galosphere:block.stranded_membrane.hit",1950
"galosphere:block.stranded_membrane.place",1949
"galosphere:block.stranded_membrane.step",1948
"galosphere:entity.berserker.death",1831
"galosphere:entity.berserker.duo_smash",1834
"galosphere:entity.berserker.halite_curse",1841
"galosphere:entity.berserker.hurt",1832
"galosphere:entity.berserker.idle",1833
"galosphere:entity.berserker.punch",1837
"galosphere:entity.berserker.roar",1838
"galosphere:entity.berserker.shake",1839
"galosphere:entity.berserker.smash",1835
"galosphere:entity.berserker.step",1840
"galosphere:entity.berserker.summoning",1836
"galosphere:entity.glow_flare.spread",1818
"galosphere:entity.pink_salt_pillar.emerge",1847
"galosphere:entity.pink_salt_shard.land",1848
"galosphere:entity.preserved.death",1842
"galosphere:entity.preserved.emerge",1845
"galosphere:entity.preserved.hurt",1843
"galosphere:entity.preserved.idle",1844
"galosphere:entity.preserved.step",1846
"galosphere:entity.specterpillar.death",1849
"galosphere:entity.specterpillar.hurt",1850
"galosphere:entity.spectre.ambient",1822
"galosphere:entity.spectre.bottle.empty",1823
"galosphere:entity.spectre.bottle.fill",1824
"galosphere:entity.spectre.death",1825
"galosphere:entity.spectre.hurt",1826
"galosphere:entity.spectre.lock_to_spyglass",1827
"galosphere:entity.spectre.manipulate.begin",1829
"galosphere:entity.spectre.manipulate.end",1830
"galosphere:entity.spectre.receive_item",1828
"galosphere:item.rope_dart.break",1853
"galosphere:item.rope_dart.hit_block",1852
"galosphere:item.rope_dart.throw",1851
"galosphere:item.saltbound_tablet.cast_attack",1855
"galosphere:item.saltbound_tablet.cooldown_over",1856
"galosphere:item.saltbound_tablet.prepare_attack",1854
"galosphere:music.biome.crystal_canyons",1814
"galosphere:music.biome.lichen_caves",1815
"galosphere:music.biome.pink_salt_caves",1816
"guardvillagers:entity.guard.ambient",1952
"guardvillagers:entity.guard.death",1954
"guardvillagers:entity.guard.hurt",1953
"handcrafted:hammer_stone",1956
"handcrafted:hammer_wood",1955
"herbalbrews:tea_kettle_boiling",1957
"hybrid-birds:chick_ambient",1980
"hybrid-birds:chick_die",1982
"hybrid-birds:chick_hurt",1981
"hybrid-birds:cygnet_ambient",1973
"hybrid-birds:cygnet_die",1975
"hybrid-birds:cygnet_hurt",1974
"hybrid-birds:duck_ambient",1958
"hybrid-birds:duck_die",1960
"hybrid-birds:duck_hurt",1959
"hybrid-birds:duckling_ambient",1961
"hybrid-birds:duckling_die",1963
"hybrid-birds:duckling_hurt",1962
"hybrid-birds:goose_ambient",1964
"hybrid-birds:goose_die",1966
"hybrid-birds:goose_hurt",1965
"hybrid-birds:gosling_ambient",1967
"hybrid-birds:gosling_die",1969
"hybrid-birds:gosling_hurt",1968
"hybrid-birds:peachick_ambient",1992
"hybrid-birds:peachick_die",1994
"hybrid-birds:peachick_hurt",1993
"hybrid-birds:peacock_ambient",1989
"hybrid-birds:peacock_die",1991
"hybrid-birds:peacock_hurt",1990
"hybrid-birds:poult_ambient",1986
"hybrid-birds:poult_die",1988
"hybrid-birds:poult_hurt",1987
"hybrid-birds:rooster_ambient",1977
"hybrid-birds:rooster_call",1976
"hybrid-birds:rooster_die",1979
"hybrid-birds:rooster_hurt",1978
"hybrid-birds:swan_ambient",1970
"hybrid-birds:swan_die",1972
"hybrid-birds:swan_hurt",1971
"hybrid-birds:turkey_ambient",1983
"hybrid-birds:turkey_die",1985
"hybrid-birds:turkey_hurt",1984
"immersive_aircraft:cannon",2005
"immersive_aircraft:engine_start",1995
"immersive_aircraft:engine_start_bamboo_hopper",1996
"immersive_aircraft:engine_start_warship",1997
"immersive_aircraft:propeller",1999
"immersive_aircraft:propeller_bamboo_hopper",2000
"immersive_aircraft:propeller_small",2001
"immersive_aircraft:propeller_tiny",2002
"immersive_aircraft:repair",2004
"immersive_aircraft:warship",1998
"immersive_aircraft:woosh",2003
"immersive_melodies:bagpipe.c1",2089
"immersive_melodies:bagpipe.c2",2088
"immersive_melodies:bagpipe.c3",2091
"immersive_melodies:bagpipe.c4",2090
"immersive_melodies:bagpipe.c5",2079
"immersive_melodies:bagpipe.c6",2076
"immersive_melodies:bagpipe.c7",2085
"immersive_melodies:bagpipe.c8",2082
"immersive_melodies:didgeridoo.c1",2050
"immersive_melodies:didgeridoo.c2",2051
"immersive_melodies:didgeridoo.c3",2046
"immersive_melodies:didgeridoo.c4",2048
"immersive_melodies:didgeridoo.c5",2042
"immersive_melodies:didgeridoo.c6",2044
"immersive_melodies:didgeridoo.c7",2092
"immersive_melodies:didgeridoo.c8",2093
"immersive_melodies:ender_bass.c1",2054
"immersive_melodies:ender_bass.c2",2055
"immersive_melodies:ender_bass.c3",2052
"immersive_melodies:ender_bass.c4",2053
"immersive_melodies:ender_bass.c5",2047
"immersive_melodies:ender_bass.c6",2049
"immersive_melodies:ender_bass.c7",2043
"immersive_melodies:ender_bass.c8",2045
"immersive_melodies:flute.c1",2070
"immersive_melodies:flute.c2",2072
"immersive_melodies:flute.c3",2083
"immersive_melodies:flute.c4",2086
"immersive_melodies:flute.c5",2077
"immersive_melodies:flute.c6",2080
"immersive_melodies:flute.c7",2067
"immersive_melodies:flute.c8",2069
"immersive_melodies:handpan.c1",2057
"immersive_melodies:handpan.c2",2056
"immersive_melodies:handpan.c3",2059
"immersive_melodies:handpan.c4",2058
"immersive_melodies:handpan.c5",2023
"immersive_melodies:handpan.c6",2022
"immersive_melodies:handpan.c7",2026
"immersive_melodies:handpan.c8",2024
"immersive_melodies:lute.c1",2074
"immersive_melodies:lute.c2",2075
"immersive_melodies:lute.c3",2071
"immersive_melodies:lute.c4",2073
"immersive_melodies:lute.c5",2084
"immersive_melodies:lute.c6",2087
"immersive_melodies:lute.c7",2078
"immersive_melodies:lute.c8",2081
"immersive_melodies:piano.c1",2062
"immersive_melodies:piano.c2",2060
"immersive_melodies:piano.c3",2061
"immersive_melodies:piano.c4",2065
"immersive_melodies:piano.c5",2066
"immersive_melodies:piano.c6",2063
"immersive_melodies:piano.c7",2064
"immersive_melodies:piano.c8",2068
"immersive_melodies:tiny_drum.c1",2008
"immersive_melodies:tiny_drum.c2",2006
"immersive_melodies:tiny_drum.c3",2007
"immersive_melodies:tiny_drum.c4",2012
"immersive_melodies:tiny_drum.c5",2013
"immersive_melodies:tiny_drum.c6",2010
"immersive_melodies:tiny_drum.c7",2011
"immersive_melodies:tiny_drum.c8",2009
"immersive_melodies:triangle.c1",2015
"immersive_melodies:triangle.c2",2014
"immersive_melodies:triangle.c3",2019
"immersive_melodies:triangle.c4",2018
"immersive_melodies:triangle.c5",2017
"immersive_melodies:triangle.c6",2016
"immersive_melodies:triangle.c7",2021
"immersive_melodies:triangle.c8",2020
"immersive_melodies:trumpet.c1",2039
"immersive_melodies:trumpet.c2",2041
"immersive_melodies:trumpet.c3",2040
"immersive_melodies:trumpet.c4",2036
"immersive_melodies:trumpet.c5",2035
"immersive_melodies:trumpet.c6",2038
"immersive_melodies:trumpet.c7",2037
"immersive_melodies:trumpet.c8",2034
"immersive_melodies:vielle.c1",2025
"immersive_melodies:vielle.c2",2027
"immersive_melodies:vielle.c3",2028
"immersive_melodies:vielle.c4",2029
"immersive_melodies:vielle.c5",2030
"immersive_melodies:vielle.c6",2031
"immersive_melodies:vielle.c7",2032
"immersive_melodies:vielle.c8",2033
"leahs-immersive-thunder:thunder_close",2094
"leahs-immersive-thunder:thunder_far",2096
"leahs-immersive-thunder:thunder_medium",2095
"mcwdoors:garage",2097
"mcwdoors:shoji",2098
"mcwwindows:bars_close",2099
"mcwwindows:bars_open",2100
"mcwwindows:blinds_close",2101
"mcwwindows:blinds_open",2102
"mcwwindows:window_close",2103
"mcwwindows:window_open",2104
"meadow:buffalo_ambient",2108
"meadow:buffalo_death",2110
"meadow:buffalo_hurt",2109
"meadow:cabinet_close",2113
"meadow:cabinet_open",2112
"meadow:click_camera",2107
"meadow:cooking_pot_boiling",2111
"meadow:fur",2106
"meadow:woodcutter",2105
"minecraft:ambient.basalt_deltas.additions",8
"minecraft:ambient.basalt_deltas.loop",9
"minecraft:ambient.basalt_deltas.mood",10
"minecraft:ambient.cave",7
"minecraft:ambient.crimson_forest.additions",11
"minecraft:ambient.crimson_forest.loop",12
"minecraft:ambient.crimson_forest.mood",13
"minecraft:ambient.nether_wastes.additions",14
"minecraft:ambient.nether_wastes.loop",15
"minecraft:ambient.nether_wastes.mood",16
"minecraft:ambient.soul_sand_valley.additions",17
"minecraft:ambient.soul_sand_valley.loop",18
"minecraft:ambient.soul_sand_valley.mood",19
"minecraft:ambient.underwater.enter",23
"minecraft:ambient.underwater.exit",24
"minecraft:ambient.underwater.loop",25
"minecraft:ambient.underwater.loop.additions",26
"minecraft:ambient.underwater.loop.additions.rare",27
"minecraft:ambient.underwater.loop.additions.ultra_rare",28
"minecraft:ambient.warped_forest.additions",20
"minecraft:ambient.warped_forest.loop",21
"minecraft:ambient.warped_forest.mood",22
"minecraft:block.amethyst_block.break",29
"minecraft:block.amethyst_block.chime",30
"minecraft:block.amethyst_block.fall",31
"minecraft:block.amethyst_block.hit",32
"minecraft:block.amethyst_block.place",33
"minecraft:block.amethyst_block.resonate",34
"minecraft:block.amethyst_block.step",35
"minecraft:block.amethyst_cluster.break",36
"minecraft:block.amethyst_cluster.fall",37
"minecraft:block.amethyst_cluster.hit",38
"minecraft:block.amethyst_cluster.place",39
"minecraft:block.amethyst_cluster.step",40
"minecraft:block.ancient_debris.break",41
"minecraft:block.ancient_debris.fall",45
"minecraft:block.ancient_debris.hit",44
"minecraft:block.ancient_debris.place",43
"minecraft:block.ancient_debris.step",42
"minecraft:block.anvil.break",46
"minecraft:block.anvil.destroy",47
"minecraft:block.anvil.fall",48
"minecraft:block.anvil.hit",49
"minecraft:block.anvil.land",50
"minecraft:block.anvil.place",51
"minecraft:block.anvil.step",52
"minecraft:block.anvil.use",53
"minecraft:block.azalea.break",80
"minecraft:block.azalea.fall",81
"minecraft:block.azalea.hit",82
"minecraft:block.azalea.place",83
"minecraft:block.azalea.step",84
"minecraft:block.azalea_leaves.break",85
"minecraft:block.azalea_leaves.fall",86
"minecraft:block.azalea_leaves.hit",87
"minecraft:block.azalea_leaves.place",88
"minecraft:block.azalea_leaves.step",89
"minecraft:block.bamboo.break",90
"minecraft:block.bamboo.fall",91
"minecraft:block.bamboo.hit",92
"minecraft:block.bamboo.place",93
"minecraft:block.bamboo.step",94
"minecraft:block.bamboo_sapling.break",95
"minecraft:block.bamboo_sapling.hit",96
"minecraft:block.bamboo_sapling.place",97
"minecraft:block.bamboo_wood.break",98
"minecraft:block.bamboo_wood.fall",99
"minecraft:block.bamboo_wood.hit",100
"minecraft:block.bamboo_wood.place",101
"minecraft:block.bamboo_wood.step",102
"minecraft:block.bamboo_wood_button.click_off",107
"minecraft:block.bamboo_wood_button.click_on",108
"minecraft:block.bamboo_wood_door.close",103
"minecraft:block.bamboo_wood_door.open",104
"minecraft:block.bamboo_wood_fence_gate.close",111
"minecraft:block.bamboo_wood_fence_gate.open",112
"minecraft:block.bamboo_wood_hanging_sign.break",605
"minecraft:block.bamboo_wood_hanging_sign.fall",606
"minecraft:block.bamboo_wood_hanging_sign.hit",607
"minecraft:block.bamboo_wood_hanging_sign.place",608
"minecraft:block.bamboo_wood_hanging_sign.step",604
"minecraft:block.bamboo_wood_pressure_plate.click_off",109
"minecraft:block.bamboo_wood_pressure_plate.click_on",110
"minecraft:block.bamboo_wood_trapdoor.close",105
"minecraft:block.bamboo_wood_trapdoor.open",106
"minecraft:block.barrel.close",113
"minecraft:block.barrel.open",114
"minecraft:block.basalt.break",115
"minecraft:block.basalt.fall",119
"minecraft:block.basalt.hit",118
"minecraft:block.basalt.place",117
"minecraft:block.basalt.step",116
"minecraft:block.beacon.activate",125
"minecraft:block.beacon.ambient",126
"minecraft:block.beacon.deactivate",127
"minecraft:block.beacon.power_select",128
"minecraft:block.beehive.drip",135
"minecraft:block.beehive.enter",136
"minecraft:block.beehive.exit",137
"minecraft:block.beehive.shear",138
"minecraft:block.beehive.work",139
"minecraft:block.bell.resonate",141
"minecraft:block.bell.use",140
"minecraft:block.big_dripleaf.break",142
"minecraft:block.big_dripleaf.fall",143
"minecraft:block.big_dripleaf.hit",144
"minecraft:block.big_dripleaf.place",145
"minecraft:block.big_dripleaf.step",146
"minecraft:block.big_dripleaf.tilt_down",384
"minecraft:block.big_dripleaf.tilt_up",385
"minecraft:block.blastfurnace.fire_crackle",162
"minecraft:block.bone_block.break",154
"minecraft:block.bone_block.fall",155
"minecraft:block.bone_block.hit",156
"minecraft:block.bone_block.place",157
"minecraft:block.bone_block.step",158
"minecraft:block.brewing_stand.brew",166
"minecraft:block.bubble_column.bubble_pop",172
"minecraft:block.bubble_column.upwards_ambient",173
"minecraft:block.bubble_column.upwards_inside",174
"minecraft:block.bubble_column.whirlpool_ambient",175
"minecraft:block.bubble_column.whirlpool_inside",176
"minecraft:block.cake.add_candle",192
"minecraft:block.calcite.break",193
"minecraft:block.calcite.fall",197
"minecraft:block.calcite.hit",196
"minecraft:block.calcite.place",195
"minecraft:block.calcite.step",194
"minecraft:block.campfire.crackle",209
"minecraft:block.candle.ambient",210
"minecraft:block.candle.break",211
"minecraft:block.candle.extinguish",212
"minecraft:block.candle.fall",213
"minecraft:block.candle.hit",214
"minecraft:block.candle.place",215
"minecraft:block.candle.step",216
"minecraft:block.cave_vines.break",226
"minecraft:block.cave_vines.fall",227
"minecraft:block.cave_vines.hit",228
"minecraft:block.cave_vines.pick_berries",231
"minecraft:block.cave_vines.place",229
"minecraft:block.cave_vines.step",230
"minecraft:block.chain.break",232
"minecraft:block.chain.fall",233
"minecraft:block.chain.hit",234
"minecraft:block.chain.place",235
"minecraft:block.chain.step",236
"minecraft:block.cherry_leaves.break",247
"minecraft:block.cherry_leaves.fall",248
"minecraft:block.cherry_leaves.hit",249
"minecraft:block.cherry_leaves.place",250
"minecraft:block.cherry_leaves.step",251
"minecraft:block.cherry_sapling.break",242
"minecraft:block.cherry_sapling.fall",243
"minecraft:block.cherry_sapling.hit",244
"minecraft:block.cherry_sapling.place",245
"minecraft:block.cherry_sapling.step",246
"minecraft:block.cherry_wood.break",237
"minecraft:block.cherry_wood.fall",238
"minecraft:block.cherry_wood.hit",239
"minecraft:block.cherry_wood.place",240
"minecraft:block.cherry_wood.step",241
"minecraft:block.cherry_wood_button.click_off",261
"minecraft:block.cherry_wood_button.click_on",262
"minecraft:block.cherry_wood_door.close",257
"minecraft:block.cherry_wood_door.open",258
"minecraft:block.cherry_wood_fence_gate.close",265
"minecraft:block.cherry_wood_fence_gate.open",266
"minecraft:block.cherry_wood_hanging_sign.break",253
"minecraft:block.cherry_wood_hanging_sign.fall",254
"minecraft:block.cherry_wood_hanging_sign.hit",255
"minecraft:block.cherry_wood_hanging_sign.place",256
"minecraft:block.cherry_wood_hanging_sign.step",252
"minecraft:block.cherry_wood_pressure_plate.click_off",263
"minecraft:block.cherry_wood_pressure_plate.click_on",264
"minecraft:block.cherry_wood_trapdoor.close",259
"minecraft:block.cherry_wood_trapdoor.open",260
"minecraft:block.chest.close",267
"minecraft:block.chest.locked",268
"minecraft:block.chest.open",269
"minecraft:block.chiseled_bookshelf.break",275
"minecraft:block.chiseled_bookshelf.fall",276
"minecraft:block.chiseled_bookshelf.hit",277
"minecraft:block.chiseled_bookshelf.insert",278
"minecraft:block.chiseled_bookshelf.insert.enchanted",279
"minecraft:block.chiseled_bookshelf.pickup",281
"minecraft:block.chiseled_bookshelf.pickup.enchanted",282
"minecraft:block.chiseled_bookshelf.place",283
"minecraft:block.chiseled_bookshelf.step",280
"minecraft:block.chorus_flower.death",284
"minecraft:block.chorus_flower.grow",285
"minecraft:block.comparator.click",291
"minecraft:block.composter.empty",292
"minecraft:block.composter.fill",293
"minecraft:block.composter.fill_success",294
"minecraft:block.composter.ready",295
"minecraft:block.conduit.activate",296
"minecraft:block.conduit.ambient",297
"minecraft:block.conduit.ambient.short",298
"minecraft:block.conduit.attack.target",299
"minecraft:block.conduit.deactivate",300
"minecraft:block.copper.break",301
"minecraft:block.copper.fall",305
"minecraft:block.copper.hit",304
"minecraft:block.copper.place",303
"minecraft:block.copper.step",302
"minecraft:block.coral_block.break",306
"minecraft:block.coral_block.fall",307
"minecraft:block.coral_block.hit",308
"minecraft:block.coral_block.place",309
"minecraft:block.coral_block.step",310
"minecraft:block.crop.break",319
"minecraft:block.decorated_pot.break",329
"minecraft:block.decorated_pot.fall",330
"minecraft:block.decorated_pot.hit",331
"minecraft:block.decorated_pot.place",333
"minecraft:block.decorated_pot.shatter",334
"minecraft:block.decorated_pot.step",332
"minecraft:block.deepslate.break",340
"minecraft:block.deepslate.fall",341
"minecraft:block.deepslate.hit",342
"minecraft:block.deepslate.place",343
"minecraft:block.deepslate.step",344
"minecraft:block.deepslate_bricks.break",335
"minecraft:block.deepslate_bricks.fall",336
"minecraft:block.deepslate_bricks.hit",337
"minecraft:block.deepslate_bricks.place",338
"minecraft:block.deepslate_bricks.step",339
"minecraft:block.deepslate_tiles.break",345
"minecraft:block.deepslate_tiles.fall",346
"minecraft:block.deepslate_tiles.hit",347
"minecraft:block.deepslate_tiles.place",348
"minecraft:block.deepslate_tiles.step",349
"minecraft:block.dispenser.dispense",350
"minecraft:block.dispenser.fail",351
"minecraft:block.dispenser.launch",352
"minecraft:block.dripstone_block.break",369
"minecraft:block.dripstone_block.fall",373
"minecraft:block.dripstone_block.hit",372
"minecraft:block.dripstone_block.place",371
"minecraft:block.dripstone_block.step",370
"minecraft:block.enchantment_table.use",406
"minecraft:block.end_gateway.spawn",429
"minecraft:block.end_portal.spawn",431
"minecraft:block.end_portal_frame.fill",430
"minecraft:block.ender_chest.close",407
"minecraft:block.ender_chest.open",408
"minecraft:block.fence_gate.close",443
"minecraft:block.fence_gate.open",444
"minecraft:block.fire.ambient",454
"minecraft:block.fire.extinguish",455
"minecraft:block.flowering_azalea.break",461
"minecraft:block.flowering_azalea.fall",462
"minecraft:block.flowering_azalea.hit",463
"minecraft:block.flowering_azalea.place",464
"minecraft:block.flowering_azalea.step",465
"minecraft:block.froglight.break",487
"minecraft:block.froglight.fall",488
"minecraft:block.froglight.hit",489
"minecraft:block.froglight.place",490
"minecraft:block.froglight.step",491
"minecraft:block.frogspawn.break",493
"minecraft:block.frogspawn.fall",494
"minecraft:block.frogspawn.hatch",495
"minecraft:block.frogspawn.hit",496
"minecraft:block.frogspawn.place",497
"minecraft:block.frogspawn.step",492
"minecraft:block.fungus.break",874
"minecraft:block.fungus.fall",878
"minecraft:block.fungus.hit",877
"minecraft:block.fungus.place",876
"minecraft:block.fungus.step",875
"minecraft:block.furnace.fire_crackle",511
"minecraft:block.gilded_blackstone.break",529
"minecraft:block.gilded_blackstone.fall",530
"minecraft:block.gilded_blackstone.hit",531
"minecraft:block.gilded_blackstone.place",532
"minecraft:block.gilded_blackstone.step",533
"minecraft:block.glass.break",534
"minecraft:block.glass.fall",535
"minecraft:block.glass.hit",536
"minecraft:block.glass.place",537
"minecraft:block.glass.step",538
"minecraft:block.grass.break",569
"minecraft:block.grass.fall",570
"minecraft:block.grass.hit",571
"minecraft:block.grass.place",572
"minecraft:block.grass.step",573
"minecraft:block.gravel.break",574
"minecraft:block.gravel.fall",575
"minecraft:block.gravel.hit",576
"minecraft:block.gravel.place",577
"minecraft:block.gravel.step",578
"minecraft:block.grindstone.use",579
"minecraft:block.growing_plant.crop",580
"minecraft:block.hanging_roots.break",589
"minecraft:block.hanging_roots.fall",590
"minecraft:block.hanging_roots.hit",591
"minecraft:block.hanging_roots.place",592
"minecraft:block.hanging_roots.step",593
"minecraft:block.hanging_sign.break",595
"minecraft:block.hanging_sign.fall",596
"minecraft:block.hanging_sign.hit",597
"minecraft:block.hanging_sign.place",598
"minecraft:block.hanging_sign.step",594
"minecraft:block.honey_block.break",618
"minecraft:block.honey_block.fall",619
"minecraft:block.honey_block.hit",620
"minecraft:block.honey_block.place",621
"minecraft:block.honey_block.slide",622
"minecraft:block.honey_block.step",623
"minecraft:block.iron_door.close",666
"minecraft:block.iron_door.open",667
"minecraft:block.iron_trapdoor.close",674
"minecraft:block.iron_trapdoor.open",675
"minecraft:block.ladder.break",683
"minecraft:block.ladder.fall",684
"minecraft:block.ladder.hit",685
"minecraft:block.ladder.place",686
"minecraft:block.ladder.step",687
"minecraft:block.lantern.break",688
"minecraft:block.lantern.fall",689
"minecraft:block.lantern.hit",690
"minecraft:block.lantern.place",691
"minecraft:block.lantern.step",692
"minecraft:block.large_amethyst_bud.break",693
"minecraft:block.large_amethyst_bud.place",694
"minecraft:block.lava.ambient",695
"minecraft:block.lava.extinguish",696
"minecraft:block.lava.pop",697
"minecraft:block.lever.click",700
"minecraft:block.lily_pad.place",1362
"minecraft:block.lodestone.break",714
"minecraft:block.lodestone.fall",718
"minecraft:block.lodestone.hit",717
"minecraft:block.lodestone.place",716
"minecraft:block.lodestone.step",715
"minecraft:block.mangrove_roots.break",726
"minecraft:block.mangrove_roots.fall",727
"minecraft:block.mangrove_roots.hit",728
"minecraft:block.mangrove_roots.place",729
"minecraft:block.mangrove_roots.step",730
"minecraft:block.medium_amethyst_bud.break",731
"minecraft:block.medium_amethyst_bud.place",732
"minecraft:block.metal.break",733
"minecraft:block.metal.fall",734
"minecraft:block.metal.hit",735
"minecraft:block.metal.place",736
"minecraft:block.metal.step",739
"minecraft:block.metal_pressure_plate.click_off",737
"minecraft:block.metal_pressure_plate.click_on",738
"minecraft:block.moss.break",758
"minecraft:block.moss.fall",759
"minecraft:block.moss.hit",760
"minecraft:block.moss.place",761
"minecraft:block.moss.step",762
"minecraft:block.moss_carpet.break",748
"minecraft:block.moss_carpet.fall",749
"minecraft:block.moss_carpet.hit",750
"minecraft:block.moss_carpet.place",751
"minecraft:block.moss_carpet.step",752
"minecraft:block.mud.break",763
"minecraft:block.mud.fall",764
"minecraft:block.mud.hit",765
"minecraft:block.mud.place",766
"minecraft:block.mud.step",767
"minecraft:block.mud_bricks.break",768
"minecraft:block.mud_bricks.fall",769
"minecraft:block.mud_bricks.hit",770
"minecraft:block.mud_bricks.place",771
"minecraft:block.mud_bricks.step",772
"minecraft:block.muddy_mangrove_roots.break",773
"minecraft:block.muddy_mangrove_roots.fall",774
"minecraft:block.muddy_mangrove_roots.hit",775
"minecraft:block.muddy_mangrove_roots.place",776
"minecraft:block.muddy_mangrove_roots.step",777
"minecraft:block.nether_bricks.break",831
"minecraft:block.nether_bricks.fall",835
"minecraft:block.nether_bricks.hit",834
"minecraft:block.nether_bricks.place",833
"minecraft:block.nether_bricks.step",832
"minecraft:block.nether_gold_ore.break",1070
"minecraft:block.nether_gold_ore.fall",1071
"minecraft:block.nether_gold_ore.hit",1072
"minecraft:block.nether_gold_ore.place",1073
"minecraft:block.nether_gold_ore.step",1074
"minecraft:block.nether_ore.break",1075
"minecraft:block.nether_ore.fall",1076
"minecraft:block.nether_ore.hit",1077
"minecraft:block.nether_ore.place",1078
"minecraft:block.nether_ore.step",1079
"minecraft:block.nether_sprouts.break",869
"minecraft:block.nether_sprouts.fall",873
"minecraft:block.nether_sprouts.hit",872
"minecraft:block.nether_sprouts.place",871
"minecraft:block.nether_sprouts.step",870
"minecraft:block.nether_wart.break",836
"minecraft:block.nether_wood.break",838
"minecraft:block.nether_wood.fall",839
"minecraft:block.nether_wood.hit",840
"minecraft:block.nether_wood.place",841
"minecraft:block.nether_wood.step",842
"minecraft:block.nether_wood_button.click_off",847
"minecraft:block.nether_wood_button.click_on",848
"minecraft:block.nether_wood_door.close",843
"minecraft:block.nether_wood_door.open",844
"minecraft:block.nether_wood_fence_gate.close",851
"minecraft:block.nether_wood_fence_gate.open",852
"minecraft:block.nether_wood_hanging_sign.break",600
"minecraft:block.nether_wood_hanging_sign.fall",601
"minecraft:block.nether_wood_hanging_sign.hit",602
"minecraft:block.nether_wood_hanging_sign.place",603
"minecraft:block.nether_wood_hanging_sign.step",599
"minecraft:block.nether_wood_pressure_plate.click_off",849
"minecraft:block.nether_wood_pressure_plate.click_on",850
"minecraft:block.nether_wood_trapdoor.close",845
"minecraft:block.nether_wood_trapdoor.open",846
"minecraft:block.netherite_block.break",889
"minecraft:block.netherite_block.fall",893
"minecraft:block.netherite_block.hit",892
"minecraft:block.netherite_block.place",891
"minecraft:block.netherite_block.step",890
"minecraft:block.netherrack.break",894
"minecraft:block.netherrack.fall",898
"minecraft:block.netherrack.hit",897
"minecraft:block.netherrack.place",896
"minecraft:block.netherrack.step",895
"minecraft:block.note_block.banjo",914
"minecraft:block.note_block.basedrum",899
"minecraft:block.note_block.bass",900
"minecraft:block.note_block.bell",901
"minecraft:block.note_block.bit",913
"minecraft:block.note_block.chime",902
"minecraft:block.note_block.cow_bell",911
"minecraft:block.note_block.didgeridoo",912
"minecraft:block.note_block.flute",903
"minecraft:block.note_block.guitar",904
"minecraft:block.note_block.harp",905
"minecraft:block.note_block.hat",906
"minecraft:block.note_block.imitate.creeper",917
"minecraft:block.note_block.imitate.ender_dragon",918
"minecraft:block.note_block.imitate.piglin",920
"minecraft:block.note_block.imitate.skeleton",916
"minecraft:block.note_block.imitate.wither_skeleton",919
"minecraft:block.note_block.imitate.zombie",915
"minecraft:block.note_block.iron_xylophone",910
"minecraft:block.note_block.pling",907
"minecraft:block.note_block.snare",908
"minecraft:block.note_block.xylophone",909
"minecraft:block.nylium.break",864
"minecraft:block.nylium.fall",868
"minecraft:block.nylium.hit",867
"minecraft:block.nylium.place",866
"minecraft:block.nylium.step",865
"minecraft:block.packed_mud.break",854
"minecraft:block.packed_mud.fall",855
"minecraft:block.packed_mud.hit",856
"minecraft:block.packed_mud.place",857
"minecraft:block.packed_mud.step",858
"minecraft:block.pink_petals.break",753
"minecraft:block.pink_petals.fall",754
"minecraft:block.pink_petals.hit",755
"minecraft:block.pink_petals.place",756
"minecraft:block.pink_petals.step",757
"minecraft:block.piston.contract",1007
"minecraft:block.piston.extend",1008
"minecraft:block.pointed_dripstone.break",374
"minecraft:block.pointed_dripstone.drip_lava",380
"minecraft:block.pointed_dripstone.drip_lava_into_cauldron",382
"minecraft:block.pointed_dripstone.drip_water",381
"minecraft:block.pointed_dripstone.drip_water_into_cauldron",383
"minecraft:block.pointed_dripstone.fall",378
"minecraft:block.pointed_dripstone.hit",377
"minecraft:block.pointed_dripstone.land",379
"minecraft:block.pointed_dripstone.place",376
"minecraft:block.pointed_dripstone.step",375
"minecraft:block.polished_deepslate.break",1035
"minecraft:block.polished_deepslate.fall",1036
"minecraft:block.polished_deepslate.hit",1037
"minecraft:block.polished_deepslate.place",1038
"minecraft:block.polished_deepslate.step",1039
"minecraft:block.portal.ambient",1040
"minecraft:block.portal.travel",1041
"minecraft:block.portal.trigger",1042
"minecraft:block.powder_snow.break",1043
"minecraft:block.powder_snow.fall",1044
"minecraft:block.powder_snow.hit",1045
"minecraft:block.powder_snow.place",1046
"minecraft:block.powder_snow.step",1047
"minecraft:block.pumpkin.carve",1055
"minecraft:block.redstone_torch.burnout",1080
"minecraft:block.respawn_anchor.ambient",1081
"minecraft:block.respawn_anchor.charge",1082
"minecraft:block.respawn_anchor.deplete",1083
"minecraft:block.respawn_anchor.set_spawn",1084
"minecraft:block.rooted_dirt.break",1085
"minecraft:block.rooted_dirt.fall",1086
"minecraft:block.rooted_dirt.hit",1087
"minecraft:block.rooted_dirt.place",1088
"minecraft:block.rooted_dirt.step",1089
"minecraft:block.roots.break",506
"minecraft:block.roots.fall",510
"minecraft:block.roots.hit",509
"minecraft:block.roots.place",508
"minecraft:block.roots.step",507
"minecraft:block.sand.break",1094
"minecraft:block.sand.fall",1095
"minecraft:block.sand.hit",1096
"minecraft:block.sand.place",1097
"minecraft:block.sand.step",1098
"minecraft:block.scaffolding.break",1099
"minecraft:block.scaffolding.fall",1100
"minecraft:block.scaffolding.hit",1101
"minecraft:block.scaffolding.place",1102
"minecraft:block.scaffolding.step",1103
"minecraft:block.sculk.break",1106
"minecraft:block.sculk.charge",1105
"minecraft:block.sculk.fall",1107
"minecraft:block.sculk.hit",1108
"minecraft:block.sculk.place",1109
"minecraft:block.sculk.spread",1104
"minecraft:block.sculk.step",1110
"minecraft:block.sculk_catalyst.bloom",1111
"minecraft:block.sculk_catalyst.break",1112
"minecraft:block.sculk_catalyst.fall",1113
"minecraft:block.sculk_catalyst.hit",1114
"minecraft:block.sculk_catalyst.place",1115
"minecraft:block.sculk_catalyst.step",1116
"minecraft:block.sculk_sensor.break",1119
"minecraft:block.sculk_sensor.clicking",1117
"minecraft:block.sculk_sensor.clicking_stop",1118
"minecraft:block.sculk_sensor.fall",1120
"minecraft:block.sculk_sensor.hit",1121
"minecraft:block.sculk_sensor.place",1122
"minecraft:block.sculk_sensor.step",1123
"minecraft:block.sculk_shrieker.break",1124
"minecraft:block.sculk_shrieker.fall",1125
"minecraft:block.sculk_shrieker.hit",1126
"minecraft:block.sculk_shrieker.place",1127
"minecraft:block.sculk_shrieker.shriek",1128
"minecraft:block.sculk_shrieker.step",1129
"minecraft:block.sculk_vein.break",1130
"minecraft:block.sculk_vein.fall",1131
"minecraft:block.sculk_vein.hit",1132
"minecraft:block.sculk_vein.place",1133
"minecraft:block.sculk_vein.step",1134
"minecraft:block.shroomlight.break",1142
"minecraft:block.shroomlight.fall",1146
"minecraft:block.shroomlight.hit",1145
"minecraft:block.shroomlight.place",1144
"minecraft:block.shroomlight.step",1143
"minecraft:block.shulker_box.close",1149
"minecraft:block.shulker_box.open",1150
"minecraft:block.sign.waxed_interact_fail",1393
"minecraft:block.slime_block.break",1183
"minecraft:block.slime_block.fall",1184
"minecraft:block.slime_block.hit",1185
"minecraft:block.slime_block.place",1186
"minecraft:block.slime_block.step",1187
"minecraft:block.small_amethyst_bud.break",1188
"minecraft:block.small_amethyst_bud.place",1189
"minecraft:block.small_dripleaf.break",1190
"minecraft:block.small_dripleaf.fall",1191
"minecraft:block.small_dripleaf.hit",1192
"minecraft:block.small_dripleaf.place",1193
"minecraft:block.small_dripleaf.step",1194
"minecraft:block.smithing_table.use",1224
"minecraft:block.smoker.smoke",1225
"minecraft:block.sniffer_egg.crack",1239
"minecraft:block.sniffer_egg.hatch",1240
"minecraft:block.sniffer_egg.plop",1238
"minecraft:block.snow.break",1242
"minecraft:block.snow.fall",1243
"minecraft:block.snow.hit",1249
"minecraft:block.snow.place",1250
"minecraft:block.snow.step",1251
"minecraft:block.soul_sand.break",1195
"minecraft:block.soul_sand.fall",1199
"minecraft:block.soul_sand.hit",1198
"minecraft:block.soul_sand.place",1197
"minecraft:block.soul_sand.step",1196
"minecraft:block.soul_soil.break",1200
"minecraft:block.soul_soil.fall",1204
"minecraft:block.soul_soil.hit",1203
"minecraft:block.soul_soil.place",1202
"minecraft:block.soul_soil.step",1201
"minecraft:block.spore_blossom.break",1206
"minecraft:block.spore_blossom.fall",1207
"minecraft:block.spore_blossom.hit",1208
"minecraft:block.spore_blossom.place",1209
"minecraft:block.spore_blossom.step",1210
"minecraft:block.stem.break",859
"minecraft:block.stem.fall",863
"minecraft:block.stem.hit",862
"minecraft:block.stem.place",861
"minecraft:block.stem.step",860
"minecraft:block.stone.break",1264
"minecraft:block.stone.fall",1267
"minecraft:block.stone.hit",1268
"minecraft:block.stone.place",1269
"minecraft:block.stone.step",1272
"minecraft:block.stone_button.click_off",1265
"minecraft:block.stone_button.click_on",1266
"minecraft:block.stone_pressure_plate.click_off",1270
"minecraft:block.stone_pressure_plate.click_on",1271
"minecraft:block.suspicious_gravel.break",482
"minecraft:block.suspicious_gravel.fall",486
"minecraft:block.suspicious_gravel.hit",485
"minecraft:block.suspicious_gravel.place",484
"minecraft:block.suspicious_gravel.step",483
"minecraft:block.suspicious_sand.break",477
"minecraft:block.suspicious_sand.fall",481
"minecraft:block.suspicious_sand.hit",480
"minecraft:block.suspicious_sand.place",479
"minecraft:block.suspicious_sand.step",478
"minecraft:block.sweet_berry_bush.break",1277
"minecraft:block.sweet_berry_bush.pick_berries",1279
"minecraft:block.sweet_berry_bush.place",1278
"minecraft:block.tripwire.attach",1295
"minecraft:block.tripwire.click_off",1296
"minecraft:block.tripwire.click_on",1297
"minecraft:block.tripwire.detach",1298
"minecraft:block.tuff.break",1303
"minecraft:block.tuff.fall",1307
"minecraft:block.tuff.hit",1306
"minecraft:block.tuff.place",1305
"minecraft:block.tuff.step",1304
"minecraft:block.vine.break",1357
"minecraft:block.vine.fall",1358
"minecraft:block.vine.hit",1359
"minecraft:block.vine.place",1360
"minecraft:block.vine.step",1361
"minecraft:block.wart_block.break",884
"minecraft:block.wart_block.fall",888
"minecraft:block.wart_block.hit",887
"minecraft:block.wart_block.place",886
"minecraft:block.wart_block.step",885
"minecraft:block.water.ambient",1394
"minecraft:block.weeping_vines.break",879
"minecraft:block.weeping_vines.fall",883
"minecraft:block.weeping_vines.hit",882
"minecraft:block.weeping_vines.place",881
"minecraft:block.weeping_vines.step",880
"minecraft:block.wet_grass.break",1397
"minecraft:block.wet_grass.fall",1398
"minecraft:block.wet_grass.hit",1399
"minecraft:block.wet_grass.place",1400
"minecraft:block.wet_grass.step",1401
"minecraft:block.wood.break",1435
"minecraft:block.wood.fall",1436
"minecraft:block.wood.hit",1437
"minecraft:block.wood.place",1438
"minecraft:block.wood.step",1439
"minecraft:block.wooden_button.click_off",1431
"minecraft:block.wooden_button.click_on",1432
"minecraft:block.wooden_door.close",1427
"minecraft:block.wooden_door.open",1428
"minecraft:block.wooden_pressure_plate.click_off",1433
"minecraft:block.wooden_pressure_plate.click_on",1434
"minecraft:block.wooden_trapdoor.close",1429
"minecraft:block.wooden_trapdoor.open",1430
"minecraft:block.wool.break",1440
"minecraft:block.wool.fall",1441
"minecraft:block.wool.hit",1442
"minecraft:block.wool.place",1443
"minecraft:block.wool.step",1444
"minecraft:enchant.thorns.hit",1284
"minecraft:entity.allay.ambient_with_item",0
"minecraft:entity.allay.ambient_without_item",1
"minecraft:entity.allay.death",2
"minecraft:entity.allay.hurt",3
"minecraft:entity.allay.item_given",4
"minecraft:entity.allay.item_taken",5
"minecraft:entity.allay.item_thrown",6
"minecraft:entity.armor_stand.break",63
"minecraft:entity.armor_stand.fall",64
"minecraft:entity.armor_stand.hit",65
"minecraft:entity.armor_stand.place",66
"minecraft:entity.arrow.hit",67
"minecraft:entity.arrow.hit_player",68
"minecraft:entity.arrow.shoot",69
"minecraft:entity.axolotl.attack",73
"minecraft:entity.axolotl.death",74
"minecraft:entity.axolotl.hurt",75
"minecraft:entity.axolotl.idle_air",76
"minecraft:entity.axolotl.idle_water",77
"minecraft:entity.axolotl.splash",78
"minecraft:entity.axolotl.swim",79
"minecraft:entity.bat.ambient",120
"minecraft:entity.bat.death",121
"minecraft:entity.bat.hurt",122
"minecraft:entity.bat.loop",123
"minecraft:entity.bat.takeoff",124
"minecraft:entity.bee.death",129
"minecraft:entity.bee.hurt",130
"minecraft:entity.bee.loop",132
"minecraft:entity.bee.loop_aggressive",131
"minecraft:entity.bee.pollinate",134
"minecraft:entity.bee.sting",133
"minecraft:entity.blaze.ambient",147
"minecraft:entity.blaze.burn",148
"minecraft:entity.blaze.death",149
"minecraft:entity.blaze.hurt",150
"minecraft:entity.blaze.shoot",151
"minecraft:entity.boat.paddle_land",152
"minecraft:entity.boat.paddle_water",153
"minecraft:entity.camel.ambient",198
"minecraft:entity.camel.dash",199
"minecraft:entity.camel.dash_ready",200
"minecraft:entity.camel.death",201
"minecraft:entity.camel.eat",202
"minecraft:entity.camel.hurt",203
"minecraft:entity.camel.saddle",204
"minecraft:entity.camel.sit",205
"minecraft:entity.camel.stand",206
"minecraft:entity.camel.step",207
"minecraft:entity.camel.step_sand",208
"minecraft:entity.cat.ambient",217
"minecraft:entity.cat.beg_for_food",222
"minecraft:entity.cat.death",219
"minecraft:entity.cat.eat",220
"minecraft:entity.cat.hiss",221
"minecraft:entity.cat.hurt",223
"minecraft:entity.cat.purr",224
"minecraft:entity.cat.purreow",225
"minecraft:entity.cat.stray_ambient",218
"minecraft:entity.chicken.ambient",270
"minecraft:entity.chicken.death",271
"minecraft:entity.chicken.egg",272
"minecraft:entity.chicken.hurt",273
"minecraft:entity.chicken.step",274
"minecraft:entity.cod.ambient",287
"minecraft:entity.cod.death",288
"minecraft:entity.cod.flop",289
"minecraft:entity.cod.hurt",290
"minecraft:entity.cow.ambient",311
"minecraft:entity.cow.death",312
"minecraft:entity.cow.hurt",313
"minecraft:entity.cow.milk",314
"minecraft:entity.cow.step",315
"minecraft:entity.creeper.death",316
"minecraft:entity.creeper.hurt",317
"minecraft:entity.creeper.primed",318
"minecraft:entity.dolphin.ambient",353
"minecraft:entity.dolphin.ambient_water",354
"minecraft:entity.dolphin.attack",355
"minecraft:entity.dolphin.death",356
"minecraft:entity.dolphin.eat",357
"minecraft:entity.dolphin.hurt",358
"minecraft:entity.dolphin.jump",359
"minecraft:entity.dolphin.play",360
"minecraft:entity.dolphin.splash",361
"minecraft:entity.dolphin.swim",362
"minecraft:entity.donkey.ambient",363
"minecraft:entity.donkey.angry",364
"minecraft:entity.donkey.chest",365
"minecraft:entity.donkey.death",366
"minecraft:entity.donkey.eat",367
"minecraft:entity.donkey.hurt",368
"minecraft:entity.dragon_fireball.explode",411
"minecraft:entity.drowned.ambient",386
"minecraft:entity.drowned.ambient_water",387
"minecraft:entity.drowned.death",388
"minecraft:entity.drowned.death_water",389
"minecraft:entity.drowned.hurt",390
"minecraft:entity.drowned.hurt_water",391
"minecraft:entity.drowned.shoot",392
"minecraft:entity.drowned.step",393
"minecraft:entity.drowned.swim",394
"minecraft:entity.egg.throw",396
"minecraft:entity.elder_guardian.ambient",397
"minecraft:entity.elder_guardian.ambient_land",398
"minecraft:entity.elder_guardian.curse",399
"minecraft:entity.elder_guardian.death",400
"minecraft:entity.elder_guardian.death_land",401
"minecraft:entity.elder_guardian.flop",402
"minecraft:entity.elder_guardian.hurt",403
"minecraft:entity.elder_guardian.hurt_land",404
"minecraft:entity.ender_dragon.ambient",409
"minecraft:entity.ender_dragon.death",410
"minecraft:entity.ender_dragon.flap",412
"minecraft:entity.ender_dragon.growl",413
"minecraft:entity.ender_dragon.hurt",414
"minecraft:entity.ender_dragon.shoot",415
"minecraft:entity.ender_eye.death",416
"minecraft:entity.ender_eye.launch",417
"minecraft:entity.ender_pearl.throw",428
"minecraft:entity.enderman.ambient",418
"minecraft:entity.enderman.death",419
"minecraft:entity.enderman.hurt",420
"minecraft:entity.enderman.scream",421
"minecraft:entity.enderman.stare",422
"minecraft:entity.enderman.teleport",423
"minecraft:entity.endermite.ambient",424
"minecraft:entity.endermite.death",425
"minecraft:entity.endermite.hurt",426
"minecraft:entity.endermite.step",427
"minecraft:entity.evoker.ambient",432
"minecraft:entity.evoker.cast_spell",433
"minecraft:entity.evoker.celebrate",434
"minecraft:entity.evoker.death",435
"minecraft:entity.evoker.hurt",437
"minecraft:entity.evoker.prepare_attack",438
"minecraft:entity.evoker.prepare_summon",439
"minecraft:entity.evoker.prepare_wololo",440
"minecraft:entity.evoker_fangs.attack",436
"minecraft:entity.experience_bottle.throw",441
"minecraft:entity.experience_orb.pickup",442
"minecraft:entity.firework_rocket.blast",446
"minecraft:entity.firework_rocket.blast_far",447
"minecraft:entity.firework_rocket.large_blast",448
"minecraft:entity.firework_rocket.large_blast_far",449
"minecraft:entity.firework_rocket.launch",450
"minecraft:entity.firework_rocket.shoot",451
"minecraft:entity.firework_rocket.twinkle",452
"minecraft:entity.firework_rocket.twinkle_far",453
"minecraft:entity.fish.swim",456
"minecraft:entity.fishing_bobber.retrieve",457
"minecraft:entity.fishing_bobber.splash",458
"minecraft:entity.fishing_bobber.throw",459
"minecraft:entity.fox.aggro",466
"minecraft:entity.fox.ambient",467
"minecraft:entity.fox.bite",468
"minecraft:entity.fox.death",469
"minecraft:entity.fox.eat",470
"minecraft:entity.fox.hurt",471
"minecraft:entity.fox.screech",472
"minecraft:entity.fox.sleep",473
"minecraft:entity.fox.sniff",474
"minecraft:entity.fox.spit",475
"minecraft:entity.fox.teleport",476
"minecraft:entity.frog.ambient",498
"minecraft:entity.frog.death",499
"minecraft:entity.frog.eat",500
"minecraft:entity.frog.hurt",501
"minecraft:entity.frog.lay_spawn",502
"minecraft:entity.frog.long_jump",503
"minecraft:entity.frog.step",504
"minecraft:entity.frog.tongue",505
"minecraft:entity.generic.big_fall",512
"minecraft:entity.generic.burn",513
"minecraft:entity.generic.death",514
"minecraft:entity.generic.drink",515
"minecraft:entity.generic.eat",516
"minecraft:entity.generic.explode",517
"minecraft:entity.generic.extinguish_fire",518
"minecraft:entity.generic.hurt",519
"minecraft:entity.generic.small_fall",520
"minecraft:entity.generic.splash",521
"minecraft:entity.generic.swim",522
"minecraft:entity.ghast.ambient",523
"minecraft:entity.ghast.death",524
"minecraft:entity.ghast.hurt",525
"minecraft:entity.ghast.scream",526
"minecraft:entity.ghast.shoot",527
"minecraft:entity.ghast.warn",528
"minecraft:entity.glow_item_frame.add_item",540
"minecraft:entity.glow_item_frame.break",541
"minecraft:entity.glow_item_frame.place",542
"minecraft:entity.glow_item_frame.remove_item",543
"minecraft:entity.glow_item_frame.rotate_item",544
"minecraft:entity.glow_squid.ambient",545
"minecraft:entity.glow_squid.death",546
"minecraft:entity.glow_squid.hurt",547
"minecraft:entity.glow_squid.squirt",548
"minecraft:entity.goat.ambient",549
"minecraft:entity.goat.death",550
"minecraft:entity.goat.eat",551
"minecraft:entity.goat.horn_break",557
"minecraft:entity.goat.hurt",552
"minecraft:entity.goat.long_jump",553
"minecraft:entity.goat.milk",554
"minecraft:entity.goat.prepare_ram",555
"minecraft:entity.goat.ram_impact",556
"minecraft:entity.goat.screaming.ambient",559
"minecraft:entity.goat.screaming.death",560
"minecraft:entity.goat.screaming.eat",561
"minecraft:entity.goat.screaming.horn_break",567
"minecraft:entity.goat.screaming.hurt",562
"minecraft:entity.goat.screaming.long_jump",563
"minecraft:entity.goat.screaming.milk",564
"minecraft:entity.goat.screaming.prepare_ram",565
"minecraft:entity.goat.screaming.ram_impact",566
"minecraft:entity.goat.step",568
"minecraft:entity.guardian.ambient",581
"minecraft:entity.guardian.ambient_land",582
"minecraft:entity.guardian.attack",583
"minecraft:entity.guardian.death",584
"minecraft:entity.guardian.death_land",585
"minecraft:entity.guardian.flop",586
"minecraft:entity.guardian.hurt",587
"minecraft:entity.guardian.hurt_land",588
"minecraft:entity.hoglin.ambient",610
"minecraft:entity.hoglin.angry",611
"minecraft:entity.hoglin.attack",612
"minecraft:entity.hoglin.converted_to_zombified",613
"minecraft:entity.hoglin.death",614
"minecraft:entity.hoglin.hurt",615
"minecraft:entity.hoglin.retreat",616
"minecraft:entity.hoglin.step",617
"minecraft:entity.horse.ambient",634
"minecraft:entity.horse.angry",635
"minecraft:entity.horse.armor",636
"minecraft:entity.horse.breathe",637
"minecraft:entity.horse.death",638
"minecraft:entity.horse.eat",639
"minecraft:entity.horse.gallop",640
"minecraft:entity.horse.hurt",641
"minecraft:entity.horse.jump",642
"minecraft:entity.horse.land",643
"minecraft:entity.horse.saddle",644
"minecraft:entity.horse.step",645
"minecraft:entity.horse.step_wood",646
"minecraft:entity.hostile.big_fall",647
"minecraft:entity.hostile.death",648
"minecraft:entity.hostile.hurt",649
"minecraft:entity.hostile.small_fall",650
"minecraft:entity.hostile.splash",651
"minecraft:entity.hostile.swim",652
"minecraft:entity.husk.ambient",653
"minecraft:entity.husk.converted_to_zombie",654
"minecraft:entity.husk.death",655
"minecraft:entity.husk.hurt",656
"minecraft:entity.husk.step",657
"minecraft:entity.illusioner.ambient",658
"minecraft:entity.illusioner.cast_spell",659
"minecraft:entity.illusioner.death",660
"minecraft:entity.illusioner.hurt",661
"minecraft:entity.illusioner.mirror_move",662
"minecraft:entity.illusioner.prepare_blindness",663
"minecraft:entity.illusioner.prepare_mirror",664
"minecraft:entity.iron_golem.attack",668
"minecraft:entity.iron_golem.damage",669
"minecraft:entity.iron_golem.death",670
"minecraft:entity.iron_golem.hurt",671
"minecraft:entity.iron_golem.repair",672
"minecraft:entity.iron_golem.step",673
"minecraft:entity.item.break",681
"minecraft:entity.item.pickup",682
"minecraft:entity.item_frame.add_item",676
"minecraft:entity.item_frame.break",677
"minecraft:entity.item_frame.place",678
"minecraft:entity.item_frame.remove_item",679
"minecraft:entity.item_frame.rotate_item",680
"minecraft:entity.leash_knot.break",698
"minecraft:entity.leash_knot.place",699
"minecraft:entity.lightning_bolt.impact",701
"minecraft:entity.lightning_bolt.thunder",702
"minecraft:entity.lingering_potion.throw",703
"minecraft:entity.llama.ambient",704
"minecraft:entity.llama.angry",705
"minecraft:entity.llama.chest",706
"minecraft:entity.llama.death",707
"minecraft:entity.llama.eat",708
"minecraft:entity.llama.hurt",709
"minecraft:entity.llama.spit",710
"minecraft:entity.llama.step",711
"minecraft:entity.llama.swag",712
"minecraft:entity.magma_cube.death",720
"minecraft:entity.magma_cube.death_small",713
"minecraft:entity.magma_cube.hurt",721
"minecraft:entity.magma_cube.hurt_small",722
"minecraft:entity.magma_cube.jump",723
"minecraft:entity.magma_cube.squish",724
"minecraft:entity.magma_cube.squish_small",725
"minecraft:entity.minecart.inside",741
"minecraft:entity.minecart.inside.underwater",740
"minecraft:entity.minecart.riding",742
"minecraft:entity.mooshroom.convert",743
"minecraft:entity.mooshroom.eat",744
"minecraft:entity.mooshroom.milk",745
"minecraft:entity.mooshroom.shear",747
"minecraft:entity.mooshroom.suspicious_milk",746
"minecraft:entity.mule.ambient",778
"minecraft:entity.mule.angry",779
"minecraft:entity.mule.chest",780
"minecraft:entity.mule.death",781
"minecraft:entity.mule.eat",782
"minecraft:entity.mule.hurt",783
"minecraft:entity.ocelot.ambient",922
"minecraft:entity.ocelot.death",923
"minecraft:entity.ocelot.hurt",921
"minecraft:entity.painting.break",924
"minecraft:entity.painting.place",925
"minecraft:entity.panda.aggressive_ambient",933
"minecraft:entity.panda.ambient",928
"minecraft:entity.panda.bite",936
"minecraft:entity.panda.cant_breed",932
"minecraft:entity.panda.death",929
"minecraft:entity.panda.eat",930
"minecraft:entity.panda.hurt",935
"minecraft:entity.panda.pre_sneeze",926
"minecraft:entity.panda.sneeze",927
"minecraft:entity.panda.step",931
"minecraft:entity.panda.worried_ambient",934
"minecraft:entity.parrot.ambient",937
"minecraft:entity.parrot.death",938
"minecraft:entity.parrot.eat",939
"minecraft:entity.parrot.fly",940
"minecraft:entity.parrot.hurt",941
"minecraft:entity.parrot.imitate.blaze",942
"minecraft:entity.parrot.imitate.creeper",943
"minecraft:entity.parrot.imitate.drowned",944
"minecraft:entity.parrot.imitate.elder_guardian",945
"minecraft:entity.parrot.imitate.ender_dragon",946
"minecraft:entity.parrot.imitate.endermite",947
"minecraft:entity.parrot.imitate.evoker",948
"minecraft:entity.parrot.imitate.ghast",949
"minecraft:entity.parrot.imitate.guardian",950
"minecraft:entity.parrot.imitate.hoglin",951
"minecraft:entity.parrot.imitate.husk",952
"minecraft:entity.parrot.imitate.illusioner",953
"minecraft:entity.parrot.imitate.magma_cube",954
"minecraft:entity.parrot.imitate.phantom",955
"minecraft:entity.parrot.imitate.piglin",956
"minecraft:entity.parrot.imitate.piglin_brute",957
"minecraft:entity.parrot.imitate.pillager",958
"minecraft:entity.parrot.imitate.ravager",959
"minecraft:entity.parrot.imitate.shulker",960
"minecraft:entity.parrot.imitate.silverfish",961
"minecraft:entity.parrot.imitate.skeleton",962
"minecraft:entity.parrot.imitate.slime",963
"minecraft:entity.parrot.imitate.spider",964
"minecraft:entity.parrot.imitate.stray",965
"minecraft:entity.parrot.imitate.vex",966
"minecraft:entity.parrot.imitate.vindicator",967
"minecraft:entity.parrot.imitate.warden",968
"minecraft:entity.parrot.imitate.witch",969
"minecraft:entity.parrot.imitate.wither",970
"minecraft:entity.parrot.imitate.wither_skeleton",971
"minecraft:entity.parrot.imitate.zoglin",972
"minecraft:entity.parrot.imitate.zombie",973
"minecraft:entity.parrot.imitate.zombie_villager",974
"minecraft:entity.parrot.step",975
"minecraft:entity.phantom.ambient",976
"minecraft:entity.phantom.bite",977
"minecraft:entity.phantom.death",978
"minecraft:entity.phantom.flap",979
"minecraft:entity.phantom.hurt",980
"minecraft:entity.phantom.swoop",981
"minecraft:entity.pig.ambient",982
"minecraft:entity.pig.death",983
"minecraft:entity.pig.hurt",984
"minecraft:entity.pig.saddle",985
"minecraft:entity.pig.step",986
"minecraft:entity.piglin.admiring_item",987
"minecraft:entity.piglin.ambient",988
"minecraft:entity.piglin.angry",989
"minecraft:entity.piglin.celebrate",990
"minecraft:entity.piglin.converted_to_zombified",996
"minecraft:entity.piglin.death",991
"minecraft:entity.piglin.hurt",993
"minecraft:entity.piglin.jealous",992
"minecraft:entity.piglin.retreat",994
"minecraft:entity.piglin.step",995
"minecraft:entity.piglin_brute.ambient",997
"minecraft:entity.piglin_brute.angry",998
"minecraft:entity.piglin_brute.converted_to_zombified",1002
"minecraft:entity.piglin_brute.death",999
"minecraft:entity.piglin_brute.hurt",1000
"minecraft:entity.piglin_brute.step",1001
"minecraft:entity.pillager.ambient",1003
"minecraft:entity.pillager.celebrate",1004
"minecraft:entity.pillager.death",1005
"minecraft:entity.pillager.hurt",1006
"minecraft:entity.player.attack.crit",1009
"minecraft:entity.player.attack.knockback",1010
"minecraft:entity.player.attack.nodamage",1011
"minecraft:entity.player.attack.strong",1012
"minecraft:entity.player.attack.sweep",1013
"minecraft:entity.player.attack.weak",1014
"minecraft:entity.player.big_fall",1015
"minecraft:entity.player.breath",1016
"minecraft:entity.player.burp",1017
"minecraft:entity.player.death",1018
"minecraft:entity.player.hurt",1019
"minecraft:entity.player.hurt_drown",1020
"minecraft:entity.player.hurt_freeze",1021
"minecraft:entity.player.hurt_on_fire",1022
"minecraft:entity.player.hurt_sweet_berry_bush",1023
"minecraft:entity.player.levelup",1024
"minecraft:entity.player.small_fall",1025
"minecraft:entity.player.splash",1026
"minecraft:entity.player.splash.high_speed",1027
"minecraft:entity.player.swim",1028
"minecraft:entity.polar_bear.ambient",1029
"minecraft:entity.polar_bear.ambient_baby",1030
"minecraft:entity.polar_bear.death",1031
"minecraft:entity.polar_bear.hurt",1032
"minecraft:entity.polar_bear.step",1033
"minecraft:entity.polar_bear.warning",1034
"minecraft:entity.puffer_fish.ambient",1048
"minecraft:entity.puffer_fish.blow_out",1049
"minecraft:entity.puffer_fish.blow_up",1050
"minecraft:entity.puffer_fish.death",1051
"minecraft:entity.puffer_fish.flop",1052
"minecraft:entity.puffer_fish.hurt",1053
"minecraft:entity.puffer_fish.sting",1054
"minecraft:entity.rabbit.ambient",1056
"minecraft:entity.rabbit.attack",1057
"minecraft:entity.rabbit.death",1058
"minecraft:entity.rabbit.hurt",1059
"minecraft:entity.rabbit.jump",1060
"minecraft:entity.ravager.ambient",1062
"minecraft:entity.ravager.attack",1063
"minecraft:entity.ravager.celebrate",1064
"minecraft:entity.ravager.death",1065
"minecraft:entity.ravager.hurt",1066
"minecraft:entity.ravager.roar",1069
"minecraft:entity.ravager.step",1067
"minecraft:entity.ravager.stunned",1068
"minecraft:entity.salmon.ambient",1090
"minecraft:entity.salmon.death",1091
"minecraft:entity.salmon.flop",1092
"minecraft:entity.salmon.hurt",1093
"minecraft:entity.sheep.ambient",1135
"minecraft:entity.sheep.death",1136
"minecraft:entity.sheep.hurt",1137
"minecraft:entity.sheep.shear",1138
"minecraft:entity.sheep.step",1139
"minecraft:entity.shulker.ambient",1148
"minecraft:entity.shulker.close",1153
"minecraft:entity.shulker.death",1154
"minecraft:entity.shulker.hurt",1155
"minecraft:entity.shulker.hurt_closed",1156
"minecraft:entity.shulker.open",1157
"minecraft:entity.shulker.shoot",1158
"minecraft:entity.shulker.teleport",1159
"minecraft:entity.shulker_bullet.hit",1151
"minecraft:entity.shulker_bullet.hurt",1152
"minecraft:entity.silverfish.ambient",1160
"minecraft:entity.silverfish.death",1161
"minecraft:entity.silverfish.hurt",1162
"minecraft:entity.silverfish.step",1163
"minecraft:entity.skeleton.ambient",1164
"minecraft:entity.skeleton.converted_to_stray",1165
"minecraft:entity.skeleton.death",1166
"minecraft:entity.skeleton.hurt",1175
"minecraft:entity.skeleton.shoot",1176
"minecraft:entity.skeleton.step",1177
"minecraft:entity.skeleton_horse.ambient",1167
"minecraft:entity.skeleton_horse.ambient_water",1171
"minecraft:entity.skeleton_horse.death",1168
"minecraft:entity.skeleton_horse.gallop_water",1172
"minecraft:entity.skeleton_horse.hurt",1169
"minecraft:entity.skeleton_horse.jump_water",1173
"minecraft:entity.skeleton_horse.step_water",1174
"minecraft:entity.skeleton_horse.swim",1170
"minecraft:entity.slime.attack",1178
"minecraft:entity.slime.death",1179
"minecraft:entity.slime.death_small",1220
"minecraft:entity.slime.hurt",1180
"minecraft:entity.slime.hurt_small",1221
"minecraft:entity.slime.jump",1181
"minecraft:entity.slime.jump_small",1222
"minecraft:entity.slime.squish",1182
"minecraft:entity.slime.squish_small",1223
"minecraft:entity.sniffer.death",1230
"minecraft:entity.sniffer.digging",1235
"minecraft:entity.sniffer.digging_stop",1236
"minecraft:entity.sniffer.drop_seed",1231
"minecraft:entity.sniffer.eat",1227
"minecraft:entity.sniffer.happy",1237
"minecraft:entity.sniffer.hurt",1229
"minecraft:entity.sniffer.idle",1228
"minecraft:entity.sniffer.scenting",1232
"minecraft:entity.sniffer.searching",1234
"minecraft:entity.sniffer.sniffing",1233
"minecraft:entity.sniffer.step",1226
"minecraft:entity.snow_golem.ambient",1244
"minecraft:entity.snow_golem.death",1245
"minecraft:entity.snow_golem.hurt",1246
"minecraft:entity.snow_golem.shear",1248
"minecraft:entity.snow_golem.shoot",1247
"minecraft:entity.snowball.throw",1241
"minecraft:entity.spider.ambient",1252
"minecraft:entity.spider.death",1253
"minecraft:entity.spider.hurt",1254
"minecraft:entity.spider.step",1255
"minecraft:entity.splash_potion.break",1256
"minecraft:entity.splash_potion.throw",1257
"minecraft:entity.squid.ambient",1260
"minecraft:entity.squid.death",1261
"minecraft:entity.squid.hurt",1262
"minecraft:entity.squid.squirt",1263
"minecraft:entity.stray.ambient",1273
"minecraft:entity.stray.death",1274
"minecraft:entity.stray.hurt",1275
"minecraft:entity.stray.step",1276
"minecraft:entity.strider.ambient",1211
"minecraft:entity.strider.death",1214
"minecraft:entity.strider.eat",1218
"minecraft:entity.strider.happy",1212
"minecraft:entity.strider.hurt",1215
"minecraft:entity.strider.retreat",1213
"minecraft:entity.strider.saddle",1219
"minecraft:entity.strider.step",1216
"minecraft:entity.strider.step_lava",1217
"minecraft:entity.tadpole.death",1280
"minecraft:entity.tadpole.flop",1281
"minecraft:entity.tadpole.grow_up",1282
"minecraft:entity.tadpole.hurt",1283
"minecraft:entity.tnt.primed",1285
"minecraft:entity.tropical_fish.ambient",1299
"minecraft:entity.tropical_fish.death",1300
"minecraft:entity.tropical_fish.flop",1301
"minecraft:entity.tropical_fish.hurt",1302
"minecraft:entity.turtle.ambient_land",1308
"minecraft:entity.turtle.death",1309
"minecraft:entity.turtle.death_baby",1310
"minecraft:entity.turtle.egg_break",1311
"minecraft:entity.turtle.egg_crack",1312
"minecraft:entity.turtle.egg_hatch",1313
"minecraft:entity.turtle.hurt",1314
"minecraft:entity.turtle.hurt_baby",1315
"minecraft:entity.turtle.lay_egg",1316
"minecraft:entity.turtle.shamble",1317
"minecraft:entity.turtle.shamble_baby",1318
"minecraft:entity.turtle.swim",1319
"minecraft:entity.vex.ambient",1329
"minecraft:entity.vex.charge",1330
"minecraft:entity.vex.death",1331
"minecraft:entity.vex.hurt",1332
"minecraft:entity.villager.ambient",1333
"minecraft:entity.villager.celebrate",1334
"minecraft:entity.villager.death",1335
"minecraft:entity.villager.hurt",1336
"minecraft:entity.villager.no",1337
"minecraft:entity.villager.trade",1338
"minecraft:entity.villager.work_armorer",1340
"minecraft:entity.villager.work_butcher",1341
"minecraft:entity.villager.work_cartographer",1342
"minecraft:entity.villager.work_cleric",1343
"minecraft:entity.villager.work_farmer",1344
"minecraft:entity.villager.work_fisherman",1345
"minecraft:entity.villager.work_fletcher",1346
"minecraft:entity.villager.work_leatherworker",1347
"minecraft:entity.villager.work_librarian",1348
"minecraft:entity.villager.work_mason",1349
"minecraft:entity.villager.work_shepherd",1350
"minecraft:entity.villager.work_toolsmith",1351
"minecraft:entity.villager.work_weaponsmith",1352
"minecraft:entity.villager.yes",1339
"minecraft:entity.vindicator.ambient",1353
"minecraft:entity.vindicator.celebrate",1354
"minecraft:entity.vindicator.death",1355
"minecraft:entity.vindicator.hurt",1356
"minecraft:entity.wandering_trader.ambient",1363
"minecraft:entity.wandering_trader.death",1364
"minecraft:entity.wandering_trader.disappeared",1365
"minecraft:entity.wandering_trader.drink_milk",1366
"minecraft:entity.wandering_trader.drink_potion",1367
"minecraft:entity.wandering_trader.hurt",1368
"minecraft:entity.wandering_trader.no",1369
"minecraft:entity.wandering_trader.reappeared",1370
"minecraft:entity.wandering_trader.trade",1371
"minecraft:entity.wandering_trader.yes",1372
"minecraft:entity.warden.agitated",1373
"minecraft:entity.warden.ambient",1374
"minecraft:entity.warden.angry",1375
"minecraft:entity.warden.attack_impact",1376
"minecraft:entity.warden.death",1377
"minecraft:entity.warden.dig",1378
"minecraft:entity.warden.emerge",1379
"minecraft:entity.warden.heartbeat",1380
"minecraft:entity.warden.hurt",1381
"minecraft:entity.warden.listening",1382
"minecraft:entity.warden.listening_angry",1383
"minecraft:entity.warden.nearby_close",1384
"minecraft:entity.warden.nearby_closer",1385
"minecraft:entity.warden.nearby_closest",1386
"minecraft:entity.warden.roar",1387
"minecraft:entity.warden.sniff",1388
"minecraft:entity.warden.sonic_boom",1389
"minecraft:entity.warden.sonic_charge",1390
"minecraft:entity.warden.step",1391
"minecraft:entity.warden.tendril_clicks",1392
"minecraft:entity.witch.ambient",1402
"minecraft:entity.witch.celebrate",1403
"minecraft:entity.witch.death",1404
"minecraft:entity.witch.drink",1405
"minecraft:entity.witch.hurt",1406
"minecraft:entity.witch.throw",1407
"minecraft:entity.wither.ambient",1408
"minecraft:entity.wither.break_block",1409
"minecraft:entity.wither.death",1410
"minecraft:entity.wither.hurt",1411
"minecraft:entity.wither.shoot",1412
"minecraft:entity.wither.spawn",1417
"minecraft:entity.wither_skeleton.ambient",1413
"minecraft:entity.wither_skeleton.death",1414
"minecraft:entity.wither_skeleton.hurt",1415
"minecraft:entity.wither_skeleton.step",1416
"minecraft:entity.wolf.ambient",1418
"minecraft:entity.wolf.death",1419
"minecraft:entity.wolf.growl",1420
"minecraft:entity.wolf.howl",1421
"minecraft:entity.wolf.hurt",1422
"minecraft:entity.wolf.pant",1423
"minecraft:entity.wolf.shake",1424
"minecraft:entity.wolf.step",1425
"minecraft:entity.wolf.whine",1426
"minecraft:entity.zoglin.ambient",1445
"minecraft:entity.zoglin.angry",1446
"minecraft:entity.zoglin.attack",1447
"minecraft:entity.zoglin.death",1448
"minecraft:entity.zoglin.hurt",1449
"minecraft:entity.zoglin.step",1450
"minecraft:entity.zombie.ambient",1451
"minecraft:entity.zombie.attack_iron_door",1453
"minecraft:entity.zombie.attack_wooden_door",1452
"minecraft:entity.zombie.break_wooden_door",1454
"minecraft:entity.zombie.converted_to_drowned",1455
"minecraft:entity.zombie.death",1456
"minecraft:entity.zombie.destroy_egg",1457
"minecraft:entity.zombie.hurt",1461
"minecraft:entity.zombie.infect",1462
"minecraft:entity.zombie.step",1467
"minecraft:entity.zombie_horse.ambient",1458
"minecraft:entity.zombie_horse.death",1459
"minecraft:entity.zombie_horse.hurt",1460
"minecraft:entity.zombie_villager.ambient",1468
"minecraft:entity.zombie_villager.converted",1469
"minecraft:entity.zombie_villager.cure",1470
"minecraft:entity.zombie_villager.death",1471
"minecraft:entity.zombie_villager.hurt",1472
"minecraft:entity.zombie_villager.step",1473
"minecraft:entity.zombified_piglin.ambient",1463
"minecraft:entity.zombified_piglin.angry",1464
"minecraft:entity.zombified_piglin.death",1465
"minecraft:entity.zombified_piglin.hurt",1466
"minecraft:event.raid.horn",1061
"minecraft:intentionally_empty",853
"minecraft:item.armor.equip_chain",54
"minecraft:item.armor.equip_diamond",55
"minecraft:item.armor.equip_elytra",56
"minecraft:item.armor.equip_generic",57
"minecraft:item.armor.equip_gold",58
"minecraft:item.armor.equip_iron",59
"minecraft:item.armor.equip_leather",60
"minecraft:item.armor.equip_netherite",61
"minecraft:item.armor.equip_turtle",62
"minecraft:item.axe.scrape",71
"minecraft:item.axe.strip",70
"minecraft:item.axe.wax_off",72
"minecraft:item.bone_meal.use",159
"minecraft:item.book.page_turn",160
"minecraft:item.book.put",161
"minecraft:item.bottle.empty",163
"minecraft:item.bottle.fill",164
"minecraft:item.bottle.fill_dragonbreath",165
"minecraft:item.brush.brushing.generic",167
"minecraft:item.brush.brushing.gravel",169
"minecraft:item.brush.brushing.gravel.complete",171
"minecraft:item.brush.brushing.sand",168
"minecraft:item.brush.brushing.sand.complete",170
"minecraft:item.bucket.empty",177
"minecraft:item.bucket.empty_axolotl",178
"minecraft:item.bucket.empty_fish",179
"minecraft:item.bucket.empty_lava",180
"minecraft:item.bucket.empty_powder_snow",181
"minecraft:item.bucket.empty_tadpole",182
"minecraft:item.bucket.fill",183
"minecraft:item.bucket.fill_axolotl",184
"minecraft:item.bucket.fill_fish",185
"minecraft:item.bucket.fill_lava",186
"minecraft:item.bucket.fill_powder_snow",187
"minecraft:item.bucket.fill_tadpole",188
"minecraft:item.bundle.drop_contents",189
"minecraft:item.bundle.insert",190
"minecraft:item.bundle.remove_one",191
"minecraft:item.chorus_fruit.teleport",286
"minecraft:item.crop.plant",320
"minecraft:item.crossbow.hit",321
"minecraft:item.crossbow.loading_end",322
"minecraft:item.crossbow.loading_middle",323
"minecraft:item.crossbow.loading_start",324
"minecraft:item.crossbow.quick_charge_1",325
"minecraft:item.crossbow.quick_charge_2",326
"minecraft:item.crossbow.quick_charge_3",327
"minecraft:item.crossbow.shoot",328
"minecraft:item.dye.use",395
"minecraft:item.elytra.flying",405
"minecraft:item.firecharge.use",445
"minecraft:item.flintandsteel.use",460
"minecraft:item.glow_ink_sac.use",539
"minecraft:item.goat_horn.play",558
"minecraft:item.goat_horn.sound.0",626
"minecraft:item.goat_horn.sound.1",627
"minecraft:item.goat_horn.sound.2",628
"minecraft:item.goat_horn.sound.3",629
"minecraft:item.goat_horn.sound.4",630
"minecraft:item.goat_horn.sound.5",631
"minecraft:item.goat_horn.sound.6",632
"minecraft:item.goat_horn.sound.7",633
"minecraft:item.hoe.till",609
"minecraft:item.honey_bottle.drink",625
"minecraft:item.honeycomb.wax_on",624
"minecraft:item.ink_sac.use",665
"minecraft:item.lodestone_compass.lock",719
"minecraft:item.nether_wart.plant",837
"minecraft:item.shield.block",1140
"minecraft:item.shield.break",1141
"minecraft:item.shovel.flatten",1147
"minecraft:item.spyglass.stop_using",1259
"minecraft:item.spyglass.use",1258
"minecraft:item.totem.use",1286
"minecraft:item.trident.hit",1287
"minecraft:item.trident.hit_ground",1288
"minecraft:item.trident.return",1289
"minecraft:item.trident.riptide_1",1290
"minecraft:item.trident.riptide_2",1291
"minecraft:item.trident.riptide_3",1292
"minecraft:item.trident.throw",1293
"minecraft:item.trident.thunder",1294
"minecraft:music.creative",784
"minecraft:music.credits",785
"minecraft:music.dragon",802
"minecraft:music.end",803
"minecraft:music.game",804
"minecraft:music.menu",805
"minecraft:music.nether.basalt_deltas",806
"minecraft:music.nether.crimson_forest",807
"minecraft:music.nether.nether_wastes",818
"minecraft:music.nether.soul_sand_valley",821
"minecraft:music.nether.warped_forest",823
"minecraft:music.overworld.badlands",826
"minecraft:music.overworld.bamboo_jungle",829
"minecraft:music.overworld.cherry_grove",817
"minecraft:music.overworld.deep_dark",808
"minecraft:music.overworld.desert",825
"minecraft:music.overworld.dripstone_caves",809
"minecraft:music.overworld.flower_forest",824
"minecraft:music.overworld.forest",814
"minecraft:music.overworld.frozen_peaks",819
"minecraft:music.overworld.grove",810
"minecraft:music.overworld.jagged_peaks",811
"minecraft:music.overworld.jungle",827
"minecraft:music.overworld.lush_caves",812
"minecraft:music.overworld.meadow",816
"minecraft:music.overworld.old_growth_taiga",815
"minecraft:music.overworld.snowy_slopes",820
"minecraft:music.overworld.sparse_jungle",828
"minecraft:music.overworld.stony_peaks",822
"minecraft:music.overworld.swamp",813
"minecraft:music.under_water",830
"minecraft:music_disc.11",787
"minecraft:music_disc.13",788
"minecraft:music_disc.5",786
"minecraft:music_disc.blocks",789
"minecraft:music_disc.cat",790
"minecraft:music_disc.chirp",791
"minecraft:music_disc.far",792
"minecraft:music_disc.mall",793
"minecraft:music_disc.mellohi",794
"minecraft:music_disc.otherside",800
"minecraft:music_disc.pigstep",795
"minecraft:music_disc.relic",801
"minecraft:music_disc.stal",796
"minecraft:music_disc.strad",797
"minecraft:music_disc.wait",798
"minecraft:music_disc.ward",799
"minecraft:particle.soul_escape",1205
"minecraft:ui.button.click",1320
"minecraft:ui.cartography_table.take_result",1323
"minecraft:ui.loom.select_pattern",1321
"minecraft:ui.loom.take_result",1322
"minecraft:ui.stonecutter.select_recipe",1325
"minecraft:ui.stonecutter.take_result",1324
"minecraft:ui.toast.challenge_complete",1326
"minecraft:ui.toast.in",1327
"minecraft:ui.toast.out",1328
"minecraft:weather.rain",1395
"minecraft:weather.rain.above",1396
"more_rpg_classes:air_explosion",2126
"more_rpg_classes:air_magic_cast1",2122
"more_rpg_classes:air_magic_impact1",2123
"more_rpg_classes:air_magic_impact2",2124
"more_rpg_classes:air_magic_impact3",2125
"more_rpg_classes:arcane_strong_impact",2128
"more_rpg_classes:crippling_strike",2116
"more_rpg_classes:earth_magic_cast1",2121
"more_rpg_classes:earth_magic_impact1",2119
"more_rpg_classes:earth_magic_impact2",2120
"more_rpg_classes:frost_crackle",2127
"more_rpg_classes:frost_crackle_long",2130
"more_rpg_classes:holy_release",2129
"more_rpg_classes:icicle_crash",2114
"more_rpg_classes:slash_impact",2117
"more_rpg_classes:strong_attack",2115
"more_rpg_classes:water_magic_impact1",2118
"naturalist:alligator_ambient",2199
"naturalist:alligator_ambient_baby",2200
"naturalist:alligator_death",2202
"naturalist:alligator_egg_break",2193
"naturalist:alligator_egg_crack",2194
"naturalist:alligator_egg_hatch",2195
"naturalist:alligator_hurt",2201
"naturalist:bass_flop",2204
"naturalist:bear_ambient",2158
"naturalist:bear_ambient_baby",2159
"naturalist:bear_death",2157
"naturalist:bear_eat",2164
"naturalist:bear_hurt",2156
"naturalist:bear_hurt_baby",2160
"naturalist:bear_sleep",2161
"naturalist:bear_sniff",2162
"naturalist:bear_spit",2163
"naturalist:bird_ambient_bluejay",2147
"naturalist:bird_ambient_canary",2148
"naturalist:bird_ambient_cardinal",2150
"naturalist:bird_ambient_finch",2151
"naturalist:bird_ambient_robin",2149
"naturalist:bird_ambient_sparrow",2152
"naturalist:bird_death",2144
"naturalist:bird_eat",2145
"naturalist:bird_fly",2146
"naturalist:bird_hurt",2143
"naturalist:boar_ambient",2190
"naturalist:boar_death",2192
"naturalist:boar_hurt",2191
"naturalist:bucket_empty_snail",2142
"naturalist:bucket_fill_snail",2141
"naturalist:catfish_flop",2203
"naturalist:deer_ambient",2165
"naturalist:deer_ambient_baby",2167
"naturalist:deer_hurt",2166
"naturalist:deer_hurt_baby",2168
"naturalist:dragonfly_loop",2205
"naturalist:duck_ambient",2206
"naturalist:duck_death",2208
"naturalist:duck_hurt",2207
"naturalist:duck_step",2209
"naturalist:elephant_ambient",2176
"naturalist:elephant_hurt",2175
"naturalist:firefly_death",2154
"naturalist:firefly_hide",2155
"naturalist:firefly_hurt",2153
"naturalist:giraffe_ambient",2187
"naturalist:hippo_ambient",2188
"naturalist:hippo_hurt",2189
"naturalist:lion_ambient",2173
"naturalist:lion_hurt",2172
"naturalist:lion_roar",2174
"naturalist:rhino_ambient",2170
"naturalist:rhino_ambient_baby",2171
"naturalist:rhino_scrape",2169
"naturalist:rubber_ducky_ambient",2210
"naturalist:rubber_ducky_death",2212
"naturalist:rubber_ducky_hurt",2211
"naturalist:snail_back",2140
"naturalist:snail_crush",2138
"naturalist:snail_forward",2139
"naturalist:snake_hiss",2135
"naturalist:snake_hurt",2136
"naturalist:snake_rattle",2137
"naturalist:tortoise_death",2134
"naturalist:tortoise_egg_break",2196
"naturalist:tortoise_egg_crack",2197
"naturalist:tortoise_egg_hatch",2198
"naturalist:tortoise_hide",2131
"naturalist:tortoise_hurt",2133
"naturalist:tortoise_thud",2132
"naturalist:vulture_ambient",2184
"naturalist:vulture_death",2186
"naturalist:vulture_hurt",2185
"naturalist:zebra_ambient",2177
"naturalist:zebra_angry",2182
"naturalist:zebra_breathe",2181
"naturalist:zebra_death",2179
"naturalist:zebra_eat",2180
"naturalist:zebra_hurt",2178
"naturalist:zebra_jump",2183
"niftycarts:entity.cart.attach",2213
"niftycarts:entity.cart.detach",2214
"niftycarts:entity.cart.place",2215
"ribbits:entity.ribbit.ambient",2216
"ribbits:entity.ribbit.death",2217
"ribbits:entity.ribbit.hurt",2218
"ribbits:entity.ribbit.magic",2220
"ribbits:entity.ribbit.step",2219
"ribbits:music.ribbit.bass",2221
"ribbits:music.ribbit.bongo",2222
"ribbits:music.ribbit.flute",2223
"ribbits:music.ribbit.guitar",2224
"ribbits:music.ribbit.maraca",2225
"runes:crafting",2226
"simple_copper_pipes:block.copper_pipe.item_in",2227
"simple_copper_pipes:block.copper_pipe.item_out",2228
"simple_copper_pipes:block.copper_pipe.launch",2229
"simple_copper_pipes:block.copper_pipe.turn",2230
"simplyswords:activate_plinth_03",2391
"simplyswords:ambience_wind_loop",2387
"simplyswords:dark_activation_distorted",2392
"simplyswords:dark_sword_attack_01",2240
"simplyswords:dark_sword_attack_02",2241
"simplyswords:dark_sword_attack_03",2242
"simplyswords:dark_sword_attack_with_blood_01",2243
"simplyswords:dark_sword_attack_with_blood_02",2244
"simplyswords:dark_sword_attack_with_blood_03",2245
"simplyswords:dark_sword_block",2246
"simplyswords:dark_sword_breaks",2247
"simplyswords:dark_sword_enchant",2248
"simplyswords:dark_sword_parry",2249
"simplyswords:dark_sword_spell",2250
"simplyswords:dark_sword_unfold",2251
"simplyswords:dark_sword_whoosh_01",2252
"simplyswords:dark_sword_whoosh_02",2253
"simplyswords:dark_sword_whoosh_03",2254
"simplyswords:dark_sword_whoosh_04",2255
"simplyswords:distortion_arc_01",2393
"simplyswords:distortion_arc_02",2394
"simplyswords:distortion_arc_03",2395
"simplyswords:elemental_bow_earth_shoot_flyby_01",2256
"simplyswords:elemental_bow_earth_shoot_flyby_02",2257
"simplyswords:elemental_bow_earth_shoot_flyby_03",2258
"simplyswords:elemental_bow_earth_shoot_impact_01",2259
"simplyswords:elemental_bow_earth_shoot_impact_02",2260
"simplyswords:elemental_bow_earth_shoot_impact_03",2261
"simplyswords:elemental_bow_fire_shoot_flyby_01",2262
"simplyswords:elemental_bow_fire_shoot_flyby_02",2263
"simplyswords:elemental_bow_fire_shoot_flyby_03",2264
"simplyswords:elemental_bow_fire_shoot_impact_01",2265
"simplyswords:elemental_bow_fire_shoot_impact_02",2266
"simplyswords:elemental_bow_fire_shoot_impact_03",2267
"simplyswords:elemental_bow_holy_shoot_flyby_01",2268
"simplyswords:elemental_bow_holy_shoot_flyby_02",2269
"simplyswords:elemental_bow_holy_shoot_flyby_03",2270
"simplyswords:elemental_bow_holy_shoot_impact_01",2271
"simplyswords:elemental_bow_holy_shoot_impact_02",2272
"simplyswords:elemental_bow_holy_shoot_impact_03",2273
"simplyswords:elemental_bow_ice_shoot_flyby_01",2274
"simplyswords:elemental_bow_ice_shoot_flyby_02",2275
"simplyswords:elemental_bow_ice_shoot_flyby_03",2276
"simplyswords:elemental_bow_ice_shoot_impact_01",2277
"simplyswords:elemental_bow_ice_shoot_impact_02",2278
"simplyswords:elemental_bow_ice_shoot_impact_03",2279
"simplyswords:elemental_bow_poison_attack_01",2280
"simplyswords:elemental_bow_poison_attack_02",2281
"simplyswords:elemental_bow_poison_attack_03",2282
"simplyswords:elemental_bow_recharge",2283
"simplyswords:elemental_bow_sci-fi_shoot_flyby_01",2284
"simplyswords:elemental_bow_sci-fi_shoot_flyby_02",2285
"simplyswords:elemental_bow_sci-fi_shoot_flyby_03",2286
"simplyswords:elemental_bow_sci-fi_shoot_impact_01",2287
"simplyswords:elemental_bow_sci-fi_shoot_impact_02",2288
"simplyswords:elemental_bow_sci-fi_shoot_impact_03",2289
"simplyswords:elemental_bow_thunder_shoot_flyby_01",2290
"simplyswords:elemental_bow_thunder_shoot_flyby_02",2291
"simplyswords:elemental_bow_thunder_shoot_flyby_03",2292
"simplyswords:elemental_bow_thunder_shoot_impact_01",2293
"simplyswords:elemental_bow_thunder_shoot_impact_02",2294
"simplyswords:elemental_bow_thunder_shoot_impact_03",2295
"simplyswords:elemental_bow_water_shoot_flyby_01",2296
"simplyswords:elemental_bow_water_shoot_flyby_02",2297
"simplyswords:elemental_bow_water_shoot_flyby_03",2298
"simplyswords:elemental_bow_water_shoot_impact_01",2299
"simplyswords:elemental_bow_water_shoot_impact_02",2300
"simplyswords:elemental_bow_water_shoot_impact_03",2301
"simplyswords:elemental_bow_wind_shoot_flyby_01",2302
"simplyswords:elemental_bow_wind_shoot_flyby_02",2303
"simplyswords:elemental_bow_wind_shoot_flyby_03",2304
"simplyswords:elemental_bow_wind_shoot_impact_01",2305
"simplyswords:elemental_bow_wind_shoot_impact_02",2306
"simplyswords:elemental_bow_wind_shoot_impact_03",2307
"simplyswords:elemental_sword_earth_attack_01",2308
"simplyswords:elemental_sword_earth_attack_02",2309
"simplyswords:elemental_sword_earth_attack_03",2310
"simplyswords:elemental_sword_fire_attack_01",2311
"simplyswords:elemental_sword_fire_attack_02",2312
"simplyswords:elemental_sword_fire_attack_03",2313
"simplyswords:elemental_sword_holy_attack_01",2314
"simplyswords:elemental_sword_holy_attack_02",2315
"simplyswords:elemental_sword_holy_attack_03",2316
"simplyswords:elemental_sword_ice_attack_01",2317
"simplyswords:elemental_sword_ice_attack_02",2318
"simplyswords:elemental_sword_ice_attack_03",2319
"simplyswords:elemental_sword_sci-fi_attack_01",2320
"simplyswords:elemental_sword_sci-fi_attack_02",2321
"simplyswords:elemental_sword_sci-fi_attack_03",2322
"simplyswords:elemental_sword_thunder_attack_01",2323
"simplyswords:elemental_sword_thunder_attack_02",2324
"simplyswords:elemental_sword_thunder_attack_03",2325
"simplyswords:elemental_sword_water_attack_01",2326
"simplyswords:elemental_sword_water_attack_02",2327
"simplyswords:elemental_sword_water_attack_03",2328
"simplyswords:elemental_sword_wind_attack_01",2329
"simplyswords:elemental_sword_wind_attack_02",2330
"simplyswords:elemental_sword_wind_attack_03",2331
"simplyswords:magic_bow_charge_long_version",2332
"simplyswords:magic_bow_charge_short_version",2333
"simplyswords:magic_bow_pull_back_long_version_01",2334
"simplyswords:magic_bow_pull_back_long_version_02",2335
"simplyswords:magic_bow_pull_back_long_version_03",2336
"simplyswords:magic_bow_pull_back_short_version_01",2337
"simplyswords:magic_bow_pull_back_short_version_02",2338
"simplyswords:magic_bow_pull_back_short_version_03",2339
"simplyswords:magic_bow_shoot_flyby_01",2340
"simplyswords:magic_bow_shoot_flyby_02",2341
"simplyswords:magic_bow_shoot_flyby_03",2342
"simplyswords:magic_bow_shoot_impact_01",2343
"simplyswords:magic_bow_shoot_impact_02",2344
"simplyswords:magic_bow_shoot_impact_03",2345
"simplyswords:magic_bow_shoot_miss_01",2346
"simplyswords:magic_bow_shoot_miss_02",2347
"simplyswords:magic_bow_shoot_miss_03",2348
"simplyswords:magic_shamanic_nordic_02",2382
"simplyswords:magic_shamanic_nordic_21",2383
"simplyswords:magic_shamanic_nordic_22",2384
"simplyswords:magic_shamanic_nordic_23",2385
"simplyswords:magic_shamanic_nordic_27",2386
"simplyswords:magic_shamanic_voice_04",2378
"simplyswords:magic_shamanic_voice_12",2379
"simplyswords:magic_shamanic_voice_15",2380
"simplyswords:magic_shamanic_voice_20",2381
"simplyswords:magic_sword_attack_01",2349
"simplyswords:magic_sword_attack_02",2350
"simplyswords:magic_sword_attack_03",2351
"simplyswords:magic_sword_attack_04",2352
"simplyswords:magic_sword_attack_with_blood_01",2353
"simplyswords:magic_sword_attack_with_blood_02",2354
"simplyswords:magic_sword_attack_with_blood_03",2355
"simplyswords:magic_sword_attack_with_blood_04",2356
"simplyswords:magic_sword_block_01",2357
"simplyswords:magic_sword_block_02",2358
"simplyswords:magic_sword_breaks",2359
"simplyswords:magic_sword_parry_01",2360
"simplyswords:magic_sword_parry_02",2361
"simplyswords:magic_sword_parry_03",2362
"simplyswords:magic_sword_parry_04",2363
"simplyswords:magic_sword_parry_various_hits",2364
"simplyswords:magic_sword_spell_01",2365
"simplyswords:magic_sword_spell_02",2366
"simplyswords:magic_sword_spell_03",2367
"simplyswords:magic_sword_whoosh_01",2368
"simplyswords:magic_sword_whoosh_02",2369
"simplyswords:magic_sword_whoosh_03",2370
"simplyswords:magic_sword_whoosh_04",2371
"simplyswords:magic_sword_whoosh_05",2372
"simplyswords:magic_sword_whoosh_06",2373
"simplyswords:magic_sword_whoosh_07",2374
"simplyswords:object_impact_thud",2389
"simplyswords:object_impact_thud_repeat",2390
"simplyswords:slash_01",2376
"simplyswords:spell_fire",2375
"simplyswords:spell_misc_02",2377
"simplyswords:stone_slide_loop_03",2388
"simplyswords:swing_normal",2233
"simplyswords:swing_omen_one",2238
"simplyswords:swing_omen_two",2239
"simplyswords:swing_scifi",2232
"simplyswords:swing_small",2231
"simplyswords:swing_woosh",2234
"simplyswords:throw_mjolnir",2235
"simplyswords:throw_mjolnir_long",2237
"simplyswords:throw_mjolnir_short",2236
"smallships:cannon_shot",2398
"smallships:sail_move",2396
"smallships:sail_pull",2397
"smallships:ship_hit",2399
"spell_engine:bind_spell",2416
"spell_engine:generic_arcane_casting",2400
"spell_engine:generic_arcane_release",2401
"spell_engine:generic_fire_casting",2402
"spell_engine:generic_fire_release",2403
"spell_engine:generic_frost_casting",2404
"spell_engine:generic_frost_impact",2406
"spell_engine:generic_frost_release",2405
"spell_engine:generic_healing_casting",2407
"spell_engine:generic_healing_impact_1",2409
"spell_engine:generic_healing_impact_2",2410
"spell_engine:generic_healing_release",2408
"spell_engine:generic_lightning_casting",2411
"spell_engine:generic_lightning_release",2412
"spell_engine:generic_soul_casting",2413
"spell_engine:generic_soul_release",2414
"spell_engine:generic_wind_charging",2415
"spell_engine:spellbook_equip",1674
"supplementaries:block.awning.bounce",2539
"supplementaries:block.bellows.blow",2574
"supplementaries:block.bellows.retract",2575
"supplementaries:block.blackboard.draw",2528
"supplementaries:block.bubble_block.break",2556
"supplementaries:block.bubble_block.place",2557
"supplementaries:block.cannon.fire",2559
"supplementaries:block.cannon.ignite",2560
"supplementaries:block.clock.tick_1",2519
"supplementaries:block.clock.tick_2",2520
"supplementaries:block.crank",2525
"supplementaries:block.faucet.turn",2577
"supplementaries:block.globe.spin",2576
"supplementaries:block.gunpowder.ignite",2524
"supplementaries:block.jar.break",2572
"supplementaries:block.jar.cookie",2573
"supplementaries:block.jar.place",2571
"supplementaries:block.note_block.imitate.enderman",2583
"supplementaries:block.present.break",2540
"supplementaries:block.present.fall",2544
"supplementaries:block.present.hit",2543
"supplementaries:block.present.open",2545
"supplementaries:block.present.pack",2546
"supplementaries:block.present.place",2541
"supplementaries:block.present.step",2542
"supplementaries:block.rope.break",2550
"supplementaries:block.rope.fall",2554
"supplementaries:block.rope.hit",2553
"supplementaries:block.rope.place",2551
"supplementaries:block.rope.slide",2555
"supplementaries:block.rope.step",2552
"supplementaries:block.rotate",2527
"supplementaries:block.sack.break",2547
"supplementaries:block.sack.open",2549
"supplementaries:block.sack.place",2548
"supplementaries:block.slidy_block.break",2563
"supplementaries:block.slidy_block.fall",2565
"supplementaries:block.slidy_block.hit",2564
"supplementaries:block.slidy_block.place",2562
"supplementaries:block.slidy_block.slide",2567
"supplementaries:block.slidy_block.step",2566
"supplementaries:block.turntable.cat",2518
"supplementaries:entity.brick.throw",2537
"supplementaries:entity.cannonball.bounce",2533
"supplementaries:entity.cannonball.break",2532
"supplementaries:entity.slimeball.bounce",2535
"supplementaries:entity.slimeball.throw",2536
"supplementaries:entity.slimed",2534
"supplementaries:item.aeugh",2526
"supplementaries:item.bomb",2521
"supplementaries:item.bubble_blower",2558
"supplementaries:item.confetti_popper",2561
"supplementaries:item.lunch_basket.close",2569
"supplementaries:item.lunch_basket.insert",2570
"supplementaries:item.lunch_basket.open",2568
"supplementaries:item.slingshot.charge_0",2578
"supplementaries:item.slingshot.charge_1",2579
"supplementaries:item.slingshot.charge_2",2580
"supplementaries:item.slingshot.charge_3",2581
"supplementaries:item.slingshot.release",2582
"supplementaries:item.soap.wash",2538
"supplementaries:item.wrench.fail",2531
"supplementaries:item.wrench.hit",2530
"supplementaries:item.wrench.rotate",2529
"supplementaries:music.heave_ho",2523
"supplementaries:music.pancake",2522
"treechop:chop_wood",2417
"untitledduckmod:duck_ambient",2418
"untitledduckmod:duck_death",2424
"untitledduckmod:duck_hurt",2422
"untitledduckmod:duck_lay_egg",2420
"untitledduckmod:duck_sack_use",2426
"untitledduckmod:duck_step",2421
"untitledduckmod:duckling_ambient",2419
"untitledduckmod:duckling_death",2425
"untitledduckmod:duckling_hurt",2423
"untitledduckmod:goose_death",2429
"untitledduckmod:goose_honk",2427
"untitledduckmod:goose_lay_egg",2428
"untitledduckmod:gosling_ambient",2431
"untitledduckmod:gosling_death",2430
"untitledduckmod:gosling_hurt",2432
"vc_gliders:glider_open",2433
"vc_gliders:incoming_lightning",2436
"vc_gliders:space_deploy",2435
"vc_gliders:space_glide",2434
"vinery:block.grapevine_pot.squeeze",2437
"vinery:cabinet_close",2439
"vinery:cabinet_open",2438
"vinery:drawer_close",2441
"vinery:drawer_open",2440
"wildernature:bison_ambient",2454
"wildernature:bison_angry",2457
"wildernature:bison_death",2458
"wildernature:bison_horn",2456
"wildernature:bison_hurt",2455
"wildernature:blunderbuss_load",2488
"wildernature:blunderbuss_shoot",2487
"wildernature:boar_ambient",2465
"wildernature:boar_death",2467
"wildernature:boar_hurt",2466
"wildernature:cassowary_ambient",2481
"wildernature:cassowary_death",2483
"wildernature:cassowary_hurt",2482
"wildernature:deer_ambient",2442
"wildernature:deer_death",2444
"wildernature:deer_hurt",2443
"wildernature:dog_ambient",2484
"wildernature:dog_death",2486
"wildernature:dog_hurt",2485
"wildernature:flamingo_ambient",2472
"wildernature:flamingo_death",2474
"wildernature:flamingo_hurt",2473
"wildernature:hedgehog_ambient",2475
"wildernature:hedgehog_death",2477
"wildernature:hedgehog_hurt",2476
"wildernature:owl_ambient",2451
"wildernature:owl_death",2453
"wildernature:owl_hurt",2452
"wildernature:pelican_ambient",2459
"wildernature:pelican_death",2461
"wildernature:pelican_hurt",2460
"wildernature:penguin_ambient",2478
"wildernature:penguin_death",2480
"wildernature:penguin_hurt",2479
"wildernature:raccoon_ambient",2445
"wildernature:raccoon_death",2447
"wildernature:raccoon_hurt",2446
"wildernature:red_wolf_aggro",2471
"wildernature:red_wolf_ambient",2468
"wildernature:red_wolf_death",2470
"wildernature:red_wolf_hurt",2469
"wildernature:squirrel_ambient",2448
"wildernature:squirrel_death",2450
"wildernature:squirrel_hurt",2449
"wildernature:turkey_ambient",2462
"wildernature:turkey_death",2464
"wildernature:turkey_hurt",2463
"wizards:arcane_beam_casting",2494
"wizards:arcane_beam_impact",2495
"wizards:arcane_beam_release",2496
"wizards:arcane_beam_start",2493
"wizards:arcane_blast_impact",2492
"wizards:arcane_blast_release",2491
"wizards:arcane_missile_impact",2490
"wizards:arcane_missile_release",2489
"wizards:fire_breath_casting",2500
"wizards:fire_breath_impact",2502
"wizards:fire_breath_release",2501
"wizards:fire_breath_start",2499
"wizards:fire_meteor_impact",2504
"wizards:fire_meteor_release",2503
"wizards:fire_scorch_impact",2497
"wizards:fire_wall_ignite",2505
"wizards:fireball_impact",2498
"wizards:frost_blizzard_casting",2511
"wizards:frost_nova_damage_impact",2508
"wizards:frost_nova_effect_impact",2509
"wizards:frost_nova_release",2507
"wizards:frost_shard_impact",2506
"wizards:frost_shield_impact",2512
"wizards:frost_shield_release",2510
"wizards:wizard_robes_equip",2513
